``/N We/V 're/V strongly/J recommending/N that/W anyone/V who/R has/V eaten/N in/I the/D cafeteria/N this/D month/N have/I the/D shot/N ,/, ''/' Mr./N _OOV_/N added/N ,/, ``/N and/C that/I means/R virtually/V everyone/V who/P works/N here/N ./.
I/P was/V appalled/V to/T read/V the/D _OOV_/N of/I facts/N in/I your/P Oct./N 13/N editorial/N ``/N _OOV_/N 's/P _OOV_/N _OOV_/N ./. ''/'
It/P is/V the/D _OOV_/J guerrillas/N who/W are/V aligned/D with/I the/D drug/N traffickers/N ,/, not/I the/D left/J wing/N ./.
This/D information/N was/V gleaned/V from/I your/P own/J news/N stories/N on/I the/D region/N ./.
Past/N _OOV_/N government/N tolerance/N of/I the/D ``/N _OOV_/N ''/' was/V due/V to/T the/D drug/N lords/V '/P history/N of/I wiping/C out/M leftists/V in/I the/D hinterlands/N ./.
Mary/N _OOV_/N Palo/N Alto/N ,/, Calif/N ./.
I/P suggest/V that/I The/J Wall/N Street/N Journal/N -LRB-/N as/R well/R as/I other/J U.S./N news/N publications/N of/I like/J mind/N -RRB-/N should/M put/V its/P money/N where/W its/P mouth/J is/N :/: _OOV_/N computer/N equipment/N to/T replace/V that/W damaged/V at/I El/N _OOV_/N ,/, buy/V ad/J space/N ,/, publish/N stories/V under/I the/D _OOV_/N of/I El/N _OOV_/N journalists/N ./.
Perhaps/P an/D arrangement/N could/M be/V worked/N out/V to/T ``/C sponsor/N ''/' El/N _OOV_/N journalists/N and/C staff/N by/I paying/N for/I added/J security/N in/I exchange/N for/I exclusive/N stories/N ./.
_OOV_/N El/N _OOV_/N 's/P courage/V with/I real/J support/N ./.
Douglas/N B./N Evans/N
_OOV_/N Co/N ./. -LRB-/N Atlanta/N -RRB-/N --/: _OOV_/N _OOV_/N and/C George/N _OOV_/N were/V elected/J vice/N presidents/N of/I this/D _OOV_/J company/N ./.
Mr./N _OOV_/N ,/, 46/N years/V old/R ,/, is/V the/D company/N 's/P director/N of/I quality/J assurance/N ;/: most/R recently/R ,/, he/P served/N as/I vice/N president/N ,/, operations/N ,/, for/I Coca-Cola/N _OOV_/N ./.
Mr./N _OOV_/N ,/, 48/N ,/, is/V manager/N for/I corporate/J manufacturing/N operations/N ;/: he/P was/V assistant/$ vice/N president/N at/I the/D company/N ./.
In/I the/D wake/N of/I a/D slide/N in/I sterling/N ,/, a/D tailspin/N in/I the/D stock/N market/N ,/, and/C a/D string/N of/I problematic/J economic/J indicators/N ,/, British/N Chancellor/N of/I the/D _OOV_/N Nigel/N _OOV_/N promised/V gradual/J improvement/N in/I the/D U.K./J economy/N ./.
In/I a/D speech/J prepared/N for/I delivery/N to/T London/N 's/P financial/N community/N ,/, Mr./N _OOV_/N summed/V up/R current/V economic/J policy/N as/I a/D battle/N to/T _OOV_/C inflation/N out/V of/I the/D British/J economy/N ,/, using/J high/J interest/N rates/N as/I ``/` the/D essential/N instrument/J ''/' to/T carry/V out/I the/D campaign/N ./.
Two/N weeks/V after/I boosting/N base/V rates/N to/T 15/C %/N ,/, he/P pledged/V that/I ``/J rates/N will/M have/V to/T remain/V high/N for/I some/D time/N to/T come/V ./. ''/'
Mr./N _OOV_/N also/V made/I it/P clear/V that/I he/P would/M be/V watching/J exchange/N rates/N carefully/N ./.
A/D sinking/N pound/N makes/W imports/J more/J expensive/N and/C increases/J businesses/N '/P expectations/N of/I future/J inflation/N ,/, he/P argued/N ./.
In/I an/D apparent/J warning/N to/T currency/N traders/N who/W have/V lately/V been/V selling/V the/D British/J currency/N ,/, he/P stated/V that/I the/D exchange/N rates/N will/M have/V a/D ``/J major/J role/N in/I the/D assessment/N of/I monetary/N conditions/N ./. ''/'
In/I reaffirming/V the/D current/J monetary/N policy/N of/I using/J high/J interest/N rates/N to/T fight/V inflation/N and/C shore/N up/I the/D pound/N ,/, Mr./N _OOV_/N dismissed/V other/J approaches/N to/T managing/V the/D economy/N ./.
He/P said/V he/P monitors/V the/D _OOV_/J figures/N ,/, but/W does/V n't/R give/V them/P paramount/V importance/R ,/, as/I some/D private/N and/C government/N economists/N have/I suggested/N ./.
Mr./N _OOV_/N also/R dismissed/V the/D possibility/N of/I imposing/V direct/J credit/N controls/N on/I Britain/N 's/P financial/N system/N ./.
Mr./N _OOV_/N 's/P speech/N ,/, delivered/N at/I the/D Lord/N Mayor/N of/I London/N 's/P annual/N dinner/N at/I _OOV_/C House/N ,/, came/V on/I the/D heels/N of/I a/D grueling/N period/V for/I the/D U.K./J economy/N ./.
Two/N weeks/V ago/R ,/, in/I a/D campaign/N to/T blunt/V inflation/N at/I home/N and/C arrest/V a/D world-wide/N plunge/V in/I the/D pound/N ,/, he/P raised/V base/J rates/N a/D full/J percentage/N point/V to/T 15/C %/N ./.
Despite/I the/D increase/N ,/, the/D British/J currency/N slid/N below/V a/D perceived/J threshold/N of/I three/C marks/N early/I last/J week/N ./.
It/P was/V quoted/V at/I _OOV_/C marks/N in/I late/J New/N York/N trading/N Wednesday/N ./.
_OOV_/` up/R to/T the/D speech/N was/V a/D _OOV_/N of/I economic/J statistics/N suggesting/N that/I the/D British/N war/V on/I inflation/N will/M be/V more/R bruising/V than/R previously/V assumed/V ./.
_OOV_/N in/I September/N dropped/V to/T _OOV_/C ,/, the/D lowest/J level/N since/I 1980/N ./.
While/I lower/J _OOV_/N is/V generally/D good/J news/N ,/, the/D hefty/N drop/V last/J month/N indicates/V that/I the/D economy/N is/V n't/R slowing/V down/I as/R much/V as/R hoped/V --/: despite/V a/D doubling/N of/I interest/J rates/N over/I the/D last/J 16/N months/N ./.
Meanwhile/N ,/, average/J earnings/N in/I Britain/N were/V up/R 8.75/C %/N in/I August/V over/I the/D previous/J year/N ./.
Another/J inflationary/N sign/V came/N in/I a/D surge/N in/I _OOV_/C lending/N to/T a/D record/J #/# _OOV_/C billion/C -LRB-/C $/$ _OOV_/C billion/C -RRB-/C last/J month/N ,/, a/D much/J higher/J level/N than/I economists/N had/V predicted/N ./.
In/I a/D separate/N speech/V prepared/N for/I delivery/N at/I the/D dinner/N ,/, Robin/N _OOV_/N ,/, Bank/N of/I England/C governor/N ,/, conceded/I that/D ``/J demand/N pressures/N were/V even/R more/R buoyant/V than/R had/V been/V appreciated/R ''/' when/I the/D British/J economy/N was/V heating/V up/I last/J year/N ./.
He/P added/V that/I ``/N there/I 's/P no/D _OOV_/N solution/N ''/' to/T the/D economic/J woes/N ,/, and/C said/V ``/N tight/P monetary/N policy/N is/V the/D right/J approach/N ./. ''/'
_OOV_/` the/D recent/J slide/N in/I stock/J prices/N ,/, the/D central/J bank/N governor/N stated/V that/I ``/C the/D markets/N now/I appear/N to/T have/V _OOV_/N ''/' after/V the/D ``/N nasty/N jolt/N ''/' of/I the/D _OOV_/J plunge/N in/I the/D Dow/N Jones/N Industrial/N Average/C a/D week/N ago/I ./.
Although/I the/D New/N York/N market/N plunge/V prompted/V a/D _OOV_/N drop/P in/I the/D London/N Financial/N Times-Stock/N Exchange/N 100/N Share/N Index/N ,/, Mr./N _OOV_/N declared/V ``/C that/I the/D experience/N owed/V nothing/V to/T the/D particular/J problems/N of/I the/D British/J economy/N ./. ''/'
Specifically/R ,/, he/P pointed/R out/V that/V compared/R with/I the/D U.S./J market/N ,/, the/D U.K./N has/V far/R fewer/I highly/N leveraged/V junk-bond/N _OOV_/N ./.
_OOV_/N future/I monetary/N arrangements/N ,/, Mr./N _OOV_/N repeated/I the/D Thatcher/J government/N 's/P commitment/N to/T join/V the/D exchange/N rate/N mechanism/N of/I the/D European/N _OOV_/N System/N ,/, but/W he/P did/V n't/R indicate/V when/P ./.
C./N Olivetti/N &/C Co./N ,/, claiming/V it/P has/V won/V the/D race/N in/I Europe/C to/T introduce/V computers/J based/N on/I a/D powerful/J new/J microprocessor/N chip/N ,/, unveiled/V its/P _OOV_/N computer/N yesterday/N ./.
The/D product/N is/V the/D first/N from/I a/D European/J company/N based/V on/I Intel/N Corp./N 's/P new/J _OOV_/N _OOV_/N microprocessor/N ,/, which/W works/V several/I times/J faster/N than/I previously/V available/J chips/N ./.
Hewlett-Packard/N Co./N became/V the/D first/J company/N world-wide/C to/T announce/V a/D product/N based/V on/I the/D chip/N earlier/W this/D month/N ,/, but/I it/P wo/V n't/R start/R shipping/R the/D computers/N until/V early/J next/J year/N ./.
An/D Olivetti/N spokesman/N said/V the/D company/N 's/P factories/N are/V already/P beginning/V to/T produce/V the/D machine/N ,/, and/C that/I it/P should/M be/V available/N in/I Europe/C by/I December/N ./.
``/N What/V this/D means/R is/V that/I _OOV_/N will/M have/V these/D machines/N in/I their/P offices/N before/I Americans/N do/V ,/, ''/' the/D spokesman/N said/V ./.
The/D new/J chip/N ``/N is/V a/D very/N big/V step/D in/I computing/N ,/, and/C it/P is/V important/V that/I Olivetti/N be/V one/C of/I the/D first/N out/V on/I the/D market/N with/I this/D product/N ,/, ''/' said/V _OOV_/N _OOV_/N Davis/N ,/, an/D analyst/N at/I James/N _OOV_/N &/C Co./N in/I London/N ./.
Executives/N at/I Olivetti/N ,/, whose/I earnings/N have/I been/V steadily/N sliding/V over/I the/D past/J couple/N of/I years/N ,/, have/V acknowledged/V that/D in/I the/D past/I they/P have/V lagged/V at/I getting/P new/J technology/N to/T market/N ./.
Ms./N Davis/N said/V the/D new/J machines/N could/M steal/V some/D sales/N away/V from/I Olivetti/N 's/P own/J minicomputers/N ,/, but/W would/M bring/V new/J sales/N among/V professionals/J such/N as/I engineers/N ,/, _OOV_/N and/C medical/J doctors/N ./.
Although/I Olivetti/N 's/P profits/N tumbled/N 40/N %/N in/I the/D first/J half/N of/I this/D year/N ,/, she/P believes/V Olivetti/N 's/P restructuring/N last/V fall/I and/C its/P introduction/N of/I new/J products/N will/M begin/V to/T bear/V fruit/N with/I an/D earnings/N rebound/V next/J year/N ,/, especially/R if/I it/P can/V fulfill/I its/P promise/V to/T deliver/V the/D new/J machines/N by/I December/N ./.
``/N We/V think/V the/D worst/N is/V over/I ''/' in/I the/D European/N _OOV_/N market/N ,/, she/P said/V ./.
Depending/N on/I the/D type/N of/I software/N and/C peripherals/J used/N ,/, the/D machines/N can/M serve/V either/R as/I the/D main/J computer/N in/I a/D network/N of/I many/J terminals/N -LRB-/C a/D role/N usually/V filled/J by/I a/D minicomputer/N -RRB-/N ,/, as/I a/D technical/N workstation/N or/C as/I a/D very/J fast/J personal/N computer/N ./.
``/N It/P 's/V the/D missing/J link/N ''/' in/I Olivetti/N 's/P product/N line/N between/I small/J personal/N computers/N and/C _OOV_/N minicomputers/N ,/, the/D Olivetti/J spokesman/N said/V ./.
He/P added/V that/I Olivetti/N will/M continue/V making/V its/P _OOV_/N minicomputer/N line/N ./.
The/D machines/N will/M cost/N around/I $/$ _OOV_/C on/I average/N in/I Europe/N ./.
The/D Intel/N _OOV_/N chip/N can/M process/V 15/C million/C instructions/N per/I second/N ,/, or/C _OOV_/N ,/, while/I Intel/N 's/P previous/V _OOV_/C chip/N could/M handle/V only/I 3/C to/T 6/N _OOV_/N ./.
Olivetti/N also/V plans/N to/T sell/V the/D _OOV_/N computer/N in/I the/D U.S./J starting/J next/N year/N through/I Olivetti/N USA/N and/C through/I its/P _OOV_/N unit/N ,/, which/W specializes/V in/I automating/N _OOV_/N networks/N ./.
_OOV_/N Inc./N said/V it/P received/V approval/N from/I the/D French/N government/N for/I its/P proposed/N $/$ _OOV_/C million/C acquisition/N of/I _OOV_/N _OOV_/N ./.
The/D approval/N satisfies/N the/D remaining/J conditions/N of/I the/D purchase/N ,/, which/W is/V expected/V to/T close/V within/V two/C weeks/N ./.
_OOV_/N ,/, the/D second-largest/N maker/N of/I food/J cans/N in/I France/N ,/, had/I 1988/J sales/N of/I $/$ 150/C million/C ./.
_OOV_/N has/V _OOV_/J workers/N at/I four/C canning/J manufacturing/N plants/N and/C one/C plastic/N container/N facility/N ./.
_OOV_/` makes/D flexible/J packaging/N films/N and/C machinery/N ,/, and/C materials/N for/I the/D food/N and/C pharmaceutical/N industries/N ./.
Social/N Security/N benefits/N will/M rise/V _OOV_/C %/N next/V year/N to/T keep/M pace/V with/I inflation/N ,/, boosting/V the/D average/J monthly/C benefit/N to/T $/$ _OOV_/C from/I $/$ _OOV_/C ,/, the/D Department/N of/I Health/N and/C Human/N Services/N announced/N ./.
The/D higher/J payments/N will/M start/R with/I Social/N Security/N checks/N received/V on/I Jan./N 3/N ,/, 1990/N ./.
_OOV_/N Security/N Income/N payments/V to/T the/D disabled/N also/R will/M rise/V _OOV_/C %/N ,/, starting/V with/I checks/N received/V on/I Dec./N 29/N ,/, 1988/N ,/, increasing/V the/D maximum/J _OOV_/C payment/N to/T $/$ _OOV_/C from/I $/$ _OOV_/C a/D month/N ./.
The/D inflation/N adjustment/N also/V means/R that/I the/D maximum/J annual/J level/N of/I earnings/N subject/N to/T the/D wage/N tax/N that/W generates/V revenue/N for/I the/D Social/N Security/N trust/N fund/N will/M rise/V to/T $/$ _OOV_/C in/I 1990/C from/I $/$ _OOV_/C this/D year/N ./.
As/I mandated/N by/I law/N ,/, the/D tax/N rate/N will/M rise/V to/T _OOV_/C %/N in/I 1990/C from/I _OOV_/C %/N and/C wo/V n't/R rise/V any/D further/N in/I the/D future/N ./.
This/D means/N that/I the/D maximum/N yearly/I Social/N Security/N tax/N paid/V by/I workers/N and/C employers/N each/N will/M rise/V $/$ _OOV_/C next/J year/N to/T $/$ _OOV_/C ./.
_OOV_/N aged/V 65/C through/I 69/N will/M be/V able/T to/T earn/V $/$ _OOV_/C without/T losing/V any/D Social/N Security/N benefits/N in/I 1990/N ,/, up/R from/I $/$ _OOV_/C this/D year/N ./.
The/D exempt/N amount/V for/I beneficiaries/N under/I 65/N will/M rise/V to/T $/$ _OOV_/C from/I $/$ _OOV_/C ./.
The/D adjustments/N reflect/V the/D increase/N in/I the/D consumer/N price/N index/N for/I urban/J wage/N earners/N and/C clerical/J workers/N from/I the/D third/J quarter/N of/I last/J year/N to/T the/D third/J quarter/N of/I this/D year/N ./.
_OOV_/N companies/N should/M get/V healthier/V in/I the/D third/J quarter/N ./.
_OOV_/J houses/N are/V expected/V to/T report/V earnings/N increases/N of/I about/R 15/C %/N on/I average/N for/I the/D third/J quarter/N ,/, despite/V sales/J increases/N of/I less/R than/I 10/C %/N ,/, analysts/N say/V ./.
To/N offset/V sluggish/J sales/N growth/N ,/, companies/N have/V been/V cutting/J staff/N ,/, mostly/R through/I attrition/N ,/, and/C slowing/V the/D growth/N in/I research/N and/C development/J spending/N ./.
Sales/N growth/N in/I the/D quarter/N was/V slowed/N by/I mounting/N pressure/V from/I groups/N of/I buyers/N ,/, such/N as/I hospitals/N ,/, to/T hold/V down/I prices/N ./.
_OOV_/N were/V also/R hurt/V by/I the/D stronger/J U.S./N dollar/N ,/, which/W makes/D sales/N abroad/V more/J difficult/N ./.
In/I some/D cases/N ,/, competition/N has/V squeezed/V margins/I ./.
_OOV_/N ,/, _OOV_/N &/C Co./N ,/, for/I example/N ,/, faces/V stiff/J competition/N from/I a/D Japanese/J supplier/N in/I the/D important/J syringe/N market/N ./.
The/D Franklin/N Lakes/N ,/, N.J./N ,/, company/N is/V expected/V to/T report/V sales/J growth/N of/I only/R 5/C %/N to/T 6/C %/N ,/, but/W should/M still/R maintain/V earnings/N growth/N of/I 10/C %/N ,/, says/V _OOV_/N E./N _OOV_/N ,/, an/D analyst/N with/I Duff/N &/C Phelps/N Inc/N ./.
Among/I the/D first/N of/I the/D group/N to/T post/V results/N ,/, Abbott/N Laboratories/N said/V third-quarter/J net/N income/N jumped/V 14/C %/N to/T $/$ _OOV_/C million/C ,/, or/C 88/N cents/N a/D share/N ,/, from/I $/$ _OOV_/C million/C ,/, or/C _OOV_/N cents/N a/D share/N ,/, a/D year/N earlier/R ./.
Sales/N for/I the/D company/N ,/, based/N in/I Abbott/C Park/N ,/, Ill./N ,/, rose/V _OOV_/C %/N to/T $/$ 1.31/C billion/C from/I $/$ _OOV_/C billion/C ./.
_OOV_/N International/N Inc./N yesterday/N reported/N net/N climbed/I 20/C %/N in/I the/D third/J period/N to/T $/$ 102/C million/C ,/, or/C 34/N cents/N a/D share/N ,/, from/I $/$ 85/C million/C ,/, or/C 28/N cents/N a/D share/N ,/, a/D year/N earlier/R ./.
Sales/N for/I the/D _OOV_/N ,/, Ill./N ,/, company/N rose/V 5.8/C %/N to/T $/$ _OOV_/C billion/C from/I $/$ 1.71/C billion/C ./.
But/C not/V every/J company/N expects/V to/T report/V increased/J earnings/N ./.
C.R./N Bard/N Inc./N yesterday/N said/V third-quarter/J net/N plunged/V 51/C %/N to/T $/$ _OOV_/C million/C ,/, or/C 18/N cents/N a/D share/N ,/, from/I $/$ 20/C million/C ,/, or/C 35/N cents/N a/D share/N ,/, a/D year/N earlier/R ./.
Sales/N fell/V 1.2/C %/N to/T $/$ _OOV_/C million/C from/I $/$ _OOV_/C million/C ./.
The/D Murray/N Hill/N ,/, N.J./N ,/, company/N said/V full-year/J earnings/N may/M be/V off/V 33/C cents/N a/D share/N because/I the/D company/N removed/V a/D catheter/N from/I the/D market/N ./.
In/I 1988/N ,/, the/D company/N earned/V $/$ _OOV_/C a/D share/N ./.
The/D Food/N and/C Drug/N Administration/N had/V raised/V questions/N about/I the/D device/N 's/P design/N ./.
Some/D analysts/N add/V that/D _OOV_/J pressures/N to/T reduce/V health/J costs/N will/M continue/V to/T _OOV_/C companies/N '/P bottom/N lines/N ./.
Takeover/J speculation/N ,/, which/W has/V been/V _OOV_/J stocks/N of/I supply/N houses/N ,/, may/M also/V ease/N ,/, says/V Peter/N _OOV_/N ,/, an/D analyst/N with/I Drexel/N Burnham/N Lambert/N Inc/N ./.
``/N As/N that/I _OOV_/N ,/, you/R 're/V going/V to/T see/V the/D stocks/J probably/N wane/V as/R well/R ,/, ''/' he/P says/V ./.
_OOV_/N companies/N ,/, meanwhile/V ,/, are/V reporting/N improved/N earnings/N ./.
_OOV_/N by/I strong/J performances/N by/I its/P psychiatric/J hospitals/N ,/, National/N Medical/: _OOV_/N Inc./N ,/, Los/N Angeles/N ,/, reported/V net/J income/N of/I $/$ 50/C million/C ,/, or/C 65/N cents/N a/D share/N ,/, for/I the/D first/J quarter/N ended/V Aug./N 31/N ,/, up/R from/I $/$ 41/C million/C ,/, or/C 56/N cents/N a/D share/N ,/, a/D year/N earlier/R ./.
_OOV_/N Inc./N ,/, Louisville/N ,/, Ky./N ,/, also/R reported/V favorable/N results/N ,/, with/I net/J income/N of/I $/$ 66.7/C million/C ,/, or/C 66/C cents/N ,/, in/I the/D fourth/J quarter/N ended/V Aug./N 31/N ,/, up/R from/I $/$ _OOV_/C million/C ,/, or/C 59/C cents/N ,/, a/D year/N earlier/R ./.
Analysts/N say/V the/D handful/N of/I hospital/N companies/N that/W are/V still/R publicly/V traded/N are/V benefiting/V from/I several/J trends/N ./.
Most/I important/N ,/, hospital/N admission/N rates/N are/V stabilizing/R after/V several/J years/N of/I decline/N ./.
Moreover/N ,/, companies/N have/V sold/V off/P many/N of/I their/P smaller/N ,/, less-profitable/N hospitals/N and/C have/I completed/N painful/V _OOV_/N ./.
_OOV_/N 's/P revenues/N ,/, for/I example/N ,/, are/V being/I boosted/N by/I large/J increases/N in/I enrollments/N in/I the/D company/N 's/P health/J maintenance/N organizations/N ./.
_OOV_/N _OOV_/N _OOV_/N ,/, an/D analyst/N with/I _OOV_/N _OOV_/N _OOV_/N :/: ``/` The/D shakeout/N in/I the/D publicly/N traded/N companies/N is/V over/I ./.
Initial/J claims/N for/I regular/J state/N unemployment/N benefits/N rose/V to/T a/D seasonally/N adjusted/V _OOV_/C during/I the/D week/N ended/I Oct./N 7/N from/I _OOV_/C the/D previous/J week/N ,/, the/D Labor/N Department/N said/V ./.
The/D number/N of/I people/J receiving/N regular/J state/N benefits/N in/I the/D week/N ended/I Sept./N 30/N decreased/V to/T a/D seasonally/N adjusted/V _OOV_/C ,/, or/C 2.2/C %/N of/I those/D covered/J by/I unemployment/N insurance/N ,/, from/I _OOV_/C the/D previous/J week/N ,/, when/I the/D insured/N unemployment/N rate/N also/R was/V 2.2/C %/N ./.
_OOV_/` all/D state/N and/C federal/N benefit/V programs/N ,/, the/D number/N of/I people/J receiving/N unemployment/N benefits/N in/I the/D week/N ended/I Sept./N 30/N fell/V to/T _OOV_/C from/I _OOV_/C a/D week/N earlier/R ./.
These/D figures/N are/V n't/P seasonally/J adjusted/N ./.
A/D Labor/N Department/N spokesman/N said/V the/D unusually/J high/N number/V of/I initial/J claims/N for/I state/N unemployment/N benefits/N reflects/I the/D impact/N of/I Hurricane/N Hugo/N on/I southern/J states/N ,/, particularly/J North/N Carolina/N and/C South/N Carolina/N ./.
The/D figure/J also/N may/M reflect/V initial/P claims/N filed/N by/I striking/J _OOV_/N Corp./N workers/N who/W have/V become/V eligible/N for/I unemployment/N benefits/N ,/, the/D official/N said/V ./.
Digital/N Equipment/N Corp./N reported/V a/D 32/N %/N decline/N in/I net/J income/N on/I a/D modest/J revenue/N gain/N in/I its/P fiscal/N first/N quarter/N ,/, causing/V some/D analysts/N to/T predict/V weaker/I results/N ahead/V than/I they/P had/V expected/V ./.
Although/I the/D second-largest/N computer/N maker/N had/V prepared/V Wall/N Street/N for/I a/D poor/J quarter/N ,/, analysts/N said/V they/P were/V troubled/V by/I signs/W of/I flat/J U.S./N orders/N and/C a/D slowdown/N in/I the/D rate/N of/I gain/N in/I foreign/J orders/N ./.
The/D Maynard/N ,/, Mass./N ,/, company/N is/V in/I a/D transition/N in/I which/W it/P is/V trying/V to/T reduce/V its/P reliance/N on/I _OOV_/N machines/N and/C establish/V a/D presence/N in/I workstations/N and/C mainframes/N ./.
Net/N for/I the/D quarter/N ended/V Sept./N 30/N fell/V to/T $/$ _OOV_/C million/C ,/, or/C $/$ _OOV_/C a/D share/N ,/, from/I $/$ _OOV_/C million/C ,/, or/C $/$ 1.71/C a/D share/N ,/, a/D year/N ago/I ./.
Revenue/N rose/V 6.4/C %/N to/T $/$ _OOV_/C billion/C from/I $/$ _OOV_/C billion/C ./.
Digital/N said/V a/D shift/N in/I its/P product/N mix/N toward/V _OOV_/J products/N and/C strong/J growth/N in/I workstation/J sales/N yielded/I lower/J gross/N margins/I ./.
A/D spokesman/N also/R said/V margins/I for/I the/D company/N 's/P service/N business/N narrowed/W somewhat/V because/I of/I heavy/J investments/N made/N in/I that/D sector/N ./.
The/D lack/N of/I a/D strong/J product/N at/I the/D high/J end/N of/I Digital/N 's/P line/N was/V a/D significant/J drag/N on/I sales/N ./.
Digital/N hopes/V to/T address/V that/I with/I the/D debut/N of/I its/P first/J _OOV_/N computers/N next/V Tuesday/N ./.
The/D new/J line/N is/V aimed/J directly/N at/I International/N Business/N Machines/N Corp/N ./.
``/N Until/V the/D new/J mainframe/N products/N kick/N in/I ,/, there/E wo/V n't/R be/V a/D lot/N of/I revenue/N contribution/N at/I the/D high/J end/N ,/, and/C that/I 's/P hurt/V us/N ,/, ''/' said/V Mark/N _OOV_/N ,/, Digital/N 's/P director/N of/I investor/J relations/N ./.
He/P said/V unfavorable/J currency/N translations/N were/V also/V a/D factor/N in/I the/D quarter/N ./.
_OOV_/N shares/N rose/V $/$ 1.375/C to/T $/$ _OOV_/C apiece/C in/I consolidated/N New/N York/N Stock/V Exchange/J trading/N yesterday/N ./.
But/C analysts/N said/V that/W against/V the/D backdrop/C of/I a/D nearly/I _OOV_/N rise/V in/I the/D Dow/N Jones/N Industrial/N Average/N ,/, that/W should/M n't/V necessarily/R be/V taken/V as/I a/D sign/N of/I great/J strength/N ./.
Some/R cut/V their/P earnings/N estimates/N for/I the/D stock/N this/D year/N and/C predicted/N more/R efforts/V to/T control/V costs/J ahead/N ./.
``/N I/P think/V the/D next/N few/R quarters/R will/M be/V difficult/J ,/, ''/' said/V Steven/N _OOV_/N of/I First/N Boston/N ./.
``/N _OOV_/N will/M remain/V under/I pressure/N ,/, and/C when/I the/D new/J mainframe/N does/I ship/N ,/, I/P 'm/V not/R sure/V it/P will/M be/V a/D big/J winner/N ./.
''/D Mr./N _OOV_/N said/V he/P was/V revising/V his/P estimate/V for/I _OOV_/N 's/P current/N year/N from/I $/$ 8.20/C a/D share/N to/T ``/C well/R below/V $/$ 8/C ,/, ''/' although/I he/P has/V n't/R settled/V on/I a/D final/N number/V ./.
One/R troubling/V aspect/N of/I _OOV_/N 's/P results/N ,/, analysts/N said/V ,/, was/V its/P performance/N in/I Europe/N ./.
_OOV_/N said/V its/P overseas/N business/N ,/, which/W now/R accounts/V for/I more/J than/I half/N of/I sales/N ,/, improved/N in/I the/D quarter/N ./.
It/P even/V took/V the/D unusually/J frank/N step/D of/I telling/P analysts/N in/I a/D morning/N conference/N call/N that/I orders/N in/I Europe/N were/V up/R in/I ``/J double/N digits/N ''/' in/I foreign-currency/J terms/N ./.
That/W gain/V probably/R translated/V into/E about/R 5/C %/N to/T 7/C %/N in/I dollar/N terms/N ,/, well/J below/J recent/N quarters/R '/J gains/N of/I above/V 20/C %/N ,/, reckons/V Jay/N _OOV_/N of/I _OOV_/N _OOV_/N _OOV_/N ./.
``/N That/P was/V a/D disappointment/N ''/' and/C a/D sign/N of/I overall/J _OOV_/N softness/N in/I Europe/N ,/, Mr./N _OOV_/N said/V ./.
Marc/N _OOV_/N ,/, with/I _OOV_/N Securities/N in/I New/N York/N ,/, dropped/V his/P estimate/N of/I _OOV_/N 's/P full-year/N net/N to/T $/$ _OOV_/C a/D share/N from/I $/$ 8/C ./.
Although/I overall/J revenues/N were/V stronger/R ,/, Mr./N _OOV_/N said/V ,/, _OOV_/N ``/N drew/V down/I its/P European/N backlog/N ''/' and/C had/V flat/V world-wide/C orders/J overall/N ./.
``/` The/D bottom/N line/N is/V that/I it/P 's/V more/R hand/P to/T mouth/V than/I it/P has/V been/V before/N ,/, ''/' he/P said/V ./.
Mr./N _OOV_/N said/V he/P believes/V that/I the/D _OOV_/N of/I _OOV_/N 's/P new/J mainframe/N will/M ``/V occur/N somewhat/R more/R leisurely/V ''/' than/I many/N of/I his/P investment/N colleagues/N expect/M ./.
He/P said/V current/N expectations/N are/V for/I an/D entry/J level/N machine/N to/T be/V shipped/N in/I December/N ,/, with/I all/D of/I the/D more/J sophisticated/J versions/N out/V by/I June/N ./.
For/R reasons/V he/P would/M n't/R elaborate/V on/R ,/, he/P said/V he/P 's/P sure/V that/D schedule/N wo/M n't/R be/V met/V ,/, meaning/V less/I profit/N impact/N from/I the/D product/N for/I _OOV_/N in/I the/D next/N few/R quarters/R ./.
John/N R./N _OOV_/N contributed/V to/T this/D article/N ./.
Colgate/N _OOV_/N Co./N reported/V third-quarter/C net/J income/N rose/V 27/C %/N ,/, bolstered/V by/I strong/J sales/N in/I its/P Latin/N American/N business/N and/C surprisingly/R healthy/V profits/N from/I U.S./N operations/N ./.
Colgate/N said/V net/J income/N for/I the/D quarter/J rose/N to/T $/$ _OOV_/C million/C ,/, or/C $/$ _OOV_/C a/D share/N ,/, on/I sales/N that/W increased/V 6/C %/N to/T $/$ 1.3/C billion/C ./.
In/I the/D year-earlier/J period/N ,/, Colgate/N posted/N net/N income/N of/I $/$ _OOV_/C million/C ,/, or/C 88/N cents/N a/D share/N ./.
Last/D year/N 's/P results/N included/V earnings/N from/I discontinued/J operations/N of/I $/$ 13.1/C million/C ,/, or/C 19/N cents/N a/D share/N ./.
_OOV_/N Mark/N ,/, chairman/N and/C chief/J executive/N officer/N of/I Colgate/N ,/, said/V earnings/N growth/N was/V fueled/N by/I strong/J sales/N in/I Latin/N America/N ,/, the/D Far/N East/N and/C Europe/N ./.
Results/N were/V also/V bolstered/N by/I ``/` a/D very/J meaningful/J increase/N in/I operating/J profit/N at/I Colgate/N 's/P U.S./J business/N ,/, ''/' he/P said/V ./.
Operating/N profit/N at/I Colgate/N 's/P U.S./N household/N products/N and/C personal/V care/P businesses/N ,/, which/W include/V such/J well-known/N brands/N as/I Colgate/N toothpaste/N and/C _OOV_/N laundry/N detergent/N ,/, jumped/P more/R than/I 40/C %/N ,/, the/D company/N said/V ./.
Mr./N Mark/N attributed/V the/D improvement/N to/T cost/J savings/N achieved/N by/I consolidating/J manufacturing/N operations/N ,/, blending/N together/V two/C sales/J organizations/N and/C more/R carefully/R focusing/V the/D company/N 's/P promotional/J activities/N ./.
``/N We/V 've/R done/V a/D lot/N to/T improve/V -LRB-/N U.S/N ./. -RRB-/C results/N and/C a/D lot/N more/R will/M be/V done/N ,/, ''/' Mr./N Mark/N said/V ./.
``/N _OOV_/N profitability/N of/I U.S./N operations/N is/V an/D extremely/J high/J priority/N in/I the/D company/N ./. ''/'
Colgate/N 's/P results/N were/V at/I the/D high/J end/N of/I the/D range/N of/I analysts/N '/P forecasts/N ./.
The/D scope/N of/I the/D improvement/N in/I the/D U.S./J business/N caught/V some/D analysts/N by/I surprise/V ./.
The/D company/N 's/P domestic/N business/N ,/, especially/V its/P household/J products/N division/N ,/, has/V performed/D poorly/N for/I years/N ./.
Analysts/N say/V the/D earnings/N improvement/N came/V from/I cutting/J costs/N rather/N than/I increasing/J sales/N ./.
For/I the/D nine/C months/N ,/, net/N increased/V 14/C %/N to/T $/$ _OOV_/C million/C ,/, or/C $/$ _OOV_/C a/D share/N ./.
Sales/N rose/V 7/C %/N to/T $/$ 3.8/C billion/C ./.
The/D company/N earned/V $/$ _OOV_/C million/C ,/, or/C $/$ 2.79/C a/D share/N ,/, in/I the/D year-earlier/J period/N ./.
Colgate/N 's/P 1988/C net/J income/N included/V $/$ _OOV_/C million/C ,/, or/C 59/N cents/N a/D share/N ,/, from/I discontinued/J operations/N ./.
Colgate/N sold/V its/P hospital/N supply/N and/C home/J health/N care/T business/V last/J year/N ./.
Separately/N ,/, Colgate/N Wednesday/N finalized/V an/D agreement/N with/I _OOV_/N Corp./N ,/, a/D tiny/N dental/N products/N and/C pharmaceutical/N concern/V based/N in/I _OOV_/N ,/, Mass./N ,/, to/T market/N in/I the/D U.S./N four/C of/I _OOV_/N 's/P _OOV_/N dental/N products/N ./.
The/D products/N --/: _OOV_/N and/C bonding/J materials/N used/V by/I dentists/N --/: all/W contain/V fluoride/N that/W is/V released/N over/I time/N ./.
The/D move/N is/V part/R of/I a/D drive/N to/T increase/V Colgate/N 's/P business/N with/I dentists/N ,/, a/D company/N spokeswoman/N said/V ./.
Terms/N of/I the/D agreement/N were/V n't/R given/V ./.
_OOV_/N Limited/N _OOV_/N said/V it/P completed/V the/D sale/N of/I its/P _OOV_/N restaurant/N franchise/V system/N to/T a/D subsidiary/N of/I _OOV_/N Co./N for/I $/$ 71/C million/C in/I cash/N ./.
_OOV_/N ,/, which/W is/V nearly/I _OOV_/C by/I Sam/N and/C Charles/N _OOV_/N of/I Dallas/N ,/, said/V it/P will/M distribute/V proceeds/V from/I the/D sale/N to/T unit/V holders/N as/I a/D _OOV_/J dividend/N as/I soon/V as/I possible/D ./.
The/D _OOV_/N franchise/J system/N ,/, which/W generates/V about/I $/$ 600/C million/C in/I sales/J annually/N ,/, represented/J substantially/N all/W of/I the/D partnership/N 's/P assets/N ./.
The/D sale/N of/I the/D system/N has/V been/V challenged/N in/I a/D class-action/J suit/N on/I behalf/N of/I unit/N holders/N filed/N last/V week/N in/I a/D Delaware/J court/N ,/, _OOV_/N said/V ./.
The/D company/N said/V it/P believes/V the/D suit/N is/V without/T merit/V ./.
American/N Telephone/N &/C Telegraph/N Co./N unveiled/V a/D sweetened/J pension/N and/C _OOV_/N program/N for/I management/N that/I it/P hopes/V will/V enable/R it/V to/T save/V $/$ _OOV_/C million/C in/I the/D next/J year/N ./.
AT&T/N also/R said/V net/J income/N rose/V 19/C %/N in/I the/D third/J quarter/N ./.
AT&T/N said/V its/P amended/N pension/N program/N will/M nearly/I double/N to/T _OOV_/C the/D number/N of/I managers/J eligible/N to/T retire/V with/I immediate/J pension/N payments/N ./.
AT&T/N said/V that/D based/N on/I studies/N of/I other/J companies/N that/W have/V offered/V retirement/J plans/N ,/, it/P expects/V about/R one-third/C of/I its/P eligible/J managers/N to/T retire/V under/I the/D new/J program/N ./.
AT&T/N said/V third-quarter/J net/N income/N grew/N ,/, despite/V stiff/J competition/N in/I all/D of/I the/D company/N 's/P markets/N ./.
Net/N income/N rose/V to/T $/$ _OOV_/C million/C ,/, or/C 65/N cents/N a/D share/N ,/, from/I the/D year-earlier/N $/$ _OOV_/C million/C or/C 55/C cents/N a/D share/N ./.
Revenue/N edged/V up/R to/T $/$ 8.9/C billion/C from/I $/$ _OOV_/C billion/C ./.
The/D latest/N period/I 's/P net/N was/V reduced/V $/$ 102/C million/C ,/, or/C nine/C cents/N a/D share/N ,/, for/I a/D change/N in/I depreciation/N method/N and/C concurrent/N changes/N in/I estimates/N of/I _OOV_/J lives/N and/C net/J salvage/N for/I certain/J telecommunications/J equipment/N ./.
The/D results/N roughly/V matched/J estimates/N of/I securities/N analysts/N ,/, who/W were/V encouraged/V by/I AT&T/N increasing/V its/P operating/N margin/V to/T 13/C %/N from/I 11/C %/N a/D year/N ago/I ,/, because/I of/I continued/V _OOV_/J efforts/N ./.
Sales/N of/I long-distance/N services/N ,/, an/D extremely/J competitive/J market/N ,/, rose/V 6.4/C %/N ./.
But/C the/D growth/N was/V partly/J offset/N by/I lower/J equipment/N sales/N and/C rentals/N and/C price/N cuts/N on/I some/D products/N ./.
Under/V the/D amended/N pension/N program/N ,/, AT&T/N managers/N who/W have/V at/R least/I five/C years/N of/I service/N will/M have/V five/C years/N added/V to/T their/P age/N and/C length/N of/I service/N for/I pension/N purposes/N ./.
Managers/N who/W retire/V Dec./N 30/N will/M have/V an/D additional/J 15/C %/N added/N to/T their/P monthly/J pension/N for/I as/R long/V as/I five/C years/N or/C age/N 65/N ,/, whichever/D comes/J earlier/N ./.
An/D AT&T/N spokeswoman/N said/V the/D company/N would/M likely/V replace/N about/I one-third/N of/I its/P managers/N who/W choose/V to/T retire/V with/I new/J employees/N ./.
Analysts/N hailed/V the/D sweetened/J pension/N package/N ,/, which/W they/P said/V had/V been/V the/D subject/N of/I rumors/N for/I several/J months/N ./.
``/` This/D tells/N you/V AT&T/N is/V serious/N about/I continuing/N to/T manage/V their/P cost/J structure/N and/C is/V committed/V to/T _OOV_/C earnings/N growth/N ,/, ''/' said/V Jack/N _OOV_/N ,/, an/D analyst/N with/I PaineWebber/N Inc/N ./.
But/C other/J analysts/N expressed/N disappointment/V that/I the/D _OOV_/N move/V wo/V n't/R result/V in/I even/J greater/P earnings/N growth/N ./.
``/` This/D is/V a/D good/J move/N ,/, but/I it/P only/W gets/P you/V to/T where/V people/N 's/P expectations/V already/P are/V ,/, ''/' in/I terms/N of/I earnings/N growth/N ,/, said/V Joel/N D./N _OOV_/N ,/, an/D analyst/N with/I Donaldson/N ,/, Lufkin/N &/C Jenrette/N ./.
Mr./N _OOV_/N said/V he/P had/V hoped/V that/I a/D cost/J savings/N of/I $/$ _OOV_/C million/C would/D result/N in/I even/J greater/P growth/N than/I the/D 20/N %/N annual/N earnings/N increase/V AT&T/N has/V told/R analysts/V it/P expects/V in/I the/D future/N ./.
AT&T/N said/V the/D special/N retirement/V option/N will/M increase/V fourth-quarter/C expenses/N ./.
But/C the/D company/N said/V the/D amount/N ca/N n't/R be/V determined/V until/I it/P knows/V how/P many/P managers/J opt/N to/T retire/V ./.
AT&T/N said/V the/D expense/J increase/N will/M be/V largely/V offset/N by/I a/D gain/N from/I its/P previously/V announced/N plan/N to/T swap/V its/P holdings/N in/I Ing/N ./. C./N Olivetti/N &/C Co./N for/I shares/N in/I Cie/N ./. _OOV_/N _OOV_/N ,/, an/D Italian/N holding/V company/N ./.
For/I the/D nine/C months/N ,/, AT&T/N said/V net/J income/N was/V $/$ _OOV_/C billion/C ,/, or/C $/$ 1.85/C a/D share/N ,/, up/I 19/C %/N from/I $/$ _OOV_/C billion/C ,/, or/C $/$ 1.56/C a/D share/N ./.
Revenue/N gained/V 3.1/C %/N to/T $/$ _OOV_/C billion/C from/I $/$ 26/C billion/C ./.
In/I composite/J trading/N yesterday/N on/I the/D New/N York/N Stock/N Exchange/N ,/, AT&T/N shares/N closed/V at/I $/$ _OOV_/C ,/, up/I 87.5/C cents/N ./.
When/W it/P comes/V to/T buying/V and/C selling/J shares/N ,/, _OOV_/N Capital/N Management/N Inc./N takes/I a/D back/N seat/R to/T no/V one/C ./.
Every/J dollar/N 's/P worth/N of/I stock/N in/I the/D Los/N Angeles/N money/V manager/N 's/P portfolio/N is/V traded/N seven/C or/C eight/C times/I a/D year/N ,/, the/D firm/N estimates/N ./.
That/W makes/D it/P the/D most/J active/N trader/N among/V all/I the/D nation/N 's/P investment/N advisers/N ,/, according/V to/T Securities/N and/C Exchange/N Commission/N filings/N ./.
But/C wait/V a/D second/N ./.
_OOV_/N Capital/N is/V an/D index/J fund/N --/: the/D type/N of/I _OOV_/N long-term/P investor/N whose/V goal/R is/V to/T be/V nothing/V more/R than/I average/N ./.
_OOV_/N Capital/N 's/P frenetic/J trading/N reflects/I the/D changes/N sweeping/V through/I the/D previously/N sleepy/V world/R of/I indexing/N ./.
_OOV_/N for/I the/D most/J part/I has/N involved/V simply/D buying/N and/C then/V holding/J stocks/N in/I the/D correct/N mix/V to/T mirror/V a/D stock/N market/N barometer/N ,/, such/N as/I Standard/N &/C Poor/N 's/P 500-stock/C index/N ,/, and/C match/V its/P performance/N ./.
_OOV_/J investors/N have/V poured/V $/$ 210/C billion/C into/I stock/N and/C bond/N indexing/N as/I a/D cheap/N and/C easy/N form/V of/I investment/N management/N that/W promises/V to/T post/V average/J market/N returns/N ./.
These/D big/J investors/N have/I flocked/C to/T indexing/V because/I relatively/R few/I ``/C active/N ''/' stock/N pickers/V have/R been/V able/T to/T consistently/V match/V the/D returns/N of/I the/D S&P/N 500/N or/C other/J _OOV_/N ,/, much/V less/R beat/V it/P ./.
And/C the/D fees/N investors/N pay/V for/I indexing/N run/V a/D few/J pennies/N for/I each/D $/$ 100/C of/I assets/N --/: a/D fraction/N of/I the/D cost/N of/I active/N managers/N ./.
That/W 's/P because/D computers/N do/V most/R of/I the/D work/N ,/, and/C low/J trading/N activity/N keeps/V a/D lid/N on/I commission/N costs/N ./.
But/C today/R ,/, indexing/N is/V moving/V from/I a/D passive/J investment/N strategy/N to/T an/D increasingly/J active/N one/C ./.
Because/R _OOV_/N managers/N are/V no/I longer/P satisfied/V with/I merely/D being/J average/N ,/, they/P have/V developed/J ``/N enhanced/N ''/' indexing/N strategies/N that/W are/V intended/V to/T outperform/V the/D market/N as/I much/J as/I three/C percentage/N points/N ./.
``/N _OOV_/N has/V been/V the/D most/J single/J successful/J investment/N concept/N in/I the/D last/J decade/N ,/, but/I the/D index/J money/N has/V been/V just/D sort/N of/I sitting/N there/I ,/, ''/' says/V _OOV_/N M./N _OOV_/N ,/, president/N of/I _OOV_/N _OOV_/N Investors/N Inc./N ,/, an/D _OOV_/J based/N in/I _OOV_/N ,/, _OOV_/N ./.
``/N Now/: the/D interest/N is/V in/I what/P else/M can/V I/P do/V with/I that/D money/N ./. ''/'
Among/I the/D _OOV_/N indexing/N strategies/N :/: _OOV_/N portfolios/N can/M be/V built/V around/I thousands/N of/I stocks/N ,/, or/C just/V a/D few/J dozen/N ,/, rather/R than/R being/R restricted/V to/T the/D S&P/N 500/N companies/N ./.
They/P can/M ignore/V the/D S&P/N 500/N stocks/V altogether/I and/C focus/N on/I particular/J types/N of/I stocks/N ,/, such/N as/I smaller/J companies/N ,/, those/T paying/V high/J dividends/N or/C companies/N in/I a/D particular/J industry/N ,/, state/N or/C country/N ./.
With/R today/R 's/P _OOV_/N program/N trading/N techniques/N ,/, index/V funds/N can/M trade/V back/R and/C forth/N between/I stock-index/N futures/N and/C the/D actual/D stocks/J making/N up/I indexes/J such/N as/I the/D S&P/N 500/N ./.
Futures/N and/C options/N also/R make/V it/P possible/V to/T build/D ``/N synthetic/N ''/' index/V funds/N that/W do/V n't/R actually/R own/V a/D single/J share/N of/I stock/N ,/, but/W can/M produce/V returns/P that/D match/N or/C exceed/V the/D broad/J stock/N market/N ./.
One/I reason/D for/I these/D hybrids/N is/V that/D indexing/N 's/P rapid/J growth/N is/V slowing/N ,/, particularly/V for/I those/D ``/J plain/N vanilla/N ''/' funds/N that/W mirror/V the/D 500/N ./.
``/` There/E is/V n't/R a/D _OOV_/N -LCB-/N of/I big/J investors/N -RCB-/N out/M there/R still/R waiting/V to/T get/V into/I indexing/N ,/, ''/' says/V P./N James/N _OOV_/N ,/, vice/N president/N of/I _OOV_/C Investment/N Management/N Co./N ,/, Chicago/N ,/, which/W offers/N both/I indexing/N and/C active/N management/N services/N ./.
After/P tripling/D in/I size/N in/I the/D past/I five/C years/N ,/, index/V funds/N now/I hold/N about/I 20/C %/N of/I the/D stock/N owned/N by/I pension/N funds/N ./.
A/D further/N problem/N is/V _OOV_/J profits/N ./.
_OOV_/N funds/N have/V become/V so/P commonplace/V that/D fees/N they/P can/V charge/N have/V plunged/V to/T almost/E nothing/V ,/, and/C in/I some/D cases/N are/V just/R that/V ./.
To/D land/N customers/N for/I their/P _OOV_/J stock/N custodial/N business/N ,/, big/J banks/N sometimes/N will/M throw/V in/I basic/J indexing/N services/N for/I free/N ./.
``/N It/P 's/V like/R getting/V a/D free/N toaster/V when/P you/R open/V an/D account/N ,/, ''/' says/V _OOV_/N _OOV_/N 's/P Mr./N _OOV_/N ./.
As/I a/D result/N ,/, _OOV_/N have/V been/V looking/V for/I ways/J to/T give/V investors/N something/V more/R than/I the/D average/N for/I their/P money/N ./.
And/C many/R have/R been/V successful/N ,/, as/R in/I the/D case/N of/I the/D index/J fund/N operated/N by/I _OOV_/N _OOV_/N Capital/N ./.
_OOV_/N Capital/N has/V used/J enhanced/N indexing/N techniques/V to/T beat/V the/D S&P/N 500/N 's/P returns/N by/I 2.5/C to/T 3/C percentage/J points/N over/I the/D past/I four/C years/N ,/, with/I the/D same/J risk/N level/V as/R holding/V the/D S&P/N 500/N stocks/V ,/, according/V to/T James/N _OOV_/N ,/, the/D firm/N 's/P president/N ./.
_OOV_/N vary/N for/I _OOV_/N Capital/N ,/, which/W has/V $/$ 300/C million/C under/I management/N ./.
The/D firm/N sometimes/J buys/N S&P/N 500/N futures/N when/I they/P are/V selling/V at/I a/D discount/N to/T the/D actual/D stocks/N ,/, and/C will/M switch/V back/R and/C forth/V between/D stocks/N and/C stock-index/N futures/N to/T take/V advantages/N of/I any/V momentary/D price/N _OOV_/N ./.
Mr./N _OOV_/N also/V goes/P through/I periods/N when/I he/P buys/N stocks/V in/I conjunction/N with/I options/N to/T boost/V returns/N and/C protect/N against/V declines/V ./.
And/C in/I some/D months/N ,/, he/P buys/V stock-index/J futures/N and/C not/V stocks/V at/I all/D ./.
``/N By/' their/P nature/N ,/, our/P trades/N are/V very/R short-term/N and/C are/V going/V to/T create/V high/J turnover/N ,/, ''/' Mr./N _OOV_/N adds/N ./.
``/` The/D more/J turnover/N ,/, the/D better/N for/I our/P clients/N ./. ''/'
Big/I _OOV_/N Bankers/N Trust/N Co./N also/V uses/J futures/N in/I a/D strategy/N that/I on/I average/N has/V added/V one/C percentage/N point/V to/T its/P enhanced/J fund/N 's/P returns/N ./.
J./N Thomas/N _OOV_/N ,/, president/N of/I _OOV_/N Advanced/N Investment/N Management/N Inc./N ,/, agrees/I it/P 's/V a/D good/N idea/V to/T jump/V between/I the/D S&P/N 500/N stocks/V and/C futures/N ./.
``/` You/P 're/V buying/V the/D S&P/N ,/, and/C you/V always/D want/N to/T hold/V the/D cheapest/N form/V of/I it/P ,/, ''/' he/P says/V ./.
But/C some/D _OOV_/N make/M little/V or/C no/D use/N of/I futures/N ,/, saying/V that/I these/D instruments/N present/V added/J risks/N for/I investors/N ./.
``/N If/I the/D futures/N markets/N have/I a/D problem/N ,/, then/V those/D products/N could/M have/V a/D problem/N ,/, ''/' says/V John/N _OOV_/N ,/, managing/N director/N of/I Prudential/N Insurance/N Co./N of/I America/N 's/P Investment/N Index/N Technologies/N Inc./N unit/N ./.
Prudential/N currently/N is/V seeking/J approval/N to/T offer/V a/D new/J fund/N offering/V a/D return/N equal/V to/T the/D S&P/N 500/N index/N plus/N of/I a/D percentage/J point/N ./.
An/D added/N feature/N is/V that/I the/D _OOV_/J improved/N return/V would/M be/V guaranteed/V by/I Prudential/N ./.
There/E are/V many/R other/J strategies/N to/T bolster/V the/D returns/N of/I index/J funds/N ./.
They/P include/V :/:
LIMITED/N RISK/N FUNDS/N :/: These/D guarantee/N protection/N against/V stock/J market/N declines/V while/I still/R passing/V along/I most/J gains/N ./.
Here/I a/D fund/N may/M promise/V to/T pay/V back/R ,/, say/V ,/, $/$ 95/C of/I every/V $/$ 100/C invested/N for/I a/D year/N ,/, even/R if/V the/D market/N goes/P much/V lower/N ./.
The/D fund/N could/M invest/V $/$ 87/C for/I one/C year/N in/I Treasury/C bills/N yielding/V 8/C %/N to/T return/V the/D guaranteed/N $/$ 95/C ./.
That/D leaves/N $/$ 13/C ,/, which/W could/M be/V used/V to/T buy/V S&P/N 500/N options/N that/W will/V nearly/I match/N any/M gain/V in/I the/D S&P/N index/N ./.
_OOV_/N _OOV_/N FUNDS/N :/: Say/V a/D big/J investor/N is/V interested/N in/I growth/N stocks/N ./.
Instead/N of/I hiring/J one/N of/I the/D many/J active/N managers/N specializing/N in/I growth/N stocks/N ,/, _OOV_/N can/M design/V a/D portfolio/N around/I the/D same/J stocks/N ;/: the/D portfolio/N will/M be/V maintained/V by/I computer/N ,/, reducing/N both/I fees/N and/C ,/, in/I theory/N ,/, risk/V -LRB-/C because/I of/I the/D large/J number/N of/I stocks/J -RRB-/N ./.
``/N We/V see/V a/D lot/N of/I interest/N in/I those/D kind/N of/I things/N ,/, ''/' says/V Frank/N _OOV_/N ,/, a/D vice/N president/N of/I Bankers/C Trust/N ./.
``/N People/N comfortable/V with/I the/D passive/J approach/N are/V using/V them/P for/I other/J strategies/N ./. ''/'
_OOV_/N FUNDS/N :/: This/D is/V an/D index/J fund/N with/I a/D bet/N ./.
Instead/N of/I replicating/N the/D S&P/N 500/N or/C some/D other/J index/N exactly/N ,/, some/D stocks/N are/V _OOV_/N or/C _OOV_/C in/I the/D portfolio/N ./.
One/I simple/J approach/N is/V to/T exclude/V S&P/N 500/N companies/N considered/I bankruptcy/N candidates/N ;/: this/D can/M avoid/V weak/D sisters/N ,/, but/W also/V can/R hurt/V when/I a/D company/N like/I Chrysler/N Corp./N rebounds/N ./.
Another/J approach/N :/: An/D investor/N with/I $/$ 100/C million/C might/P use/V $/$ 75/C million/C to/T buy/V the/D S&P/N 500/N index/N and/C spend/V the/D other/J $/$ 25/C million/C on/I a/D favorite/N group/N of/I stocks/N ./.
_OOV_/N FUNDS/N :/: _OOV_/N can/M be/V constructed/V to/T serve/V social/J goals/N ,/, such/V as/R eliminating/V the/D stocks/N of/I companies/N doing/M business/V in/I South/N Africa/N ./.
Other/D funds/N have/V been/V designed/N to/T concentrate/V on/I stocks/N in/I a/D geographic/J area/N in/I order/J to/T encourage/V local/J investment/N ./.
Pennsylvania/N State/N Employees/N Retirement/N System/N ,/, for/I example/N ,/, has/V about/I $/$ 130/C million/C invested/N in/I a/D fund/N of/I _OOV_/N companies/N that/W are/V either/I Pennsylvania-based/N or/C have/I 25/C %/N of/I their/P work/J forces/N in/I the/D state/N ./.
Short/J interest/N on/I the/D New/N York/N Stock/N Exchange/N declined/V for/I the/D second/J consecutive/N month/N ,/, this/D time/I 4.2/C %/N ,/, while/I the/D American/N Stock/N Exchange/N reported/V its/P third/J consecutive/N record/N month/N of/I short/J interest/N ./.
The/D Big/N Board/N reported/V that/D short/J interest/N dropped/V to/T _OOV_/C shares/N as/I of/I Oct./N 13/N from/I _OOV_/C shares/N in/I mid-September/N ./.
_OOV_/` short/J interest/N climbed/V 3/C %/N to/T _OOV_/C shares/N from/I _OOV_/N shares/N ./.
For/I the/D year-earlier/N month/N ,/, the/D Big/N Board/N reported/N _OOV_/N shares/N ,/, indicating/V a/D 13.5/N %/N _OOV_/N rise/N ,/, while/I the/D _OOV_/J reported/N _OOV_/N shares/N ,/, a/D 48/N %/N leap/N ./.
_OOV_/` short/J interest/N has/V been/V heading/V upward/N since/I mid-December/N ,/, with/I increases/N in/I each/D month/N since/I then/D except/N at/I _OOV_/C ./.
Traders/N who/W sell/V short/N borrow/I stock/N and/C sell/V it/P ,/, betting/V that/I the/D stock/N 's/P price/N will/M decline/N and/C that/I they/P can/M buy/V the/D shares/N back/R later/V at/I a/D lower/J price/N for/I return/V to/T the/D lender/N ./.
Short/J interest/N is/V the/D number/N of/I shares/N that/W have/V n't/R yet/V been/V purchased/N for/I return/V to/T lenders/V ./.
Although/I a/D substantial/N short/V position/D reflects/J heavy/J speculation/N that/I a/D stock/N 's/P price/N will/M decline/N ,/, some/D investors/N consider/I an/D increase/N in/I short/J interest/N bullish/N because/I the/D borrowed/J shares/N eventually/V must/M be/V bought/V back/R ./.
_OOV_/N in/I short/J interest/N of/I certain/J stocks/J also/N may/M be/V caused/N partly/V by/I _OOV_/N ./.
The/D figures/N occasionally/R include/V incomplete/J transactions/N in/I restricted/J stock/N ./.
The/D level/N of/I negative/N sentiment/V measured/V by/I the/D Big/N Board/N short/J interest/N ratio/N slipped/C to/T _OOV_/C from/I last/J month/N 's/P _OOV_/C ./.
The/D ratio/N is/V the/D number/N of/I trading/J days/N ,/, at/I the/D exchange/N 's/P average/J trading/N volume/N ,/, that/W would/M be/V required/V to/T convert/V the/D total/N short/J interest/N position/N ./.
Some/D analysts/N suggest/N ,/, however/P ,/, that/I the/D ratio/N has/V weakened/V in/I value/N as/I an/D indicator/N because/I options/N and/C other/J products/N can/M be/V used/V to/T hedge/V short/J positions/N ./.
_OOV_/N Corp./N led/V the/D Big/N Board/N list/N of/I largest/J short/N volumes/N with/I _OOV_/J shares/N ./.
_OOV_/N has/V proposed/N to/T acquire/V _OOV_/N Corp./N ,/, consisting/V of/I the/D auto/N parts/I division/N and/C some/D debt/N of/I _OOV_/N Corp./N ,/, for/I $/$ _OOV_/C million/C of/I cash/N and/C securities/N ./.
Chemical/N Waste/N Management/N posted/V the/D biggest/J increase/N in/I short/J volume/N on/I the/D New/N York/N exchange/N ,/, up/I _OOV_/N shares/N to/T _OOV_/C ./.
Bristol-Myers/N Squibb/N Co./N ,/, the/D entity/N formed/V from/I the/D recent/J acquisition/N of/I Squibb/N Corp./N by/I Bristol-Myers/N Co./N ,/, logged/V the/D largest/J volume/N decline/N ,/, _OOV_/N shares/N ,/, to/T _OOV_/C ./.
Short/J interest/N in/I International/N Business/N Machines/N Corp./N plunged/V to/T _OOV_/C shares/N from/I _OOV_/N shares/V a/D month/J earlier/N ./.
Also/I closely/J watched/N is/V Exxon/N Corp./N ,/, where/W short/J interest/N slid/V to/T _OOV_/C shares/N from/I _OOV_/N ./.
On/I a/D percentage/J basis/N ,/, Germany/N Fund/N Inc./N led/V the/D gainers/N ,/, leaping/V to/T _OOV_/C shares/N from/I three/C shares/N ./.
_OOV_/N _OOV_/N Ltd./N led/V the/D percentage/J _OOV_/N ,/, dropping/V to/T 59/C shares/N from/I _OOV_/N ./.
The/D _OOV_/N short/J interest/N volume/I leader/N again/V was/V Texas/N Air/N Corp./N ,/, rising/V to/T _OOV_/C shares/N from/I _OOV_/N ./.
_OOV_/N Pharmaceutical/N Co./N posted/V the/D largest/N volume/I increase/N ,/, _OOV_/N shares/N ,/, to/T _OOV_/C ./.
The/D company/N is/V under/I an/D investigation/N concerning/V procedures/N to/T gain/V Food/N and/C Drug/N Administration/N approval/N of/I generic/J drugs/N ./.
_OOV_/N has/V denied/V any/D wrongdoing/N ./.
The/D largest/N volume/N drop/P --/: down/I _OOV_/N shares/N to/T _OOV_/C --/N came/V in/I shares/N represented/V by/I _OOV_/N Industries/N PLC/N 's/P American/N depositary/N receipts/N ./.
The/D company/N is/V facing/R a/D takeover/N proposal/N from/I the/D financier/N Sir/N James/N _OOV_/N ./.
First/I _OOV_/N Fund/N led/V the/D percentage/J increases/N ,/, rising/V to/T _OOV_/C shares/N from/I _OOV_/N ./.
Nelson/N Holdings/N International/N Ltd./N dropped/V the/D most/J on/I a/D percentage/J basis/N ,/, to/T 1,000/C shares/N from/I _OOV_/N ./.
The/D adjacent/N tables/N show/V the/D Big/N Board/N and/C _OOV_/N issues/N in/I which/W a/D short/J interest/N position/N of/I at/R least/I 100,000/C shares/N existed/I as/R of/I mid-October/N or/C in/I which/W there/E was/V a/D short/N position/D change/N of/I at/R least/I 50,000/C shares/N since/I mid-September/N ./.
Your/N Oct./N 12/N editorial/N ``/N _OOV_/N ,/, _OOV_/N _OOV_/N ?/. ''/' correctly/V states/N that/I I/P was/V critical/N of/I the/D Bush/N administration/N 's/P failure/N to/T have/V any/D plan/N in/I place/R to/T respond/V in/I a/D timely/N fashion/V to/T the/D opportunities/N to/T oust/V Manuel/N Noriega/N presented/V by/I the/D attempted/J military/N coup/N on/I Oct./N 3/N ./.
You/P are/V absolutely/V wrong/R ,/, however/P ,/, in/I _OOV_/C that/I this/D position/N is/V some/D kind/N of/I ``/N _OOV_/N ,/, ''/' something/P newly/J arrived/N at/I as/I a/D result/N of/I reading/V the/D opinion/J polls/N ./.
My/I position/N is/V one/C founded/N on/I both/I the/D facts/N and/C the/D law/N ./.
Although/I you/N may/M have/V forgotten/R ,/, public/J opinion/N about/I Gen./N Noriega/N is/V where/W it/P is/V in/I large/J measure/N because/I of/I my/P investigation/N of/I his/P years/N of/I involvement/N in/I narcotics/N smuggling/N -LRB-/N and/C simultaneous/J work/N as/I a/D U.S./J operative/N -RRB-/N ./.
The/D public/N made/V up/I its/P mind/N about/I Gen./N Noriega/N largely/V as/I a/D result/N of/I the/D hearings/N I/P chaired/N in/I the/D _OOV_/N on/I _OOV_/N and/C _OOV_/N of/I the/D Foreign/N Relations/N Committee/N on/I Feb./N 8/N ,/, 9/N ,/, 10/N and/C 11/N ,/, 1988/N ,/, and/C again/V on/I April/C 4/N ,/, 1988/N ./.
It/P was/V during/V those/T hearings/V that/I the/D nation/N first/N learned/V the/D breadth/N and/C depth/N of/I Gen./N Noriega/N 's/P criminality/N ,/, and/C of/I his/P enduring/J relationships/N with/I a/D variety/N of/I U.S./J government/N agencies/N ./.
Those/P hearings/N also/V highlighted/V how/P Gen./N Noriega/N was/V able/T to/T use/V his/P relationships/V with/I these/D agencies/N to/T delay/V U.S./C action/N against/I him/P ,/, and/C to/T exploit/V the/D administration/N 's/P obsession/N with/I overthrowing/V the/D _OOV_/N to/T protect/V his/P own/V _OOV_/N ./.
As/I former/N _OOV_/C to/T Costa/N _OOV_/N Francis/N J./N _OOV_/N testified/V before/I the/D subcommittee/N ,/, the/D Reagan/N administration/N knew/V that/I Gen./N Noriega/N was/V involved/N with/I narcotics/N ,/, but/W made/V a/D decision/N in/I the/D summer/N of/I 1986/N ``/C to/T put/V Gen./N Noriega/N on/I the/D shelf/N until/I _OOV_/N was/V settled/N ./. ''/'
As/I the/D report/N issued/N by/I the/D subcommittee/N concluded/N ,/, ``/N Our/N government/N did/V nothing/J regarding/N Gen./N Noriega/N 's/P drug/N business/N and/C substantial/J criminal/N involvement/V because/I the/D first/J priority/N was/V the/D _OOV_/J war/N ./.
This/D decision/N resulted/V in/I at/R least/I some/D drugs/N entering/V the/D United/N States/N as/I a/D hidden/J cost/N of/I the/D war/N ./. ''/'
Unfortunately/D ,/, this/D problem/N continued/V even/R after/V Gen./N Noriega/N 's/P indictment/N ./.
_OOV_/N 1988/N and/C this/D year/N ,/, I/P and/C others/N in/I Congress/C have/I pressed/W the/D U.S./N to/T develop/V a/D plan/N for/I pushing/P this/D ``/N _OOV_/N ''/' out/V of/I Panama/N ./.
_OOV_/N ,/, two/C administrations/N in/I a/D row/N have/R been/V unwilling/T and/C unable/V to/T develop/V any/D plan/N ,/, military/N or/C economic/N ,/, for/I supporting/V the/D Panamanian/J people/N in/I their/P attempts/N to/T restore/V democracy/N ./.
Sen./N John/N _OOV_/N -LRB-/N D./N ,/, _OOV_/N ./. -RRB-/-
For/I _OOV_/N ,/, these/D are/V tricky/D ,/, often/R treacherous/V ,/, times/R ./.
After/P years/N of/I hesitation/N ,/, economic/N and/C political/J reform/N was/V embraced/V at/I the/D end/N of/I 1986/N ,/, but/W ringing/V declarations/N have/V yet/V to/T be/V translated/V into/I much/J action/N ./.
Vietnam/N is/V finding/V that/D turning/I a/D stagnant/J socialist/N order/V into/I a/D dynamic/J free/N market/N does/V n't/R come/R easy/V ./.
Here/N is/V how/P three/C _OOV_/N are/V coping/N with/I change/N :/:
The/D Tire/N King/N
_OOV_/N Van/N _OOV_/N is/V living/N proof/N that/W old/V ways/D die/J hard/N ./.
Mr./N _OOV_/N used/V to/T be/V an/D oddity/N in/I _OOV_/N :/: a/D private/N entrepreneur/N ./.
His/I business/N success/N made/I him/P an/D official/J target/N in/I _OOV_/C days/N ./.
Mr./N _OOV_/N ,/, now/R 64/C years/J old/N ,/, invented/V a/D fountain/N pen/V he/P and/C his/P family/J produced/N from/I plastic/J waste/N ./.
Later/D ,/, he/P marketed/J glue/N ./.
Both/D products/N were/V immensely/V popular/J ./.
For/I his/P troubles/V ,/, Mr./N _OOV_/N was/V jailed/N three/C times/N between/I _OOV_/N and/C 1974/N ./.
Though/I his/P operation/N was/V registered/N and/C used/V only/D scrap/N ,/, he/P was/V accused/N of/I conducting/N illegal/N business/N and/C possessing/J illegal/N materials/N ./.
Once/C he/P was/V held/V for/I three/C months/N without/T being/V charged/N ./.
Things/R were/V supposed/V to/T change/V when/I Vietnam/N 's/P economic/J reforms/N gathered/C pace/N ,/, and/C for/I awhile/V they/P did/V ./.
After/P years/N of/I experimenting/N ,/, Mr./N _OOV_/N produced/V a/D heavy-duty/J bicycle/J tire/N that/I outlasted/C its/P _OOV_/J rival/N ./.
By/I 1982/N ,/, he/P was/V selling/J thousands/N of/I tires/N ./.
_OOV_/N published/V articles/N about/I him/P ,/, and/C he/P was/V hailed/V as/I ``/` the/D tire/J king/N ./. ''/'
His/I efforts/N earned/V a/D gold/N medal/N at/I a/D national/J exhibition/N --/: and/C attracted/N renewed/V attention/N from/I local/J authorities/N ./.
District/J police/N in/I 1983/J descended/N on/I his/P suburban/J home/N ,/, which/W he/P and/C his/P large/J family/N used/V as/R both/I residence/N and/C factory/N ,/, and/C demanded/V proof/V the/D house/N and/C equipment/N were/V his/R ./.
He/P produced/V it/P ./.
``/N That/P was/V the/D first/N time/I they/P lost/V and/C I/P won/N ,/, ''/' he/P says/V ./.
He/P was/V further/J questioned/N to/T determine/V if/I he/P was/V ``/` a/D real/J working/N man/N or/C an/D _OOV_/N ./. ''/'
_OOV_/N Mr./N _OOV_/N :/: ``/N When/V I/P showed/V it/P was/V from/I my/P own/J brain/N ,/, they/P lost/N for/I the/D second/J time/N ./. ''/'
But/C a/D few/J days/N later/V the/D police/N accused/V him/P of/I stealing/J electricity/N ,/, acquiring/V rubber/N without/T permission/V and/C buying/V stolen/P property/N ./.
_OOV_/N he/P was/V to/T be/V jailed/J again/N ,/, he/P fled/V to/T the/D countryside/N ./.
His/I family/N was/V given/V three/C hours/N to/T leave/V before/I the/D house/N and/C contents/N were/V confiscated/N ./.
With/N only/I the/D clothes/P they/P were/V wearing/R ,/, family/J members/N moved/V to/T a/D home/J owned/N by/I one/C of/I Mr./N _OOV_/N 's/P sons/N ./.
After/P six/C months/N on/I the/D run/N ,/, Mr./N _OOV_/N learned/V the/D order/N for/I his/P arrest/N had/V been/V canceled/N ./.
He/P rejoined/V his/P family/N in/I January/N 1984/N and/C began/V the/D long/J struggle/N for/I justice/N ,/, pressing/R everyone/V from/I _OOV_/N municipal/I officials/N to/T National/V _OOV_/N deputies/N for/I restoration/N of/I his/P rights/N ./.
He/P and/C his/P family/N kept/V afloat/V by/I repairing/J bicycles/N ,/, selling/J fruit/N and/C doing/M odd/V jobs/N ./.
Mr./N _OOV_/N achieved/V a/D breakthrough/N in/I 1987/N --/: and/C became/V a/D minor/J celebrity/N again/V --/: when/I his/P story/N was/V published/V in/I a/D weekly/J newspaper/N ./.
In/I 1988/N ,/, 18/N months/V after/I the/D sixth/J congress/N formally/N endorsed/N family-run/N private/N enterprise/N ,/, district/J authorities/N allowed/V Mr./N _OOV_/C to/T resume/V work/N ./.
By/I late/J last/J year/N he/P was/V invited/V back/R as/I ``/` the/D tire/J king/N ''/' to/T display/V his/P products/N at/I a/D national/J exhibition/N ./.
National/D leaders/N stopped/V by/I his/P stand/D to/T commend/V his/P achievements/N ./.
Mr./N _OOV_/N now/I produces/J 1,000/N bicycle/N and/C motorbike/N tires/V a/D month/N and/C 1,000/N tins/N of/I _OOV_/N glue/N in/I the/D son/N 's/P small/J house/N ./.
_OOV_/N people/V pack/V the/D house/N 's/P two/C rooms/N --/: the/D _OOV_/N ,/, four/C of/I their/P 10/J children/N with/I spouses/N ,/, and/C eight/C of/I 22/C grandchildren/N ./.
Most/I sleep/N on/I the/D floor/N ./.
Come/D daybreak/N ,/, eight/C family/N members/N and/C two/C other/J workers/N _OOV_/N a/D sheet/N of/I raw/J rubber/N that/W covers/V the/D floor/N of/I the/D house/N and/C spills/N out/M onto/V the/D street/N ./.
The/D primitive/J operations/N also/V burst/N out/V the/D back/J door/N into/I a/D small/J courtyard/N ,/, where/W an/D ancient/J press/N squeezes/V rubber/J solution/N into/I a/D flat/J strip/N and/C newly/N made/V tires/N are/V cooled/N in/I a/D bathtub/J filled/N with/I water/N ./.
Mr./N _OOV_/N talks/I _OOV_/N of/I expanding/N ,/, maybe/V even/R moving/V into/I the/D _OOV_/J field/N ./.
First/N ,/, however/P ,/, he/P has/V unfinished/J business/N ./.
When/W district/J authorities/N allowed/V him/P to/T resume/V manufacturing/N ,/, they/P released/N only/W one/C of/I his/P machines/N ./.
They/P did/V n't/R return/V the/D rubber/N stocks/V that/W represent/V his/P capital/N ./.
Nor/V did/I they/P return/V his/P house/N and/C contents/N ,/, which/W he/P values/J at/N about/I $/$ _OOV_/C ./.
He/P wants/V to/T recover/V more/R than/I just/D his/P property/N ,/, though/R ./.
``/N I/P want/V my/P dignity/V back/R ,/, ''/' he/P says/V ./.
_OOV_/N _OOV_/N seemed/V an/D obvious/N choice/V when/I the/D _OOV_/N _OOV_/N Association/N was/V looking/V for/I a/D new/J editor/N to/T reform/V its/P weekly/J newspaper/N ,/, Van/N _OOV_/N ./.
After/P the/D sixth/J congress/N ,/, journalists/N seized/V the/D opportunity/J provided/N by/I the/D liberalization/N to/T probe/V previously/I taboo/J subjects/N ./.
Mr./N _OOV_/N ,/, 57/N years/V old/R ,/, had/I solid/J reformist/N credentials/N :/: He/P had/V lost/V his/P official/J position/N in/I the/D association/N in/I he/P early/R 1980s/C because/I he/P questioned/V the/D intrusion/N of/I politics/N into/W literature/N ./.
_OOV_/J editor/N in/I chief/N in/I July/N 1987/N ,/, Mr./N _OOV_/N rapidly/V turned/I the/D _OOV_/N Van/N _OOV_/N into/I Vietnam/N 's/P hottest/J paper/N ./.
_OOV_/N soared/N as/I the/D weekly/N went/V way/R beyond/I standard/N literary/J themes/N to/T cover/V _OOV_/J society/N and/C its/P ills/N ./.
_OOV_/N were/V electrified/N by/I the/D paper/N 's/P audacity/V and/C appalled/V by/I the/D dark/J side/N of/I life/N it/P uncovered/N ./.
One/D article/N recounted/V a/D decade-long/N struggle/V by/I a/D wounded/N soldier/V to/T prove/V ,/, officially/N ,/, he/P was/V alive/V ./.
Another/N described/V how/P _OOV_/J officials/N in/I _OOV_/N _OOV_/N province/N one/C night/N stormed/V through/I homes/N and/C confiscated/N rice/N from/I starving/P villagers/N ./.
The/D newspaper/N also/R ran/V a/D series/N of/I controversial/N short/N stories/N by/I _OOV_/N _OOV_/N _OOV_/N ,/, a/D former/J history/N teacher/N ,/, who/W stirred/V debate/N over/I his/P interpretation/N of/I _OOV_/J culture/N and/C took/V a/D thinly/C veiled/R swipe/V at/I writers/N who/W had/V blocked/V his/P entry/V into/I their/P official/J association/N ./.
Van/N _OOV_/N quickly/V made/V influential/V enemies/P ./.
``/N Those/N who/W manage/V ideology/N and/C a/D large/J number/N of/I writers/J reacted/N badly/V ''/' to/T the/D restyled/N paper/N ,/, says/V _OOV_/N _OOV_/N An/N ,/, a/D literary/J critic/N ./.
After/P months/N of/I internal/N _OOV_/N ,/, Mr./N _OOV_/N was/V fired/V last/J December/N ./.
His/I dismissal/N triggered/V a/D furor/N among/V intellectuals/N that/W continues/V today/R ./.
``/N Under/N Mr./N _OOV_/N ,/, Van/N _OOV_/N protected/V the/D people/N instead/V of/I the/D government/N ,/, ''/' says/V _OOV_/N _OOV_/N ,/, a/D poet/N who/W is/V the/D paper/N 's/P bureau/J chief/N for/I southern/N Vietnam/C ./.
``/` The/D paper/N reflected/I the/D truth/N ./.
For/I the/D leadership/N ,/, that/W was/V too/R painful/V to/T bear/N ./. ''/'
The/D `/N _OOV_/N '/P
_OOV_/N _OOV_/N _OOV_/N is/V Vietnam/N 's/P entrepreneur/N of/I the/D 1980s/N ./.
Her/J challenge/N is/V to/T keep/V her/P fledgling/V empire/V on/I top/N in/I the/D 1990s/N ./.
Mrs./N _OOV_/N did/V n't/R wait/V for/I the/D reforms/N to/T get/V her/P start/R ./.
She/P charged/V ahead/R of/I the/D government/N and/C the/D law/N to/T establish/V _OOV_/N City/N Food/N Co./N as/I the/D biggest/J rice/N dealer/V in/I the/D country/N ./.
Her/J success/N ,/, which/W included/V alleviating/V an/D urban/J food/N shortage/N in/I the/D early/J 1980s/N ,/, helped/N persuade/V _OOV_/C to/T take/V the/D reform/N path/V ./.
Her/J story/N is/V becoming/V part/R of/I local/J folklore/N ./.
A/D lifelong/J revolutionary/N with/I little/J education/N who/W fought/V both/I the/D French/N and/C the/D _OOV_/N _OOV_/N regime/N ,/, she/P switched/N effortlessly/V to/T commerce/N after/V the/D war/N ./.
Her/R instincts/V were/V capitalistic/N ,/, despite/V her/P background/N ./.
As/I she/P rode/V over/I regulations/N ,/, only/W her/P friendship/V with/I party/J leaders/N ,/, including/J _OOV_/N Van/N _OOV_/N ,/, then/I Ho/N Chi/N Minh/N City/N party/N secretary/N ,/, kept/V her/P out/V of/I jail/N ./.
Following/D Mr./N _OOV_/N 's/P appointment/N as/I _OOV_/N of/I the/D party/N at/I the/D sixth/J congress/N ,/, Mrs./N _OOV_/N has/V become/V the/D darling/N of/I ``/N doi/N moi/N ''/' ,/, the/D _OOV_/J version/N of/I perestroika/N ./.
The/D authorities/N have/I steered/D foreign/N reporters/N to/T her/P office/N to/T see/V an/D example/N of/I ``/C the/D new/J way/N of/I thinking/N ./. ''/'
Foreign/N publications/N have/V responded/V with/I articles/N declaring/V her/P Vietnam/N 's/P richest/N woman/N ./.
``/N Some/N people/V call/N me/V the/D communist/J billionaire/N ,/, ''/' she/P has/V told/V visitors/N ./.
Actually/R ,/, 67-year-old/N Mrs./N _OOV_/N is/V about/R as/R poor/V as/I almost/E everyone/M else/V in/I this/D impoverished/J land/N ./.
She/P has/V indeed/R turned/V _OOV_/N City/N Food/N into/I a/D budding/N conglomerate/N ,/, but/I the/D company/N itself/D remains/J state-owned/N ./.
She/P manages/V it/P with/I the/D title/N of/I _OOV_/N ./.
The/D heart/N of/I the/D business/N is/V the/D purchase/N of/I rice/N and/C other/J commodities/N ,/, such/N as/I corn/N and/C coffee/N ,/, from/I farmers/N in/I the/D south/N ,/, paying/V with/I fertilizer/N ,/, farm/J tools/N and/C other/J items/N ./.
Last/D year/N ,/, _OOV_/N City/N Food/N says/V it/P bought/N two/C million/N metric/N tons/N of/I _OOV_/N rice/N ,/, more/R than/I 10/C %/N of/I the/D country/N 's/P output/N ./.
The/D company/N operates/V a/D fleet/N of/I trucks/N and/C boats/N to/T transport/V the/D commodities/N to/T its/P warehouses/N ./.
A/D subsidiary/J company/N processes/N commodities/N into/C foods/N such/V as/I instant/N noodles/N that/W are/V sold/V with/I the/D rice/N through/I a/D vast/J retail/N network/N ./.
In/I recent/J years/N ,/, Mrs./N _OOV_/N has/V started/V to/T diversify/V the/D company/N ,/, taking/T a/D 20/N %/N stake/N in/I newly/J established/N ,/, partly/I private/N Industrial/N and/C Commercial/N Bank/N ,/, and/C setting/D up/I _OOV_/N _OOV_/N ,/, which/W owns/N and/C operates/N Vietnam/N 's/P first/J oil/N refinery/N ./.
Mrs./N _OOV_/N says/V _OOV_/N City/N Food/N last/J year/N increased/V pretax/C profit/N 60/N %/N to/T the/D equivalent/N of/I about/R $/$ 2.7/C million/C on/I sales/N of/I $/$ 150/C million/C ./.
She/P expects/V both/D revenue/N and/C profit/N to/T gain/V this/D year/N ./.
She/P is/V almost/R cavalier/R about/I the/D possibility/J Vietnam/N 's/P reforms/N will/M create/V rivals/V on/I her/P home/V turf/I ./.
``/N I/P do/V n't/R mind/V the/D competition/N inside/V the/D country/N ,/, ''/' she/P says/V ./.
``/N I/P am/V only/I afraid/P that/V with/I Vietnam/N 's/P _OOV_/J products/N we/P ca/M n't/R compete/V with/I neighboring/N countries/N ./.
The/D earthquake/N that/W hit/V the/D San/N Francisco/N Bay/N area/N is/V n't/R likely/V to/T result/V in/I wholesale/J downgrading/N of/I bond/J ratings/N ,/, officials/N at/I the/D two/C major/J rating/N agencies/N said/V ./.
Standard/N &/C Poor/N 's/P Corp./N is/V reviewing/J debt/N issued/N by/I 12/N California/N counties/N ,/, and/C ``/N there/E are/V potential/V isolated/J problems/N ,/, ''/' said/V _OOV_/N _OOV_/N ,/, a/D managing/N director/N ./.
The/D agency/N is/V preparing/V a/D report/N ,/, to/T be/V issued/N today/R ,/, on/I the/D earthquake/N 's/P impact/N on/I the/D and/C _OOV_/N industry/N ./.
The/D only/J securities/N so/P far/V to/T be/V singled/V out/V are/V those/T issued/V by/I Bay/V View/N Federal/N Savings/N &/C Loan/N ./.
Moody/N 's/P Investors/N Service/N Inc./N said/V it/P is/V reviewing/N ,/, with/I an/D eye/N toward/V a/D possible/J _OOV_/N ,/, the/D ratings/N on/I Bay/N View/N Federal/N bonds/N ,/, long-term/N deposits/N and/C the/D _OOV_/N rating/N of/I its/P parent/J company/N ,/, Bay/V View/N Capital/N Corp/N ./.
As/N for/I property/N and/C casualty/V insurers/N ,/, Moody/N 's/P said/V ``/J preliminary/N estimates/N suggest/V that/D losses/N should/M not/V have/I a/D significant/J impact/N on/I most/R insurers/V '/P financial/N condition/N ,/, ''/' but/I it/P ``/N raises/M concerns/V about/I potentially/N substantial/V risks/N ''/' longer-term/N ./.
``/N _OOV_/N from/I the/D earthquake/N are/V expected/V to/T be/V of/I similar/J magnitude/N to/T those/V of/I Hurricane/N Hugo/N ,/, ''/' according/V to/T Moody/N 's/P ./.
Your/N Oct./N 5/N editorial/V ``/C A/N Democratic/N Tax/N _OOV_/N ''/' contained/V an/D error/N ./.
In/I the/D third/J paragraph/N it/P referred/V to/T the/D senators/N seeking/V loophole/J suggestions/N from/I lobbyists/N for/I various/J sectors/N of/I the/D economy/N ./.
Among/I them/P ,/, ``/N banana/N farmers/N ./. ''/'
The/D only/J significant/J commercial/N banana/N farmers/V in/I the/D U.S./N are/V in/I Hawaii/N ./.
The/D Hawaii/N _OOV_/N Industry/N Association/N ,/, to/T which/D nearly/I all/D of/I them/P belong/N ,/, has/V no/D lobbyist/N ./.
Thomas/N _OOV_/N Reese/N _OOV_/N ./.
_OOV_/N _OOV_/N Co/N ./.
Western/N Digital/N Corp./N reported/V a/D net/N loss/N of/I $/$ 2.7/C million/C ,/, or/C nine/C cents/N a/D share/N ,/, for/I its/P first/J quarter/N ended/V Sept./N 30/N ,/, citing/J factors/N as/I varied/N as/I hurricane/J damage/N ,/, an/D advance/N in/I graphics/J technology/N and/C the/D strengthening/J dollar/N ./.
In/I the/D year-ago/J period/N ,/, the/D company/N earned/V $/$ 12.9/C million/C ,/, or/C 45/N cents/N a/D share/N ,/, on/I sales/N of/I $/$ 247/C million/C ./.
Sales/N for/I the/D _OOV_/N period/R fell/V to/T about/R $/$ 225/C million/C ,/, the/D maker/N of/I computer/N parts/I said/V ./.
_OOV_/N ,/, Chairman/N _OOV_/N W./N Johnson/N said/V he/P expects/V the/D company/N to/T be/V profitable/N in/I the/D current/N quarter/N ./.
``/N We/V are/V positioned/V to/T come/V through/R ,/, ''/' he/P said/V ,/, noting/V that/I the/D company/N 's/P backlog/N was/V up/R from/I the/D previous/J quarter/N ./.
In/I its/P second/J quarter/N last/J year/N ,/, Western/N Digital/N earned/V $/$ _OOV_/C million/C ,/, or/C 44/N cents/N a/D share/N ,/, on/I sales/N of/I $/$ _OOV_/C million/C ./.
Mr./N Johnson/N said/V Western/N Digital/N 's/P plant/N in/I Puerto/N Rico/N was/V affected/V by/I Hurricane/N Hugo/N ,/, losing/V three/C days/N '/P production/N because/I of/I the/D storm/N ,/, which/W wrecked/P much/J of/I the/D Caribbean/N island/N 's/P infrastructure/N ./.
Although/I the/D plant/N itself/I was/V n't/R damaged/V ,/, Mr./N Johnson/N said/V millions/V of/I dollars/N in/I first-quarter/N revenue/N were/I lost/N ./.
The/D revenue/N will/M be/V regained/V in/I the/D current/N period/N ,/, he/P added/N ./.
There/E are/V no/D plans/N to/T initiate/V a/D common/J stock/N dividend/N ,/, Mr./N Johnson/N said/V ,/, explaining/N that/I the/D board/N continues/V to/T believe/V shareholders/N are/V best/J served/N by/I _OOV_/N excess/N cash/N ./.
Mr./N Johnson/N said/V the/D first-quarter/J loss/N also/I heavily/N reflected/I a/D rapid/J change/N in/I graphics/J technology/N that/W left/V reseller/N channels/N with/I too/P many/N of/I the/D old/J computer/N graphics/J boards/N and/C too/V few/I new/J monitors/N compatible/N with/I the/D new/J graphics/J boards/N ./.
Western/N Digital/N does/V n't/R make/V the/D monitors/N ./.
An/D accelerating/N move/V by/R personal/V computer/J manufacturers/N '/' to/T include/V advanced/N graphics/J capabilities/N as/I standard/J equipment/N further/V dampened/V reseller/J purchases/N of/I Western/N Digital/N 's/P equipment/N ./.
``/` The/D other/J areas/N of/I the/D business/N --/: storage/N and/C microcomputers/N --/: were/V very/R good/R ,/, ''/' Mr./N Johnson/N said/V ./.
He/P said/V Western/N Digital/N has/V reacted/V swiftly/V to/T the/D movement/N to/T video/V graphics/J array/N ,/, _OOV_/N ,/, graphics/J technology/N from/I the/D old/J enhanced/N graphics/J adapter/N ,/, _OOV_/N ,/, which/W has/V a/D lower/J resolution/N standard/N ,/, technology/N and/C now/R is/V one/C of/I the/D leading/J producers/N of/I these/D newer/J units/N ./.
Other/D makers/N of/I video/J controller/N equipment/N also/V were/V caught/V in/I the/D _OOV_/J shift/N ,/, he/P said/V ,/, ``/C but/I we/P were/V able/T to/T respond/V much/R more/R quickly/V ./. ''/'
Still/R ,/, Mr./N Johnson/N said/V ,/, ``/N our/P stock/N is/V grossly/V undervalued/N ./. ''/'
He/P said/V the/D company/N has/V cut/J operating/N expenses/N by/I about/R 10/C %/N over/I the/D last/N few/R quarters/R ,/, while/I maintaining/J research/N and/C development/N at/I about/R 8/C %/N to/T 9/C %/N of/I sales/N ./.
As/I part/N of/I its/P reorganization/N this/D week/N ,/, Western/N Digital/N has/V divided/V its/P business/N into/I two/C segments/N --/: storage/N products/N ,/, including/J controllers/N and/C disk/J drives/N ;/: and/C microcomputer/J products/N ,/, which/W include/V graphics/N ,/, communications/N and/C peripheral/J control/N chips/N ./.
Graphics/N ,/, communications/N and/C peripheral/J control/N chips/N were/V combined/V because/I ,/, increasingly/J ,/, multiple/J functions/N are/V being/I governed/N by/I a/D single/J chip/N ./.
_OOV_/N ,/, which/W includes/V computer/J controllers/N and/C _OOV_/N disk/N drives/N ,/, represents/V nearly/I two-thirds/N of/I the/D company/N 's/P business/N ./.
_OOV_/N drives/N ,/, which/W allow/V a/D computer/N to/T access/V its/P memory/N ,/, generated/V 38/C %/N more/R revenue/N in/I the/D most/J recent/N period/R compared/R with/I the/D fiscal/N first/N quarter/V a/D year/N earlier/R ./.
Computer/D parts/N are/V getting/V ever/V smaller/N ,/, Mr./N Johnson/N said/V ,/, a/D shrinking/N that/W has/V propelled/J laptops/N into/I position/N as/I the/D _OOV_/N segment/N of/I the/D computer/J business/N ./.
As/I smaller/N and/C more/R powerful/J computers/N continue/V to/T be/V the/D focus/N of/I the/D industry/N ,/, he/P said/V ,/, Western/N Digital/N is/V strengthening/V development/N of/I laptop/J parts/N ./.
Next/J year/N Western/N Digital/N plans/V to/T consolidate/V its/P operations/N from/I 11/N buildings/N in/I _OOV_/C into/I two/C buildings/N in/I the/D same/J _OOV_/J new/J headquarters/N and/C ,/, a/D block/N away/N ,/, a/D modern/J $/$ 100/C million/C silicon/N wafer/N fabrication/V plant/N ./.
The/D plan/N will/M help/V the/D company/N in/I its/P existing/J joint/N manufacturing/N agreement/N with/I AT&T/N ./.
About/J half/N of/I Western/N Digital/N 's/P business/N is/V overseas/N ,/, and/C Mr./N Johnson/N expects/V that/D proportion/R to/T continue/V ./.
_OOV_/C to/T dissolve/V many/J of/I the/D trade/N barriers/N within/I Europe/N in/I 1992/N creates/V significant/J opportunities/N for/I the/D company/N ,/, he/P said/V ,/, particularly/J since/I Western/C Digital/I already/P manufactures/N there/I ./.
Capitalizing/N on/I that/D presence/N ,/, Western/N Digital/N is/V launching/V a/D major/J effort/N to/T develop/V the/D embryonic/N reseller/N market/N in/I Europe/N ./.
_OOV_/N of/I state-owned/N Banca/N _OOV_/N del/N _OOV_/N approved/N a/D _OOV_/N _OOV_/N transaction/N and/C a/D change/N in/I the/D bank/N 's/P rules/N that/W will/M help/V it/P operate/N more/R like/R a/D private-sector/J institution/N ./.
Until/J now/N ,/, _OOV_/N 's/P top/J managers/N and/C its/P directors/N have/V been/V appointed/V by/I a/D Treasury/J decree/N ./.
But/C under/I the/D bank/N 's/P proposed/J statutes/N ,/, an/D assembly/N of/I shareholders/N must/M approve/V board/N members/N ./.
The/D bank/N 's/P chairman/N and/C director/J general/N ,/, who/W also/V sit/V on/I the/D board/N ,/, still/R would/M be/V appointed/V by/I the/D Treasury/N ./.
_OOV_/N ,/, which/W is/V controlled/N by/I the/D Italian/N Treasury/N ,/, was/V rocked/V by/I the/D disclosure/N last/V month/N that/I its/P Atlanta/N branch/N extended/V more/R than/I $/$ 3/C billion/C in/I unauthorized/J credits/N to/T _OOV_/C ./.
The/D ensuing/J scandal/N ,/, in/I which/W the/D bank/N 's/P management/N resigned/N ,/, has/V helped/N renew/V calls/V for/I privatization/N ,/, or/C at/I least/I an/D overhaul/N ,/, of/I Italy/N 's/P banking/N system/N ,/, which/W is/V about/I 80/C %/N _OOV_/N ./.
In/I a/D related/N move/V ,/, the/D bank/N also/V proposed/V that/D board/N representation/N be/V linked/J more/N closely/V to/T the/D bank/N 's/P new/J shareholding/N structure/N ./.
_OOV_/N called/V a/D shareholders/N '/P assembly/N meeting/N in/I December/N to/T vote/V on/I the/D proposals/N ./.
_OOV_/N has/V about/I 75,000/N _OOV_/N shares/N that/W are/V listed/V on/I the/D Milan/N Stock/N Exchange/N ./.
The/D shares/N were/V suspended/V from/I trading/N following/J disclosure/N of/I the/D Atlanta/J scandal/N ;/: _OOV_/C ,/, the/D stock/J exchange/N regulatory/N body/V ,/, reportedly/N will/M decide/R soon/V whether/V to/T end/V the/D trading/N suspension/N ./.
Switzerland/N 's/P wholesale/J price/N index/N increased/V 0.3/C %/N in/I September/N from/I August/N ,/, and/C was/V up/R 3.9/C %/N from/I a/D year/N ago/I ,/, marking/V the/D first/N time/V this/D year/N that/I the/D index/N has/V fallen/N below/V 4/C %/N on/I a/D _OOV_/J basis/N ,/, the/D government/N reported/N ./.
The/D government/N attributed/V the/D 0.3/N %/N _OOV_/N rise/V in/I the/D index/N largely/V to/T higher/V energy/J prices/N ./.
In/I August/N ,/, the/D index/N was/V up/R 0.2/C %/N from/I the/D previous/J month/N ,/, and/C was/V up/R 4.5/C %/N on/I a/D _OOV_/J basis/N ./.
The/D wholesale/J price/N index/N ,/, based/N on/I 1963/N as/I 100/N ,/, was/V _OOV_/N in/I September/N ./.
American/N Express/N Co./N posted/V a/D 21/N %/N increase/N in/I third/D quarter/N net/C income/N despite/V a/D sharp/J rise/N in/I reserves/N for/I Third/N World/N loans/N at/I its/P banking/N unit/N ./.
Aided/N by/I a/D sharp/J gain/N in/I its/P travel/J business/N ,/, American/N Express/N said/V net/J rose/N to/T $/$ _OOV_/C million/C ,/, or/C 77/N cents/N a/D share/N ,/, from/I $/$ _OOV_/C million/C ,/, or/C 64/N cents/N a/D share/N ./.
The/D year-earlier/N figures/R included/V $/$ _OOV_/C million/C ,/, or/C three/C cents/N a/D share/N ,/, in/I income/N from/I discontinued/J operations/N ./.
Income/N from/I continuing/J operations/N was/V up/R 26/C %/N ./.
Revenue/N rose/V 24/C %/N to/T $/$ 6.5/C billion/C from/I $/$ _OOV_/C billion/C ./.
The/D travel/N ,/, investment/N services/N ,/, insurance/N and/C banking/N concern/N added/V $/$ 110/C million/C to/T reserves/V for/I credit/N losses/V at/I its/P American/N Express/N Bank/N unit/N ,/, boosting/V the/D reserve/N to/T $/$ _OOV_/C million/C as/I of/I Sept./N 30/N ./.
The/D bank/N 's/P Third/C World/N debt/N portfolio/N totals/V $/$ _OOV_/C million/C ,/, down/R from/I $/$ 2.2/C billion/C at/I the/D end/N of/I 1986/N ./.
The/D bank/N charged/N off/I $/$ 53/C million/C in/I loans/N during/I the/D quarter/N ./.
At/I the/D American/N Express/N Travel/N Related/N Services/N Co./N unit/N ,/, net/N rose/V 17/C %/N to/T a/D record/N $/$ _OOV_/C million/C on/I a/D 19/N %/N revenue/N increase/N ./.
The/D figures/N exclude/J businesses/N now/I organized/N as/I American/N Express/N Information/N Services/N Co/N ./.
American/N Express/N card/N charge/V volume/N rose/V 12/C %/N ./.
Travel/J sales/N rose/V 11/C %/N ,/, led/V by/I gains/N in/I the/D U.S/N ./.
At/I _OOV_/C Financial/N Services/N ,/, the/D financial/N planning/N and/C mutual/N fund/N unit/N ,/, net/N rose/V 19/C %/N to/T a/D record/N $/$ _OOV_/C million/C on/I a/D 33/N %/N revenue/N gain/N ./.
_OOV_/N owned/N or/C managed/V rose/V 20/C %/N to/T $/$ 45/C billion/C ,/, and/C mutual/N fund/N sales/N rose/V 45/C %/N in/I the/D quarter/N to/T $/$ _OOV_/C million/C ./.
American/N Express/N Bank/N earnings/N fell/V 50/C %/N to/T $/$ _OOV_/C million/C from/I $/$ _OOV_/C million/C despite/C a/D 29/N %/N revenue/N gain/N ./.
The/D results/N include/V $/$ 106/C million/C of/I tax/N benefits/V associated/D with/I previous/J years/N '/P Third/N World/N loan/N activity/N ,/, compared/R with/I $/$ 15/C million/C a/D year/N earlier/R ./.
Profit/N rose/V 38/C %/N at/I American/N Express/N Information/N Services/N to/T $/$ _OOV_/C million/C ./.
Shearson/N Lehman/N Hutton/N Holdings/N Inc./N ,/, as/R previously/V reported/N ,/, had/I net/N of/I $/$ _OOV_/C million/C ,/, reversing/W a/D $/$ 3.5/C million/C loss/N a/D year/N earlier/R ;/: its/P latest/J results/N include/V a/D $/$ 37/C million/C gain/N from/I the/D sale/N of/I an/D institutional/N money/V management/N business/N ./.
American/N Express/N 's/P share/N of/I Shearson/N 's/P earnings/N was/V $/$ 41/C million/C ,/, after/V preferred/D stock/N dividends/N ;/: it/P owns/N about/I 68/C %/N of/I Shearson/N 's/P common/N ./.
For/I the/D nine/C months/N ,/, American/N Express/N said/V net/N rose/V 11/C %/N to/T $/$ _OOV_/C million/C ,/, or/C $/$ _OOV_/C a/D share/N ,/, from/I $/$ _OOV_/C million/C ,/, or/C $/$ _OOV_/C a/D share/N ./.
Revenue/N rose/V 24/C %/N to/T $/$ _OOV_/C billion/C from/I $/$ _OOV_/C billion/C ./.
_OOV_/N Inc./N ,/, hampered/V by/I a/D slowdown/N in/I its/P defense/N sales/N ,/, reported/V an/D 8/N %/N decline/N in/I per-share/J earnings/N on/I nearly/I flat/J revenue/N for/I its/P third/J quarter/N ./.
The/D aerospace/N and/C financial/J services/N concern/N said/V net/J income/N fell/V 5/C %/N to/T $/$ _OOV_/C million/C from/I $/$ 62.8/C million/C ./.
Revenue/N of/I $/$ _OOV_/C billion/C was/N almost/I unchanged/D from/I last/J year/N 's/P $/$ _OOV_/C billion/C ./.
Per-share/N net/N of/I 66/C cents/N ,/, down/R from/I 72/C cents/N ,/, fell/V by/I more/J than/I overall/J net/N because/I of/I more/J shares/J outstanding/N ./.
The/D company/N said/V that/D improved/J results/N in/I its/P financial-services/J sector/N were/V negated/R by/I increased/J costs/N in/I its/P government/N contract/N business/N ,/, lower/J operating/N earnings/N in/I its/P _OOV_/J sector/N and/C soft/J automotive/N markets/N ./.
Net/N was/V aided/N by/I a/D lower/J income/N tax/N rate/N ./.
Profit/N before/I taxes/N fell/V 17/C %/N to/T $/$ _OOV_/C million/C from/I $/$ _OOV_/C million/C ./.
For/I the/D nine/C months/N ,/, _OOV_/N reported/N net/N of/I $/$ _OOV_/C million/C ,/, or/C $/$ 2.06/C a/D share/N ,/, on/I revenue/N of/I $/$ _OOV_/C billion/C ./.
A/D year/N ago/R ,/, net/N was/V $/$ _OOV_/C million/C ,/, or/C $/$ _OOV_/C a/D share/N ,/, on/I revenue/N of/I $/$ 5.3/C billion/C ./.
The/D _OOV_/N results/N included/V a/D $/$ 9.5/C million/C special/J charge/N in/I 1989/N for/I an/D arbitration/N settlement/N related/N to/T past/V export/J sales/N ,/, and/C $/$ _OOV_/C million/C in/I extraordinary/J charges/N in/I 1988/J related/N to/T a/D former/J line/N of/I business/N and/C early/J redemption/N of/I debt/N ./.
_OOV_/N said/V that/I _OOV_/N '/P results/N do/V n't/R include/V earnings/N of/I _OOV_/N PLC/N ,/, a/D British/N maker/N of/I industrial/J _OOV_/N ,/, but/W do/V include/J interest/N costs/N of/I $/$ _OOV_/C million/C on/I borrowings/J related/N to/T the/D proposed/J purchase/N of/I _OOV_/N ./.
A/D federal/N judge/N has/V issued/V a/D preliminary/N injunction/N against/V the/D purchase/N because/I of/I Federal/N Trade/N Commission/N concerns/N that/I the/D transaction/N would/M reduce/V competition/N in/I the/D production/N of/I two/C kinds/N of/I rivets/N ./.
For/I the/D quarter/N ,/, _OOV_/N said/V aerospace/J revenue/N ,/, including/J _OOV_/N helicopter/N and/C _OOV_/N manufacture/N ,/, declined/V _OOV_/C %/N to/T $/$ _OOV_/C million/C from/I $/$ _OOV_/C million/C ,/, an/D indication/N of/I slowing/J government/N defense/N work/N ./.
As/I the/D _OOV_/N brothers/N '/P personal/N bankruptcy/N cases/V _OOV_/N into/I their/P second/J year/N ,/, _OOV_/N S.A./N has/V proposed/V a/D deal/N to/T settle/V its/P huge/J claim/N against/I the/D troubled/J Texas/N oil/N men/C ./.
But/C the/D plan/N only/W threatens/V to/T heighten/V the/D tension/J and/C confusion/D already/J surrounding/I the/D cases/N that/W were/V filed/N in/I September/N 1988/C ./.
The/D _OOV_/N mineral/J concern/N 's/P $/$ _OOV_/C million/C claim/N stems/V from/I 1988/C jury/N award/V in/I a/D case/N stemming/V from/I the/D brothers/N '/P alleged/J attempts/N to/T corner/V the/D _OOV_/J silver/N market/N ./.
_OOV_/J now/N says/V it/P is/V willing/V to/T settle/V for/I up/R to/T $/$ _OOV_/C million/C from/I each/D brother/N ,/, although/I the/D actual/D amount/N would/M probably/V be/R much/V less/R ./.
Although/I the/D proposal/N must/M be/V approved/N by/I federal/N Judge/N Harold/N C./N _OOV_/N ,/, W./N Herbert/N _OOV_/N has/V agreed/N to/T the/D _OOV_/N mineral/J concern/N 's/P proposal/N ./.
Nelson/N _OOV_/N _OOV_/N is/V considering/I it/P ,/, although/I his/P attorney/N says/V he/P wo/V n't/R do/V it/P if/V the/D proposal/N _OOV_/C a/D tentative/N settlement/V he/P has/V reached/V with/I the/D Internal/N Revenue/N Service/N ,/, which/W claims/V the/D brothers/N owe/V $/$ 1/C billion/C in/I back/J taxes/N and/C is/V by/I far/I the/D biggest/J creditor/N in/I both/D cases/N ./.
The/D tentative/N agreement/N between/I the/D _OOV_/N and/C Nelson/N _OOV_/N _OOV_/N is/V awaiting/V U.S./N Justice/N Department/N approval/N ./.
Under/N it/V ,/, the/D former/N billionaire/N 's/P assets/N would/M be/V liquidated/V with/I the/D _OOV_/N getting/V 80/C %/N of/I the/D proceeds/N and/C the/D rest/N being/I divided/N among/V other/J creditors/N ,/, including/J _OOV_/N and/C Manufacturers/N _OOV_/N Trust/N Co./N ,/, which/W is/V seeking/J repayment/N of/I a/D $/$ 36/C million/C loan/N ./.
A/D _OOV_/N proposal/N has/V been/V made/V in/I the/D W./N Herbert/N _OOV_/N case/N although/I he/P and/C the/D _OOV_/N are/V at/I odds/D over/I the/D size/N of/I the/D _OOV_/J debt/N he/P would/M have/V to/T pay/V to/T the/D government/N from/I future/J earnings/N ./.
In/I both/D cases/N ,/, _OOV_/N and/C Manufacturers/N _OOV_/N have/V been/V fighting/V ferociously/N over/I their/P shares/N of/I the/D pie/N ./.
With/J support/N from/I the/D _OOV_/N ,/, Manufacturers/N _OOV_/N has/V filed/J suit/N asking/V Judge/N _OOV_/C to/T subordinate/V _OOV_/N 's/P claim/V to/T those/V of/I _OOV_/N _OOV_/N and/C the/D _OOV_/N ./.
_OOV_/N has/V threatened/V a/D ``/N volcano/N ''/' of/I litigation/N if/I the/D Manufacturers/N _OOV_/N Corp./N unit/N attempts/N to/T force/N such/V a/D plan/N through/I the/D court/N ./.
_OOV_/N said/V it/P would/M n't/R pursue/V such/J litigation/N if/V its/P settlement/N plan/N in/I the/D W./N Herbert/N _OOV_/N case/N is/V approved/N by/I Judge/N _OOV_/N ,/, who/W will/V consider/I the/D proposal/N at/I a/D hearing/N next/J week/N ./.
_OOV_/N attorney/N Thomas/N _OOV_/N _OOV_/C the/D plan/N as/I one/C step/N toward/V an/D overall/J settlement/N of/I the/D W./N Herbert/N _OOV_/N case/V but/I Hugh/N Ray/N ,/, attorney/N for/I Manufacturers/N _OOV_/N ,/, called/V it/P ``/N silly/. ''/' and/C said/V he/P would/M fight/V it/V in/I court/N ./.
``/` The/D thing/N is/V so/P fluid/V right/N now/V that/I there/E 's/P really/V no/I way/P to/T say/V what/P will/M happen/V ,/, ''/' says/V Justice/N Department/N attorney/N _OOV_/N _OOV_/N III/N ,/, who/W represents/V the/D _OOV_/N in/I the/D case/N ./.
``/N Developments/N like/I this/D are/J hard/N to/T predict/N ./.
Banc/D One/N Corp./N said/V it/P agreed/N in/I principle/N to/T buy/V five/C branch/J offices/N from/I _OOV_/N Inc./N ,/, Toledo/N ,/, Ohio/N ,/, following/V the/D planned/N merger/N of/I _OOV_/C into/I Society/N Corp./N ,/, Cleveland/N ./.
The/D five/C offices/N in/I Erie/N and/C _OOV_/N counties/N in/I northern/J Ohio/N have/V total/V assets/N of/I about/R $/$ 88/C million/C ,/, Banc/N One/N said/V ./.
The/D purchase/N price/N will/M be/V established/N after/V Banc/N One/N has/V an/D opportunity/N to/T study/V the/D quality/N of/I the/D assets/N ,/, Banc/N One/N said/V ./.
Society/D Corp./N already/V has/V branches/N in/I the/D area/N ,/, and/C selling/V the/D _OOV_/N offices/N could/M avoid/V a/D problem/N with/I regulators/N over/I excessive/J concentration/N of/I banking/N in/I the/D two/C counties/N after/V the/D merger/N of/I _OOV_/C into/I Society/N ,/, according/V to/T industry/J sources/N ./.
The/D merger/N is/V scheduled/N to/T take/V place/R in/I the/D 1990/N first/I quarter/N ./.
_OOV_/N fears/V and/C relatively/J more/J attractive/J interest/N rates/N pushed/I _OOV_/J mutual/N fund/N assets/N up/I $/$ _OOV_/C billion/C in/I the/D latest/J week/N ,/, the/D sharpest/J increase/N in/I almost/C two/C years/N ./.
The/D _OOV_/N funds/N tracked/V by/I the/D Investment/N Company/N Institute/N ,/, a/D _OOV_/J trade/N group/N ,/, rose/V to/T $/$ _OOV_/C billion/C ,/, a/D record/N ./.
The/D $/$ _OOV_/C billion/C increase/N was/V the/D strongest/C weekly/J inflow/N since/I January/N 1988/C ./.
The/D increase/N was/V spread/R fairly/R evenly/R among/R all/I three/C types/N of/I funds/N ./.
Individual/J investors/N ,/, represented/V in/I the/D _OOV_/N and/C broker-dealer/N fund/N categories/N ,/, pulled/W money/V from/I the/D stock/N market/N after/V its/P big/N drop/P last/J Friday/N and/C put/V the/D money/N into/I funds/N ,/, said/V _OOV_/N _OOV_/N ,/, vice/N president/N and/C chief/J economist/N of/I the/D Institute/N ./.
``/N _OOV_/N investors/N ,/, on/I the/D other/J hand/N ,/, reacted/V to/T the/D steep/J decline/N in/I yields/N on/I direct/N _OOV_/N instruments/N following/V the/D _OOV_/N decline/J last/N Friday/N ,/, ''/' Mr./N _OOV_/N said/V ./.
Yields/N on/I money/J funds/N dropped/V in/I the/D week/N ended/I Tuesday/N ,/, according/V to/T _OOV_/N 's/P Money/N Fund/N Report/N ,/, a/D _OOV_/N ,/, Mass./N ,/, newsletter/N ./.
The/D average/N _OOV_/C compounded/J yield/N fell/V to/T _OOV_/C %/N from/I 8.60/C %/N the/D week/N earlier/R ,/, _OOV_/N 's/P said/V ./.
At/I the/D auction/N of/I six-month/N U.S./N Treasury/N bills/N on/I Monday/N ,/, the/D average/J yield/N fell/V to/T _OOV_/C %/N from/I _OOV_/C %/N ./.
Likewise/N ,/, certificates/N of/I deposit/N on/I average/J posted/N lower/V yields/N in/I the/D week/N ended/I Tuesday/N ./.
The/D _OOV_/N _OOV_/N money/V funds/N rose/V $/$ _OOV_/C billion/C to/T $/$ _OOV_/C billion/C ./.
The/D _OOV_/N _OOV_/N funds/N increased/V $/$ _OOV_/C billion/C to/T $/$ _OOV_/C billion/C ,/, while/I 96/N broker-dealer/N funds/N increased/V $/$ 1.3/C billion/C to/T $/$ _OOV_/C billion/C ./.
Domestic/N lending/N for/I real/J estate/N and/C property/N development/N was/V the/D source/N of/I Bank/N _OOV_/N Malaysia/N _OOV_/N 's/P most/J recent/J spate/N of/I financial/N troubles/V ,/, the/D institution/N 's/P executive/N chairman/N ,/, _OOV_/N _OOV_/N _OOV_/N ,/, said/V ./.
Speaking/N to/T reporters/V this/D week/N after/I Bank/N _OOV_/N 's/P shareholders/N approved/N a/D rescue/J plan/N ,/, _OOV_/N _OOV_/N _OOV_/N said/V heavy/R lending/V to/T the/D property/N sector/N rocked/V the/D bank/N when/W property/V prices/N in/I Malaysia/N plummeted/V in/I _OOV_/N ./.
He/P said/V the/D bank/N could/M n't/V wait/P any/M longer/V for/I prices/N to/T recover/V and/C for/I borrowers/N to/T service/V their/P loans/N ./.
So/I the/D bank/N 's/P board/N decided/V to/T make/V 1.23/C billion/C _OOV_/N dollars/N -LRB-/N US$/N _OOV_/C million/C -RRB-/N in/I provisions/N for/I interest/J payments/N from/I loans/N previously/V recorded/N as/I revenue/N but/W never/V actually/R received/V by/I the/D bank/N ,/, and/C to/T submit/V a/D bailout/N package/N to/T replenish/V the/D bank/N 's/P _OOV_/N capital/N ./.
The/D predicament/N ,/, he/P added/N ,/, was/V similar/V to/T the/D Hong/N Kong/N _OOV_/N _OOV_/N collapse/N ,/, which/W exposed/V the/D involvement/N of/I Bank/N _OOV_/N 's/P former/J subsidiary/N in/I the/D colony/N in/I the/D largest/J banking/N scandal/N in/I Malaysia/N 's/P history/N ./.
The/D subsidiary/N ,/, _OOV_/N Malaysia/N Finance/N Ltd./N ,/, was/V left/V with/I _OOV_/N _OOV_/N billion/C in/I bad/J loans/N made/V to/T Hong/N Kong/N property/N speculators/V ./.
Both/D episodes/N wiped/V out/V Bank/N _OOV_/N 's/P shareholders/N '/P funds/N ./.
Each/I time/N ,/, the/D bank/N 's/P 90/C %/N shareholder/N --/: _OOV_/N _OOV_/N _OOV_/N ,/, or/C _OOV_/N ,/, the/D national/J oil/N company/N --/: has/V been/V called/V upon/P to/T rescue/V the/D institution/N ./.
In/I five/C years/N ,/, _OOV_/N ,/, which/W became/V the/D dominant/D shareholder/N in/I a/D 1984/N rescue/V exercise/N ,/, has/V spent/N about/I _OOV_/N 3.5/N billion/C to/T prop/V up/I the/D troubled/J bank/N ./.
_OOV_/N _OOV_/N _OOV_/N said/V the/D capital/J restructuring/N plan/N has/V been/V approved/N by/I Malaysia/N 's/P Capital/N _OOV_/N Committee/N and/C central/J bank/N ./.
Malaysia/N 's/P High/N Court/N is/V expected/V to/T approve/V the/D plan/N ./.
Once/C the/D plan/N is/V approved/N ,/, _OOV_/N _OOV_/N _OOV_/N said/V ,/, most/R of/I Bank/N _OOV_/N 's/P _OOV_/J loans/N will/M have/V been/V fully/V provided/N for/I and/C the/D bank/N will/M be/V on/I track/N to/T report/V a/D pretax/J profit/N of/I between/I _OOV_/C 160/C million/C and/C _OOV_/N 170/N million/C for/I the/D fiscal/N year/N ending/N March/N 31/C ./.
For/I the/D previous/J financial/N year/N ,/, the/D bank/N would/M have/V reported/V a/D pretax/J profit/N of/I _OOV_/N _OOV_/C million/C if/I it/P had/V n't/R made/V provisions/N for/I the/D _OOV_/J loans/N ,/, he/P said/V ./.
Malaysia/N 's/P Banking/N _OOV_/N Act/N prohibited/V the/D bank/N from/I identifying/J delinquent/N borrowers/N ,/, said/V _OOV_/N _OOV_/N _OOV_/N ./.
But/C public/J documents/N indicate/V 10/C %/N or/C more/R of/I the/D bank/N 's/P provisions/N were/V made/V for/I foregone/N interest/V on/I a/D _OOV_/N 200/C million/C loan/N to/T Malaysia/N 's/P dominant/D political/J party/N ,/, the/D United/N _OOV_/N National/N Organization/N ,/, to/T build/V its/P convention/N and/C headquarters/N complex/N in/I _OOV_/N _OOV_/N ./.
The/D loan/N to/T _OOV_/N was/V made/V in/I September/N 1983/C ./.
``/N We/V lent/I a/D lot/N of/I money/N all/W over/I the/D place/N ,/, ''/' said/V _OOV_/N _OOV_/N _OOV_/N ,/, who/W refused/V to/T discuss/V the/D bank/N 's/P outstanding/J loans/N to/T
As/I well/J as/I the/D _OOV_/N 1.23/N billion/C in/I provisions/N announced/N on/I Oct./N 6/N ,/, the/D restructuring/N package/N covers/V an/D additional/J _OOV_/N _OOV_/N million/C in/I provisions/N made/V in/I earlier/D years/N but/W never/V reflected/R in/I a/D reduction/N of/I the/D bank/N 's/P _OOV_/N capital/N ./.
At/I the/D end/N of/I the/D exercise/N ,/, the/D cash/J injection/N from/I _OOV_/N will/M increase/V the/D bank/N 's/P _OOV_/N capital/N to/T _OOV_/C 1.15/C billion/C after/C virtually/R being/V wiped/V out/V by/I the/D new/J provisions/N ./.
_OOV_/N _OOV_/N might/M have/V stepped/V from/I a/D recruiting/N poster/V for/I young/N Republicans/N ./.
White/N ,/, 24/N years/V old/R ,/, a/D singer/N in/I her/P church/N choir/N ,/, she/P symbolizes/V a/D generation/N that/W gave/V its/P heart/N and/C its/P vote/N to/T Ronald/N Reagan/N ./.
``/N I/P felt/V kind/R of/I safe/N ,/, ''/' she/P says/V ./.
No/P longer/P ./.
When/W the/D Supreme/N Court/N opened/V the/D door/V this/D year/N to/T new/J restrictions/N on/I abortion/N ,/, Ms./V _OOV_/N opened/V her/P mind/N to/T Democratic/C politics/N ./.
Then/V a/D political/J novice/N ,/, she/P stepped/V into/I a/D whirl/N of/I ``/N _OOV_/N ''/' marches/V ,/, house/J parties/N and/C _OOV_/N ./.
Now/P she/P leads/V a/D grassroots/N _OOV_/N campaign/N in/I _OOV_/C County/N for/I _OOV_/N Democratic/N gubernatorial/N candidate/N James/N _OOV_/N ./.
``/` This/D is/V one/C where/W I/P cross/J party/N lines/N ,/, ''/' she/P says/V ,/, rejecting/V the/D _OOV_/J stance/N of/I Rep./N _OOV_/N 's/P opponent/N ,/, _OOV_/N Rep./N James/N _OOV_/N ./.
``/N People/N my/P age/N thought/V it/P was/V n't/R going/V to/T be/V an/D issue/N ./.
Now/I it/P has/V --/: especially/J for/I people/V my/P age/N ./. ''/'
_OOV_/N bear/N out/V this/D warning/N ,/, but/W after/V a/D decade/N of/I increased/J Republican/N influence/R here/V ,/, the/D new/J politics/N of/I abortion/N have/I contributed/V to/T a/D world/J turned/N upside/V down/R for/I Mr./N _OOV_/N ./.
Unless/D he/P closes/V the/D gap/N ,/, Republicans/N risk/N losing/V not/V only/I the/D governorship/N but/W also/V the/D assembly/N next/J month/N ./.
Going/N into/I the/D 1990s/N ,/, the/D _OOV_/N is/V paying/V a/D price/N for/I the/D same/J conservative/J social/J agenda/N that/I it/P used/V to/T torment/V Democrats/N in/I the/D past/J ./.
This/D change/N comes/V less/R from/I a/D shift/N in/I public/J opinion/N ,/, which/W has/V n't/R changed/D much/J on/I abortion/N over/I the/D past/J decade/N ,/, than/I in/I the/D boundaries/N of/I the/D debate/N ./.
New/N Jersey/N 's/P own/V highest/J court/N remains/I a/D liberal/J bulwark/N against/V major/J restrictions/N on/I abortion/N ,/, but/I the/D U.S./N Supreme/N Court/N ruling/N ,/, Webster/N vs./N Missouri/N ,/, has/V engaged/J voters/N across/V the/D nation/N who/W had/V been/V insulated/V from/I the/D issue/N ./.
Before/P July/N ,/, _OOV_/N voters/N could/M safely/V make/D political/J decisions/N without/T focusing/J narrowly/N on/I abortion/N ./.
Now/P ,/, the/D threat/N of/I further/J restrictions/N adds/V a/D new/N dimension/N ,/, bringing/C an/D upsurge/N in/I political/J activity/N by/I _OOV_/J forces/N ./.
A/D recent/J _OOV_/N rally/N in/I _OOV_/C drew/J thousands/N ,/, and/C in/I a/D major/J reversal/N ,/, Congress/N is/V defying/V a/D presidential/N veto/N and/C demanding/V that/I _OOV_/N abortions/N be/V permitted/V in/I cases/N of/I rape/N and/C incest/N ./.
``/N If/I Webster/N had/V n't/R happened/V ,/, you/R would/M n't/R be/V here/V ,/, ''/' _OOV_/N _OOV_/N tells/V a/D reporter/N in/I the/D _OOV_/N office/N of/I the/D National/N Organization/N for/I Women/N ./.
``/N We/V could/M have/V shouted/V from/I the/D rooftops/N about/I _OOV_/N and/C no/D one/N would/D have/J heard/J us/N ./. ''/'
New/N Jersey/N is/V a/D proving/N ground/V for/I this/D aggressive/J _OOV_/N movement/V this/D year/N ./.
The/D infusion/N of/I activists/N can/M bring/V a/D clash/N of/I cultures/N ./.
In/I _OOV_/N Hill/N ,/, the/D National/N _OOV_/N Rights/N Action/N League/N ,/, whose/R goal/V is/V to/T sign/V up/I 50,000/N _OOV_/N voters/N ,/, targets/V a/D union/N breakfast/N to/T build/D labor/N support/N for/I its/P cause/N ./.
The/D league/J organizers/N seem/V more/R a/D fit/J with/I a/D convention/N next/V door/N of/I young/N aerobics/V instructors/N in/I _OOV_/C than/I the/D _OOV_/J union/N leaders/N ;/: ``/C I/P wish/V I/P could/M go/R work/V out/P ,/, ''/' says/V a/D slim/J activist/N ./.
A/D labor/N chief/N speaks/V sardonically/V of/I having/J to/T ``/N man/N and/C woman/N ''/' Election/N Day/N phones/N ./.
No/P age/J group/N is/V more/R sensitive/V than/I younger/J voters/N ,/, like/R Ms./V _OOV_/N ./.
A/D year/N ago/I this/D fall/N ,/, New/N Jersey/N voters/V under/I 30/N favored/V George/N Bush/N by/I 56/C %/N to/T 39/C %/N over/I Michael/N _OOV_/N ,/, according/V to/T a/D survey/N then/V by/I _OOV_/N University/N 's/P _OOV_/C Institute/I ./.
A/D matching/J _OOV_/N _OOV_/N _OOV_/N poll/V last/J month/N showed/V a/D complete/V reversal/D ./.
_OOV_/N in/I the/D same/J age/N group/N backed/V Democrat/N _OOV_/N 55/N %/N to/T 29/C %/N over/I Republican/N _OOV_/N ./.
_OOV_/` alone/P ca/M n't/R explain/V this/D shift/N ,/, but/I New/N Jersey/N is/V a/D model/N of/I how/P so/P personal/V an/D issue/N can/M become/V a/D baseline/N of/I sorts/N in/I judging/D a/D candidate/N ./.
By/I a/D _OOV_/N ratio/N ,/, voters/N appear/V more/R at/I ease/N with/I Mr./N _OOV_/N 's/P stance/V on/I abortion/N ,/, and/C polls/N indicate/V his/P lead/N widens/V when/I the/D candidates/N are/V specifically/J linked/N to/T the/D issue/N ./.
``/` The/D times/N are/V my/P times/R ,/, ''/' says/V Mr./N _OOV_/N ./.
The/D _OOV_/N County/N congressman/N still/R carries/V himself/V with/I a/D trademark/N ``/N _OOV_/N ''/' intensity/N ,/, but/W at/I a/D pause/N in/I _OOV_/N 's/P Columbus/C Day/N parade/I recently/J ,/, he/P was/V dancing/R with/I his/P wife/V in/I the/D middle/N of/I the/D avenue/N in/I the/D city/N 's/P old/J _OOV_/N ward/N ./.
After/P losing/V by/I fewer/R than/I 1,800/C votes/N in/I the/D 1981/N governor/N 's/P race/N ,/, he/P has/V prepared/V himself/P methodically/N for/I this/D moment/N ,/, including/J deciding/N in/I recent/J years/N he/P could/M no/V longer/P support/N curbs/V on/I federal/N funding/N for/I _OOV_/N abortions/N ./.
``/N If/I you/P 're/M going/V to/T be/V consistent/D and/C say/V it/P is/V a/D constitutionally/N protected/J right/N ,/, ''/' he/P asks/V ,/, ``/N how/P are/V you/R going/V to/T say/V an/D upscale/N woman/N who/W can/M drive/V to/T the/D hospital/N or/C clinic/N in/I a/D nice/J car/N has/V a/D constitutional/J right/N and/C someone/V who/V is/V not/V in/I great/N shape/I financially/N does/R not/V ?/. ''/'
Mr./N _OOV_/N ,/, by/I comparison/N ,/, seems/I a/D shadow/N of/I the/D confident/J hawk/N who/W defended/V Oliver/N North/N before/I national/J cameras/N at/I Iran-Contra/C hearings/N two/C years/N ago/I ./.
Looking/D back/N ,/, he/P says/V he/P erred/V by/I stating/V his/P ``/J personal/N ''/' opposition/V to/T abortion/V instead/V of/I assuring/V voters/N that/I he/P would/M n't/R impose/V his/P views/V on/I ``/J policy/N ''/' as/I governor/N ./.
It/P is/V a/D distinction/N that/I satisfies/N neither/I side/N in/I the/D debate/N ./.
``/N He/P does/V n't/R know/V himself/P ,/, ''/' _OOV_/N _OOV_/N of/I the/D _OOV_/N Rights/N League/N says/V of/I Mr./N _OOV_/N 's/P position/N ./.
Even/R abortion/V opponents/R ,/, however/P angry/V with/I Mr./N _OOV_/N ,/, ca/V n't/P hide/V their/P frustration/V with/I the/D Republican/N 's/P ambivalence/C ./.
``/N He/P does/V n't/R want/V to/T lead/V the/D people/N ,/, ''/' says/V Richard/N _OOV_/N ,/, president/N of/I New/N Jersey/N Right/C to/T Life/V ./.
Moreover/N ,/, by/I stepping/N outside/I the/D state/N 's/P _OOV_/N tradition/R ,/, Mr./N _OOV_/N _OOV_/N fears/V that/I he/P is/V too/R conservative/V as/R well/R on/I more/R pressing/R concerns/V such/N as/I auto/N insurance/N rates/N and/C the/D environment/N ./.
He/P hurt/V himself/P further/V this/D summer/N by/I bringing/V homosexual/T issues/V into/I the/D debate/N ;/: and/C by/I wavering/N on/I this/D issue/N and/C abortion/N ,/, he/P has/V weakened/V his/P credibility/N in/I what/P is/V already/I a/D _OOV_/J campaign/N on/I both/D sides/N ./.
_OOV_/C to/T Congress/C in/I 1978/N ,/, the/D _OOV_/N Mr./N _OOV_/N is/V part/R of/I a/D generation/N of/I young/J conservatives/N who/W were/V once/V very/R much/V in/I the/D lead/N of/I the/D _OOV_/N shift/V under/I Mr./N Reagan/N ./.
Like/J many/N of/I his/P colleagues/N ,/, he/P did/V n't/R serve/V in/I Vietnam/N in/I the/D 1960s/N yet/V embraced/V a/D _OOV_/J defense/N and/C foreign/N policy/N --/: even/J voting/N against/I a/D 1984/N resolution/N critical/N of/I the/D U.S./J mining/N of/I _OOV_/C harbors/N ./.
Jack/N Kemp/N and/C the/D writers/J _OOV_/N Kristol/N and/C George/N _OOV_/N were/V influences/N ,/, and/C Mr./N _OOV_/N 's/P own/J conservative/J credentials/N proved/V useful/N to/T the/D current/N New/N Jersey/N _OOV_/N governor/N ,/, Thomas/N _OOV_/N ,/, in/I the/D 1981/N Republican/N primary/N here/N ./.
The/D same/J partnership/N is/V now/J crucial/N to/T Mr./N _OOV_/N 's/P fortunes/V ,/, but/I the/D abortion/N issue/N is/V only/I a/D reminder/N of/I the/D gap/N between/I his/P record/N and/C that/D of/I the/D more/J moderate/N ,/, _OOV_/N Gov./N _OOV_/N ./.
While/I the/D _OOV_/N County/N congressman/N pursued/V an/D _OOV_/N ,/, _OOV_/N agenda/N in/I Washington/N ,/, Gov./N _OOV_/N was/V approving/V increased/J income/N and/C sales/J taxes/N at/I home/N and/C overseeing/N a/D near/J doubling/N in/I the/D size/N of/I New/N Jersey/N 's/P budget/N in/I his/P eight/C years/N in/I office/N ./.
_OOV_/N forces/N play/V down/I any/D differences/J with/I Mr./N _OOV_/N ,/, but/W this/D history/N makes/W it/P harder/N for/I the/D conservative/N to/T run/V against/I government/N ./.
Mr./N _OOV_/N 's/P free-market/C plan/N to/T bring/V down/R auto/J insurance/N rates/N met/V criticism/N from/I Gov./N _OOV_/N 's/P own/J insurance/N commissioner/N ./.
Mr./N _OOV_/N is/V further/V hobbled/V by/I a/D record/N of/I votes/N opposed/N to/T government/V regulation/N on/I behalf/N of/I consumers/N ./.
_OOV_/N in/I Spanish/N from/I his/P days/N in/I the/D Peace/N _OOV_/N ,/, Mr./N _OOV_/N actively/V courts/I minority/J voters/N but/V seems/R oddly/R over/I his/P head/N ./.
He/P is/V warm/N and/C polished/N before/I a/D Puerto/N _OOV_/N Congress/N in/I _OOV_/C Park/N ./.
Yet/D minutes/N after/I promising/N to/T appoint/V _OOV_/C to/T high/J posts/N in/I state/N government/N ,/, he/P is/V unable/V to/T say/V whether/I he/P has/V ever/R employed/V any/D in/I his/P congressional/N office/N ./.
``/N I/P do/V n't/R think/V we/P do/V now/R ,/, ''/' he/P says/V ./.
``/N I/P think/V we/P did/V ./. ''/'
Asked/` the/D same/J question/N after/V his/P appearance/N ,/, Democrat/N _OOV_/N identifies/V a/D staff/N member/N by/I name/N and/C explains/V her/P whereabouts/V today/R ./.
When/W he/P is/V presented/V with/I a/D poster/N celebrating/I the/D organization/N 's/P 20th/N anniversary/N ,/, he/P recognizes/V a/D photograph/N of/I one/C of/I the/D founders/N and/C recalls/V time/I spent/J together/N in/I _OOV_/N ./.
Details/N and/C _OOV_/N are/V essential/V _OOV_/N ./.
_OOV_/C to/T Congress/C as/I a/D ``/N Watergate/N baby/N ''/' in/I 1974/N ,/, he/P ran/V for/I governor/N three/C years/J later/N ./.
In/I the/D opinion/N of/I many/N ,/, he/P has/V n't/R stopped/V running/V since/I ,/, even/R though/V he/P declined/V a/D rematch/N with/I Gov./N _OOV_/N in/I 1985/N ./.
His/I base/N in/I South/N Jersey/N and/C on/I the/D House/N Energy/N and/C Commerce/N Committee/N helped/V him/P sustain/V a/D network/N of/I _OOV_/N committees/N to/T preserve/V his/I edge/N ./.
With/J limited/J budgets/N for/I television/N in/I a/D high-priced/J market/N ,/, Mr./N _OOV_/N 's/P higher/J recognition/N than/I his/P rival/V is/V a/D major/J advantage/N ./.
More/N than/I ever/N ,/, his/P _OOV_/N and/C _OOV_/J record/N is/V in/I sync/N with/I the/D state/N ./.
Auto/N insurance/N rates/N are/V soaring/N ./.
A/D _OOV_/N fire/V destroyed/V part/R of/I an/D interstate/N highway/I this/D summer/N ./.
In/I _OOV_/N ,/, an/D important/N swing/J area/N ,/, Republican/N _OOV_/N now/I run/N on/I a/D slogan/N promising/V to/T keep/V the/D county/N ``/C clean/N and/C green/N ./. ''/'
Mr./N _OOV_/N _OOV_/N this/D vindication/N ,/, but/W at/I age/N 52/N ,/, the/D congressman/N is/V also/V a/D product/N of/I his/P times/J and/C losses/N ./.
He/P speaks/V for/I the/D death/J penalty/N as/I if/D reading/N from/I _OOV_/N 21/N ;/: to/T increase/V state/N revenue/N he/P focuses/N not/V on/I ``/J taxes/N ''/' but/I on/I ``/N audits/N ''/' to/T cut/V waste/N ./.
_OOV_/N consultants/N match/J ads/N with/I Mr./N _OOV_/N 's/P team/N ,/, and/C Mr./N _OOV_/N _OOV_/N himself/V as/I the/D lean/N ,/, mean/V Democratic/N fighting/V machine/N of/I the/D 1990s/N ./.
_OOV_/C to/T a/D young/N audience/V ,/, he/P scraps/V an/D old/J reference/N to/T _OOV_/C and/C _OOV_/N and/C instead/R quotes/V the/D _OOV_/N _OOV_/N ./.
The/D lyric/J chosen/N --/: ``/C long/I strange/N night/N ''/' --/: may/M be/V an/D apt/N footnote/N to/T television/V spots/N by/I both/D candidates/J intended/N to/T portray/V each/D other/J as/I a/D liar/N ./.
The/D Democratic/J lawmaker/N fits/V a/D pattern/N of/I younger/N reformers/V arising/N out/V of/I old/J machines/N ,/, but/W his/P ties/N to/T _OOV_/C remain/I a/D sore/N point/I because/J of/I the/D county/N 's/P past/I corruption/N ./.
His/I campaign/N hierarchy/N is/V chosen/N from/I elsewhere/R in/I the/D state/N ,/, and/C faced/V with/I criticism/N of/I a/D sweetheart/N bank/N investment/N ,/, he/P has/V so/P far/V blunted/V the/D issue/N by/I donating/V the/D bulk/N of/I his/P profits/N to/T his/P alma/N mater/N ,/, _OOV_/C State/N College/N ./.
Mr./N _OOV_/N 's/P _OOV_/C on/I the/D abortion/N issue/N after/I the/D Webster/N ruling/I divides/V some/D of/I his/P old/J constituency/N ./.
_OOV_/N _OOV_/N ,/, an/D unlikely/I but/P enthusiastic/V pipe/J major/N in/I an/D _OOV_/N County/N Irish/N bagpipe/N band/N ,/, speaks/V sadly/V of/I Mr./N _OOV_/N ./.
``/N I/P am/V a/D devout/I _OOV_/N ,/, ''/' says/V Mr./N _OOV_/N ,/, a/D 40-year-old/N health/N officer/N ./.
``/N I/P ca/V n't/D support/N him/W because/V of/I abortion/N ./. ''/'
Bill/N _OOV_/N Sr./N ,/, 72/N ,/, is/V _OOV_/J too/N ,/, but/W _OOV_/V by/I Mr./N _OOV_/N 's/P stand/D on/I abortion/N ./.
A/D security/N guard/N at/I a/D cargo/N terminal/N ,/, he/P wears/V a/D Sons/N of/I Italy/N jacket/N and/C cap/N celebrating/C ``/` The/D US/N 1/N _OOV_/N ./. ''/'
``/N I/P still/R think/V the/D woman/N has/V the/D right/N to/T do/V with/I her/P body/V as/I she/P pleases/V ,/, ''/' he/P says/V ./.
``/N If/V you/R want/V more/J opinions/N ask/V my/P wife/N ./.
She/P has/V lots/R of/I opinions/N ./.
Consumer/N prices/N rose/V a/D surprisingly/R moderate/V 0.2/C %/N in/I September/N ,/, pushed/V up/R mostly/R by/I a/D jump/N in/I clothing/J costs/N ,/, the/D Labor/N Department/N reported/N ./.
Energy/N costs/N ,/, which/W drove/V wholesale/J prices/N up/R sharply/V during/I the/D month/N ,/, continued/V to/T decline/V at/I the/D retail/N level/N ,/, pulling/V down/I transportation/N and/C helping/N to/T ease/V housing/J costs/N ./.
The/D report/N was/V the/D brightest/J news/N the/D financial/N markets/N had/V seen/R since/R before/I the/D stock/N market/N plunged/V more/R than/I 190/C points/J last/N Friday/N ./.
The/D Dow/N Jones/N Industrial/N Average/N rallied/V on/I the/D news/N ,/, closing/I _OOV_/N points/V higher/N at/I _OOV_/C ./.
Bond/N prices/N also/R jumped/V as/I traders/N appeared/C to/T read/V the/D data/N as/I a/D sign/N that/W interest/V rates/N may/M fall/V ./.
But/C many/J economists/N were/V not/V nearly/I as/I jubilant/N ./.
The/D climb/N in/I wholesale/J energy/N prices/N is/V certain/J to/T push/V up/I retail/J energy/N prices/N in/I the/D next/N few/I months/N ,/, they/P warned/N ./.
They/P also/R said/V the/D dollar/N is/V leveling/I off/P after/V a/D rise/V this/D summer/N that/W helped/V to/T reduce/V the/D prices/N of/I imported/J goods/N ./.
``/N I/P think/P inflation/N is/V going/V to/T pick/V up/R through/I the/D fall/N ,/, ''/' said/V Joel/N _OOV_/N ,/, a/D specialist/N on/I inflation/N who/W runs/V an/D economic/J consulting/N firm/N here/N ./.
``/N It/P has/V been/V in/I what/P I/P would/M describe/V as/I a/D lull/N for/I the/D past/J several/I months/N ./. ''/'
``/N We/. 've/' had/I _OOV_/N declines/V in/I consumer/N energy/N prices/N in/I each/N of/I the/D past/I three/C months/N ,/, and/C at/I the/D wholesale/J level/N those/T are/V fully/V behind/J us/N now/N ,/, ''/' said/V Jay/N _OOV_/N ,/, chief/V domestic/N economist/N at/I Bankers/C Trust/N Co./N in/I New/N York/N ./.
Because/R wholesale/V energy/J prices/N shot/N up/I by/I a/D steep/J 6.5/C %/N last/N month/N ,/, many/J analysts/N expected/V energy/J prices/N to/T rise/V at/I the/D consumer/N level/N too/R ./.
As/I a/D result/N ,/, many/J economists/N were/V expecting/V the/D consumer/N price/N index/N to/T increase/V significantly/J more/N than/I it/P did/V ./.
But/C retail/J energy/N prices/N declined/V 0.9/C %/N in/I September/N ./.
Though/D analysts/N say/V competition/N will/M probably/V hold/R down/I increases/N in/I retail/J energy/N prices/N ,/, many/R expect/V some/D of/I the/D wholesale/N rise/N to/T be/V passed/V along/R to/T the/D consumer/N before/I the/D end/N of/I the/D year/N ./.
Still/R ,/, some/D analysts/N insisted/V that/I the/D worst/N of/I the/D inflation/N is/V behind/R ./.
``/N It/P increasingly/V appears/V that/I _OOV_/N was/V a/D temporary/N inflation/N _OOV_/N and/C not/I the/D beginning/N of/I a/D cyclical/J inflation/N problem/N ,/, ''/' argued/V Edward/N _OOV_/N ,/, chief/V economist/N at/I Prudential-Bache/N Securities/N Inc./N in/I New/N York/N ./.
In/I both/I 1987/N and/C 1988/N ,/, consumer/N prices/N rose/V _OOV_/C %/N ./.
A/D run-up/N in/I world/J oil/N prices/N last/N winter/I sent/N consumer/N prices/N soaring/N at/I a/D _OOV_/N %/N annual/N rate/N in/I the/D first/N five/C months/N of/I this/D year/N ,/, but/I the/D subsequent/N decline/N in/I energy/N prices/N has/V pulled/I the/D annual/J rate/N back/W down/R to/T _OOV_/C %/N ./.
Mr./N _OOV_/N predicted/V that/D world/J business/N competition/N will/M continue/V to/T restrain/V prices/N ./.
``/` The/D bottom/N line/N is/V ,/, it/P seems/V to/T me/V that/I the/D economic/J environment/N has/V become/V very/R ,/, very/I _OOV_/N for/I a/D lot/N of/I businesses/N ,/, ''/' he/P said/V ./.
``/N Back/N in/I _OOV_/N ,/, business/N was/V operating/N at/I fairly/J tight/J capacity/N ,/, so/P businesses/N felt/V they/P could/M raise/V prices/N ./. ''/'
Now/P ,/, he/P said/V ,/, a/D slowdown/N in/I economic/J activity/N has/V _OOV_/J demand/N ./.
The/D mild/J inflation/N figures/R renewed/V investors/N '/' hopes/I that/I the/D Federal/N Reserve/N will/M ease/V its/P interest-rate/J stance/N ./.
The/D steep/N climb/N in/I producer/J prices/N reported/N last/N Friday/N fostered/V pessimism/N about/I lower/J interest/N rates/N and/C contributed/V to/T the/D stock/J market/N 's/P 6.9/C %/N plunge/V that/D day/N ./.
In/I the/D past/J several/J days/N ,/, however/P ,/, the/D U.S./N 's/P central/J bank/N has/V allowed/V a/D key/J interest/N rate/V to/T fall/V slightly/V to/T try/V to/T stabilize/V the/D markets/N ./.
Analysts/N say/V Fed/J policy/N makers/V have/R been/V wary/V of/I relaxing/J credit/N too/V much/V because/I they/P were/V still/R uncertain/R about/I the/D level/N of/I inflation/N in/I the/D economy/N ./.
Excluding/` the/D volatile/N categories/N of/I energy/N and/C food/N --/: leaving/V what/V some/D economists/N call/V the/D core/J inflation/N rate/N --/: consumer/N prices/N still/I rose/V only/I 0.2/C %/N in/I September/N ./.
Transportation/J costs/N actually/R fell/V 0.5/C %/N ,/, and/C housing/N costs/N gained/V only/R 0.1/C %/N ./.
Apparel/N prices/V _OOV_/C up/I 1.7/C %/N ,/, but/W that/V was/V after/V three/C months/N of/I declines/N ./.
Medical/I costs/N continued/V their/P steep/J ascent/N ,/, rising/I _OOV_/C %/N after/V four/C consecutive/J months/N of/I 0.7/C %/N increases/N ./.
Car/J prices/N ,/, another/D area/N that/W contributed/V to/T the/D steep/J rise/N in/I the/D wholesale/N index/N last/J month/N ,/, still/I showed/N declines/V at/I the/D consumer/N level/N ./.
They/P dropped/V _OOV_/C %/N as/I dealers/N continued/V to/T offer/V rebates/N to/T attract/V customers/N ./.
Food/J prices/N rose/V 0.2/C %/N for/I the/D second/J month/N in/I a/D row/N ,/, far/I slower/N than/I the/D monthly/N rises/I earlier/R in/I the/D year/N ./.
Separately/N ,/, the/D Labor/N Department/N reported/V that/D average/J weekly/J earnings/N rose/V 0.3/C %/N in/I September/N ,/, after/V adjusting/J for/I inflation/N ,/, following/V a/D 0.7/N %/N decline/N in/I August/N ./.
All/D the/D numbers/N are/V adjusted/V for/I seasonal/J fluctuations/N ./.
Here/N are/V the/D seasonally/J adjusted/N changes/N in/I the/D components/N of/I the/D Labor/N Department/N 's/P consumer/N price/N index/N for/I September/N ./.
After/P watching/J interest/N in/I the/D sport/N plummet/V for/I years/N ,/, the/D ski/J industry/N is/V trying/V to/T give/V itself/I a/D lift/N ./.
_OOV_/` the/D country/N ,/, resorts/N are/V using/V everything/P from/I fireworks/N to/T _OOV_/C concerts/N to/T attract/V new/J customers/N ./.
Some/D have/J built/J health/N _OOV_/N ,/, business/J centers/N and/C shopping/J villages/N so/P visitors/V have/I more/R to/T do/V than/I ski/N ./.
And/C this/D week/N ,/, the/D industry/N 's/P efforts/N will/V go/D national/N for/I the/D first/J time/N when/I it/P unveils/V a/D $/$ 7/C million/C advertising/J campaign/N ./.
Such/I efforts/N --/: unheard/V of/I only/W a/D few/J years/N ago/I --/N are/V the/D latest/J attempts/N to/T revive/V the/D sagging/N $/$ 1.76/C billion/C U.S./N ski/N industry/N ./.
Since/I the/D start/N of/I the/D decade/N ,/, _OOV_/N sales/N have/I grown/N only/W 3/C %/N a/D year/N on/I average/N ,/, compared/R with/I 16/C %/N annual/N growth/V rates/N in/I the/D _OOV_/N and/C _OOV_/N ./.
Last/D season/N ,/, _OOV_/N sales/N fell/V for/I the/D first/J time/N in/I seven/C years/N ./.
By/I some/D estimates/N ,/, nearly/I a/D fourth/N of/I all/D U.S./N ski/N areas/N have/V been/V forced/V to/T shut/V down/R since/I the/D early/J _OOV_/C ./.
Competition/N and/C mounting/N insurance/N and/C equipment/N costs/N have/I been/V the/D undoing/N of/I many/J resorts/N ./.
But/C another/D big/N problem/N has/V been/V the/D aging/N of/I baby/J boomers/N ./.
_OOV_/N ,/, after/V all/R ,/, has/V mainly/N been/V for/I the/D young/N and/C daring/V and/C many/J baby/N boomers/V have/R outgrown/V skiing/N or/C have/V too/V many/J family/N responsibilities/N to/T stick/V with/I the/D sport/N ./.
In/I its/P new/J ad/J campaign/N ,/, created/V by/I _OOV_/N _OOV_/N _OOV_/N &/C _OOV_/N Inc./N ,/, Chicago/N ,/, the/D ski/J industry/N is/V trying/V to/T change/V its/P image/N as/I a/D sport/J primarily/N for/I young/J white/J people/N ./.
One/I _OOV_/N TV/N spot/V features/V a/D diverse/J group/N of/I skiers/N gracefully/V gliding/V down/I _OOV_/J slopes/N :/: senior/J citizens/N ,/, minorities/N ,/, families/N with/I children/N --/: even/V a/D blind/N skier/N ./.
``/N _OOV_/N school/N is/V great/N ,/, ''/' cries/P out/V a/D tot/N ,/, bundled/N in/I a/D _OOV_/N as/I he/P plows/C down/I a/D bunny/N slope/N ./.
``/` You/P 'll/V never/P _OOV_/N you/P try/M ,/, ''/' says/V a/D black/N skier/N ./.
``/N We/V used/V to/T show/V some/D _OOV_/N skier/N in/I his/P twenties/N or/C thirties/N going/V over/I the/D edge/N of/I a/D cliff/N ,/, ''/' says/V _OOV_/N _OOV_/N ,/, a/D spokeswoman/N for/I the/D United/N _OOV_/N Industries/N Association/N ,/, the/D trade/J group/N sponsoring/V the/D campaign/N ./.
_OOV_/N promotions/N have/I traditionally/N avoided/V the/D touchy/N issue/N of/I safety/N ./.
But/C the/D new/J commercials/N deal/V with/I it/P indirectly/N by/I showing/V a/D woman/N smiling/V as/I she/P tries/V to/T get/V up/R from/I a/D fall/N ./.
``/N We/V wanted/V to/T show/V it/P 's/P okay/V if/R you/V fall/N ,/, ''/' says/V Ms./V _OOV_/N ./.
``/N Most/N people/V think/V if/R you/V slip/V ,/, you/R 'll/V wind/J up/N in/I a/D body/V cast/R ./. ''/'
The/D ad/J campaign/N represents/V an/D unusual/J spirit/N of/I cooperation/N among/V resorts/N and/C ski/J equipment/N makers/N ;/: normally/R ,/, they/P only/D run/J ads/N hyping/N their/V own/J products/N and/C facilities/N ./.
But/C in/I these/D crunch/J times/N for/I the/D ski/J industry/N ,/, some/D resorts/N ,/, such/N as/I the/D _OOV_/N Fire/N ,/, Red/N River/N and/C _OOV_/N ski/N areas/N in/I New/N Mexico/N ,/, have/V even/R started/V _OOV_/J skiers/N to/T each/V other/N 's/P slopes/N and/C next/J year/N plan/N to/T sell/V tickets/N good/N for/I all/D local/J lifts/N ./.
Many/D resorts/N also/V are/R focusing/V more/R on/I the/D service/N side/N of/I their/P business/N ./.
Since/I 40/C %/N of/I skiers/N are/V parents/N ,/, many/P slopes/N are/V building/J nurseries/N ,/, expanding/V ski/J schools/N and/C adding/J entertainment/N for/I kids/N ./.
_OOV_/N ,/, Colo./N ,/, now/R has/V a/D _OOV_/N that/W looks/V like/R an/D old/J mining/N town/N ;/: kids/N can/M ski/V through/I and/C pan/N for/I fool/N 's/P gold/N ./.
For/I $/$ 15/C ,/, they/P can/M enjoy/V their/P own/V nightly/J entertainment/N ,/, with/I dinner/N ,/, without/M mom/V and/C dad/N ./.
A/I few/J years/N ago/I ,/, parents/N usually/V had/V to/T hire/V a/D sitter/N or/C take/M turns/V skiing/N while/I one/C spouse/N stayed/V with/I the/D children/N ./.
``/N Most/N parents/N who/W had/V to/T go/V through/I that/D never/P came/V back/R ,/, ''/' says/V Michael/N _OOV_/N ,/, president/N of/I _OOV_/N Associates/N Inc./N ,/, which/W owns/N and/C operates/V the/D _OOV_/N and/C nearby/N Beaver/N _OOV_/N resorts/N ./.
To/N make/M skiing/V more/R convenient/V for/I _OOV_/N visitors/N ,/, several/I resorts/N are/V buying/N or/C starting/V their/P own/V travel/J agencies/N ./.
In/I one/C phone/N call/N ,/, ski/J buffs/N can/M make/V hotel/N and/C restaurant/N reservations/N ,/, buy/V lift/J tickets/N ,/, rent/V ski/J equipment/N and/C sign/V up/R for/I lessons/N ./.
And/C resorts/N are/V adding/V other/J amenities/N ,/, such/N as/I pricey/N restaurants/N ,/, health/N _OOV_/N and/C vacation/N packages/N with/I a/D twist/N ./.
During/I _OOV_/N Carnival/N week/N ,/, for/I example/N ,/, visitors/V at/I Sunday/N River/N in/I Maine/N can/M take/V a/D _OOV_/N balloon/N ride/V ./.
``/N People/N these/C days/I want/J something/N else/V to/T do/V besides/R ski/N and/C sit/N in/I the/D bar/N ,/, ''/' says/V Don/N _OOV_/N ,/, executive/J director/N of/I _OOV_/C Fire/N ,/, _OOV_/N 's/P Chamber/N of/I Commerce/N ./.
The/D ski/J industry/N hopes/V to/T increase/V the/D number/N of/I skiers/N by/I 3.5/C million/C to/T about/I _OOV_/C million/C in/I the/D next/N five/C years/N with/I its/P latest/J ads/N and/C promotions/N ./.
But/C some/D think/N that/I 's/P being/I overly/D optimistic/N ./.
For/D one/N thing/P ,/, it/P may/M be/V tough/V to/T attract/V people/V because/I skiing/N is/V still/I expensive/N :/: a/D lift/J ticket/N can/V cost/J up/N to/T $/$ 35/C a/D day/N and/C equipment/N prices/N are/V rising/V ./.
And/C most/J _OOV_/N still/R prefer/V a/D warm/J climate/N for/I their/P winter/J excursions/C ./.
An/D American/N Express/N Co./N survey/N of/I its/P travel/J agents/N revealed/V that/I only/R 34/C %/N believe/W their/P clients/N will/M pick/V a/D trip/V this/D winter/J based/N on/I the/D availability/N of/I winter/J sports/N ,/, as/I opposed/N to/T 69/C %/N who/W think/V that/D _OOV_/J sports/N will/M be/V the/D deciding/I factor/N ./.
``/N Even/N if/I they/P could/M bring/V in/I that/D many/J new/J skiers/N ,/, I/P do/V n't/R know/V if/I -LCB-/` the/D industry/J -RCB-/N could/M handle/V that/D kind/N of/I an/D increase/N ,/, ''/' says/V _OOV_/N William/N Berry/N ,/, editor/N and/C publisher/N of/I the/D _OOV_/N Industry/N Letter/N in/I _OOV_/N ,/, _OOV_/N ./.
``/N Most/N people/N will/M come/V on/I the/D weekend/N ,/, the/D slopes/N will/M be/V overcrowded/V and/C then/V these/D -LCB-/J new/J skiers/N -RCB-/N wo/M n't/V come/R back/R ./.
They/P did/V n't/R play/V the/D third/J game/N of/I the/D World/N Series/N on/I Tuesday/N night/N as/I scheduled/N ,/, and/C they/P did/V n't/R play/V it/P on/I Wednesday/N or/C Thursday/N either/W ./.
But/C you/V knew/P that/V ,/, did/I n't/P you/N ?/.
They/P are/V supposed/V to/T play/V the/D game/J next/N Tuesday/N ,/, in/I _OOV_/C Park/N here/N ./.
The/D theory/N is/V that/I the/D stadium/N ,/, damaged/V by/I Tuesday/N 's/P earthquake/N ,/, will/M be/V repaired/V by/I then/N ,/, and/C that/D people/N will/M be/V able/T to/T get/V there/R ./.
Like/J just/N about/I everything/P else/N ,/, that/W remains/V to/T be/V seen/R ./.
_OOV_/N could/M intervene/V ./.
But/C ,/, at/I least/N ,/, the/D law/N of/I averages/N should/M have/V swung/V to/T the/D favorable/N side/N ./.
It/P may/M seem/V trivial/V to/T worry/V about/I the/D World/N Series/N amid/V the/D destruction/N to/T the/D Bay/N Area/N wrought/V by/I Tuesday/N 's/P quake/N ,/, but/I the/D name/N of/I this/D column/N is/V ``/C On/N Sports/N ,/, ''/' so/P I/P feel/V obliged/V to/T do/V so/P ./.
You/P might/M be/V interested/V to/T know/V that/D baseball/N ,/, not/R survival/V ,/, appeared/C to/T be/V the/D first/J thought/N of/I most/J of/I the/D crowd/N of/I _OOV_/N that/W had/V gathered/C at/I _OOV_/C at/I _OOV_/C p.m./N Tuesday/N ,/, a/D half-hour/N before/V game/J time/N ,/, when/I the/D quake/J struck/N ./.
As/I soon/V as/I the/D tremor/J passed/N ,/, many/J people/N spontaneously/V arose/I and/C cheered/N ,/, as/R though/V it/P had/V been/V a/D novel/N kind/R of/I _OOV_/C show/N ./.
One/I fan/N ,/, seated/V several/I rows/N in/I front/N of/I the/D open/N ,/, _OOV_/N auxiliary/N press/N section/N where/W I/P was/V stationed/N ,/, faced/I the/D assembled/C _OOV_/N and/C _OOV_/N shouted/N ,/, ``/N We/V arranged/V that/I just/D for/I you/N guys/N ''/' I/P thought/N and/C ,/, I/P 'm/V sure/R ,/, others/N did/V :/: ``/` You/P should/M n't/R have/V bothered/V ./. ''/'
I/P 'd/M slept/V through/I my/P only/D previous/J brush/N with/I natural/J disaster/N ,/, a/D tornado/N 15/N or/C so/P summers/N ago/I near/N _OOV_/C City/N ,/, Mich./N ,/, so/P I/P was/V unprepared/V for/I one/C reaction/N to/T such/V things/N :/: the/D urge/N to/T talk/V about/I them/P ./.
Perhaps/P primed/V by/I the/D daily/J diet/N of/I radio/N and/C TV/N reporters/N thrusting/V microphones/V into/E people/V 's/P faces/J and/C asking/N how/V they/P ``/N feel/. ''/' about/I one/C calamity/N or/C another/R ,/, fellow/J reporters/N and/C civilians/N who/W spied/V my/P press/N _OOV_/N were/V eager/V to/T chat/N ./.
``/N It/P felt/V like/V I/P was/V on/I a/D station/N platform/N and/C a/D train/N went/V by/I ,/, ''/' said/V one/C man/N ,/, describing/J my/N own/V reaction/N ./.
A/D women/N said/V she/P saw/V the/D park/N 's/P light/J standards/N sway/V ./.
A/D man/N said/V he/P saw/V the/D upper/N rim/I _OOV_/N ./.
I/P saw/V neither/R ./.
_OOV_/N of/I good/P sense/N to/T the/D contrary/I not/R withstanding/V ,/, the/D general/N inclination/' was/V to/T believe/V that/I the/D disturbance/N would/M be/V brief/V and/C that/D ball/N would/M be/V played/N ./.
``/N I/P was/V near/V the/D top/N of/I the/D stadium/N ,/, and/C saw/V a/D steel/J _OOV_/N bow/V six/C feet/N from/I where/W I/P sat/V ,/, but/W I/P stayed/V put/P for/I 10/N or/C 15/C minutes/N ,/, ''/' confessed/I a/D friend/N ./.
``/N I/P guess/V I/P thought/N ,/, `/` This/D is/V the/D World/N Series/N and/C I/P 'm/V not/R gon/V na/N wimp/N out/V '/P ''/'
Here/N in/I the/D Global/N _OOV_/N ,/, though/R ,/, folks/N do/V not/I stay/P uninformed/N for/I long/N ./.
_OOV_/N power/N was/V out/V in/I _OOV_/N _OOV_/N Park/N ,/, but/I _OOV_/N radios/N and/C television/N sets/V were/J plentiful/N ./.
Within/I a/D few/J minutes/N ,/, the/D true/J extent/N of/I the/D catastrophe/N was/V becoming/V clear/R ./.
Its/I _OOV_/N _OOV_/N measurement/N was/V reported/N as/I 6.5/N ,/, then/I 6.9/N ,/, then/V _OOV_/C ./.
A/D section/N of/I the/D Bay/N Bridge/N had/V collapsed/V ,/, as/R had/V a/D part/N of/I Interstate/N Highway/N 880/N in/I _OOV_/N ./.
People/I had/C died/N ./.
At/I _OOV_/C p.m./N ,/, scheduled/N game/N time/I having/P passed/N ,/, some/D fans/J chanted/J ``/N Let/V 's/P Play/N Ball/N ./. ''/'
No/P longer/W innocent/V ,/, they/P qualified/N as/I fools/N ./.
The/D stadium/N was/V ordered/J evacuated/N soon/V afterward/V ;/: the/D announcement/N ,/, made/V over/I police/N _OOV_/N ,/, cited/V the/D power/J outage/N ,/, but/I it/P later/V was/V revealed/N that/I there/E also/V had/V been/V damage/N of/I the/D sort/J reported/N by/I my/P friend/N ./.
Outside/N ,/, I/P spotted/N two/C young/N men/W _OOV_/N blocks/N of/I concrete/N ./.
``/N _OOV_/N of/I _OOV_/N ,/, ''/' they/P said/V ./.
The/D crowd/N remained/V good/P natured/N ,/, even/J bemused/N ./.
TV/J reporters/N interviewed/N fans/V in/I the/D parking/N lots/R while/R ,/, a/D few/J feet/J away/N ,/, others/N watched/V the/D interviews/N on/I their/P portable/V TVs/C ./.
The/D only/W frenzy/V I/P saw/V was/V commercial/N :/: _OOV_/N selling/J World/N Series/N commemorative/V stamps/N and/C dated/N _OOV_/N were/V besieged/V by/I fledgling/J speculators/N who/W saw/V future/I profit/N in/I the/D items/N ./.
The/D traffic/N jam/N out/M of/I the/D park/N was/V monumental/N ./.
It/P took/V me/V a/D half-hour/N to/T move/V 10/J feet/N from/I my/P parking/J spot/N in/I an/D outer/N lot/V to/T an/D aisle/N ,/, and/C an/D additional/N hour/N to/T reach/V an/D inner/N roadway/V a/D _OOV_/J away/N ./.
The/D _OOV_/N trip/N to/T my/V airport/J hotel/N that/W had/V taken/I 20/N minutes/N earlier/R in/I the/D day/N took/V more/R than/I three/C hours/N ./.
At/I my/P hotel/N ,/, the/D _OOV_/N ,/, power/N was/V out/R ,/, some/D interior/J plaster/N had/V broken/V loose/I and/C there/E had/V been/V water/J damage/N ,/, but/W little/V else/V ./.
With/J _OOV_/N randomness/N ,/, a/D hotel/N across/I the/D street/N ,/, the/D _OOV_/N ,/, had/V been/V hit/J harder/N :/: A/: large/J sheet/N of/I its/P concrete/J facade/N and/C several/I window/J _OOV_/N were/V torn/V away/R ./.
The/D _OOV_/N staff/N had/V ,/, kindly/R ,/, set/V out/P lighted/J candles/N in/I the/D ballroom/N ,/, prepared/V a/D _OOV_/J buffet/N and/C passed/N around/I pillows/N and/C blankets/N ./.
I/P fell/V asleep/V on/I the/D lobby/J floor/N ,/, next/V to/T a/D man/N wearing/V a/D Chicago/N _OOV_/N jacket/N ./.
I/P expected/V him/P to/T say/V ,/, ``/N I/P told/V you/V so/P ,/, ''/' but/I he/P already/V was/V snoring/N ./.
The/D journalistic/J consensus/N was/V that/I the/D earthquake/N made/I the/D World/N Series/N seem/V unimportant/R ./.
My/J response/N was/V that/D sports/N rarely/R are/V important/V ,/, only/W diverting/V ,/, and/C the/D quake/N merely/I highlighted/V that/D fact/J ./.
Should/I the/D rest/N of/I the/D Series/N be/W played/V at/I all/N ?/.
The/D quake/N and/C baseball/N were/I n't/P related/N ,/, unlike/V the/D massacre/N of/I athletes/N that/W attended/V the/D 1972/N _OOV_/N ./.
That/D heavily/N politicized/V event/I learned/N nothing/V from/I the/D horrifying/J experience/N ,/, and/C seems/R doomed/V to/T repeat/V it/P ./.
Two/N _OOV_/N _OOV_/N ./.
This/D has/V been/V widely/R dubbed/V the/D BART/N Series/N ,/, after/V the/D local/J subway/N line/N ,/, and/C the/D Bay/N Bridge/N Series/N ./.
_OOV_/N fly/N at/I _OOV_/N for/I the/D death/N of/I _OOV_/N _OOV_/N ,/, the/D late/J baseball/N commissioner/N ,/, and/C now/V the/D Bay/N Bridge/N lies/N in/I ruins/N ./.
A/D Series/N that/W was/V shaping/N up/I as/I the/D _OOV_/N since/I the/D _OOV_/N _OOV_/N _OOV_/N go/P of/I 1984/N has/V become/V memorable/R in/I the/D least/N fortunate/V way/R ./.
Still/R ,/, its/P edge/N is/V lost/N ./.
It/P now/N will/M be/V played/V mostly/R for/I the/D record/N ,/, and/C should/M be/V wrapped/V up/R as/R quickly/V as/I possible/J ,/, without/T ``/C off/C ''/' days/N ./.
And/C I/P will/M never/V again/R complain/V about/I a/D _OOV_/N ./.
The/D disarray/N in/I the/D junk-bond/J market/N that/W began/V last/J month/N with/I a/D credit/N crunch/V at/I Campeau/C Corp./N has/V offered/V commercial/N banks/V a/D golden/J opportunity/N to/T play/V a/D greater/P role/N in/I financing/N _OOV_/N takeovers/N ./.
But/C two/C big/N New/N York/N banks/N seem/V to/T have/V kicked/V those/I chances/P away/N ,/, for/I the/D moment/N ,/, with/I the/D embarrassing/J failure/N of/I _OOV_/N and/C Chase/N Manhattan/N Corp./N to/T deliver/V $/$ 7.2/C billion/C in/I bank/N financing/N for/I a/D leveraged/N buy-out/N of/I United/N Airlines/N parent/N UAL/N Corp/N ./.
For/I more/J than/I a/D decade/N ,/, banks/N have/V been/V pressing/V Congress/N and/C banking/N regulators/N for/I expanded/I powers/N to/T act/V like/J securities/N firms/N in/I playing/J Wall/N Street/N 's/P lucrative/J takeover/N game/N ,/, from/I giving/D mergers/J advice/N all/I the/D way/N to/T selling/V and/C trading/N high-yield/N junk/N bonds/N ./.
Those/P expanded/I powers/N reached/I their/P zenith/R in/I July/N when/I Bankers/N Trust/N New/N York/N Corp./N provided/N mergers/N advice/N ,/, an/D equity/N investment/N and/C bank/N loans/N for/I the/D $/$ _OOV_/C billion/C leveraged/I buy-out/N of/I _OOV_/N Airlines/N parent/N _OOV_/N Inc/N ./.
One/R of/I the/D major/J selling/N points/N used/V by/I Los/N Angeles/N financier/N Alfred/N _OOV_/N in/I getting/V the/D takeover/N approved/N was/V that/I the/D deal/N did/V n't/R include/V any/D junk/N bonds/N ./.
That/W was/V seen/R as/I an/D advantage/N in/I lobbying/N airline/N employees/N and/C Washington/N regulators/N for/I approval/N of/I the/D contested/J takeover/N ./.
All/D $/$ _OOV_/C billion/C in/I debt/N for/I the/D deal/N was/V supplied/N by/I banks/N ./.
Charles/N _OOV_/N ,/, _OOV_/N of/I mergers/N and/C acquisitions/N at/I Salomon/C Brothers/N Inc./N ,/, says/V it/P is/V natural/N for/I banks/N to/T try/V to/T expand/V beyond/I their/P _OOV_/J business/N of/I providing/N senior/N debt/N for/I _OOV_/N ./.
But/C the/D UAL/J collapse/N ,/, he/P says/V ,/, ``/N may/M tell/P you/V it/P 's/V not/R going/V to/T work/V that/I easily/P ./. ''/'
David/N _OOV_/N ,/, a/D mergers/N adviser/N in/I La/N _OOV_/N ,/, Calif./N ,/, who/W aided/V Los/N Angeles/N investor/N Marvin/N Davis/N on/I the/D bids/N which/W put/V both/I UAL/N and/C _OOV_/N in/I play/N as/I takeover/N candidates/V this/D year/N ,/, says/V that/D banks/N have/V been/V ``/J preparing/N to/T play/V a/D larger/N and/C larger/I role/N in/I acquisition/N financing/N ./. ''/'
Mr./N _OOV_/N says/V that/D in/I the/D past/N ,/, banks/N would/M normally/V have/I loaned/N 65/N %/N of/I a/D total/N buy-out/C price/N ,/, with/I the/D loans/N secured/V by/I the/D target/J company/N 's/P assets/N ./.
Another/N 20/N %/N of/I the/D borrowed/J funds/N would/M come/V from/I the/D sale/N to/T investors/N of/I junk/N bonds/N ,/, which/W offer/V less/I security/N and/C typically/V carry/V higher/V yields/N than/I bank/N loans/N ./.
Mr./N _OOV_/N 's/P purchase/N of/I _OOV_/N ,/, Mr./N _OOV_/N notes/N ,/, ``/N was/V probably/I the/D most/J aggressive/N to/T date/V ,/, ''/' with/I bank/N debt/N at/I 85/C %/N of/I the/D purchase/N price/N ./.
But/C Mr./N _OOV_/N says/V that/I _OOV_/N 's/P ``/C failure/N to/T deliver/V ''/' on/I its/P promise/V to/T raise/V the/D UAL/J bank/N debt/N for/I a/D labor-management/N buy-out/N group/N ``/N is/V very/R distressing/V to/T potential/V users/N of/I a/D `/N _OOV_/N '/P letter/N from/I commercial/N banks/N ./. ''/'
His/I client/N ,/, Mr./N Davis/N ,/, used/V just/D such/J a/D letter/N from/I _OOV_/N in/I pursuing/N UAL/N ;/: _OOV_/C later/J agreed/N to/T work/V with/I a/D competing/J UAL/N buy-out/N group/N ./.
Executives/N of/I _OOV_/N and/C Chase/N Manhattan/N declined/V to/T comment/V on/I either/W the/D UAL/J situation/N ,/, or/C on/I the/D changing/J nature/N of/I banks/N '/P role/N in/I financing/N takeovers/N ./.
In/I the/D wake/N of/I Campeau/N 's/P problems/N ,/, prices/N of/I junk/N bonds/V tumbled/N ,/, throwing/V into/I doubt/P the/D ability/N of/I corporate/N _OOV_/N to/T finance/V large/J takeovers/N with/I the/D help/N of/I junk/J bond/N sales/N ./.
Mark/N _OOV_/N ,/, senior/N managing/N director/N at/I Manufacturers/N _OOV_/N Trust/N Co./N ,/, says/V the/D _OOV_/N in/I junk/N bonds/N may/M yet/V open/V new/J business/N opportunities/N to/T banks/N in/I structuring/J takeovers/N ./.
But/C he/P warns/V that/D banks/N will/M have/V ``/C to/T have/V enough/V discipline/N ''/' not/V to/T make/V loans/N that/W are/V too/R risky/V ./.
In/I fact/N ,/, Manufacturers/N _OOV_/N said/V in/I its/P third-quarter/J earnings/N report/N that/W fees/N from/I _OOV_/C loans/N to/T other/V banks/N dropped/V 48/C %/N ,/, to/T $/$ 21/C million/C ./.
``/N We/V did/I n't/P take/M part/R in/I a/D lot/N of/I deals/N because/I their/P credit/J quality/N was/V poor/V ,/, ''/' says/V a/D bank/N spokesman/N ./.
James/N B./N Lee/N ,/, head/N of/I _OOV_/N and/C private/N placements/V at/I Chemical/N Banking/N Corp./N ,/, said/V he/P believes/J banks/N can/M still/R make/V a/D credible/N offer/N of/I _OOV_/N shopping/N for/I takeover/N finance/N ./.
As/I evidence/N ,/, he/P cites/N yesterday/N 's/P arrangement/N for/I the/D final/J financing/N of/I a/D $/$ 3/C billion/C bid/N for/I American/N Medical/N International/N Inc./N in/I which/D Chemical/N served/N as/I both/I the/D lead/J bank/N and/C an/D equity/N investor/N ./.
Beyond/` the/D current/N weakness/N in/I the/D junk/N bond/V market/N ,/, banks/N have/V another/R advantage/V over/I investment/N banks/N in/I financing/N contested/V takeovers/N ./.
Arthur/N _OOV_/N Jr./N ,/, a/D takeover/N lawyer/N at/I Fried/N Frank/N Harris/N _OOV_/N &/C _OOV_/N ,/, notes/V that/I ``/` a/D political/N and/C emotional/J bias/N ''/' has/V developed/N against/I junk/N bonds/N ./.
One/R hostile/V bidder/V who/P deliberately/M avoided/V using/J junk/N bonds/N was/V Paramount/N Communications/N Inc./N in/I its/P initial/J offer/N to/T acquire/V Time/J Inc./N for/I $/$ _OOV_/C billion/C ,/, or/C $/$ 175/C a/D share/N ./.
A/D Paramount/N spokesman/N says/V that/D decision/N was/V based/V on/I the/D financial/N ,/, not/I political/N ,/, drawbacks/N of/I junk/N bonds/N ./.
But/C some/D observers/N believe/I Paramount/N Chairman/N Martin/N Davis/N wanted/V to/T avoid/V the/D possible/N taint/V of/I being/J perceived/N as/I a/D corporate/N raider/N in/I his/P controversial/J bid/N for/I Time/N ./.
In/I the/D end/N ,/, Mr./N Davis/N used/V junk/N bonds/V so/P that/I he/P could/M raise/V Paramount/N 's/P bid/N to/T $/$ 200/C a/D share/N ./.
Some/D _OOV_/N quarterbacks/N said/V the/D initial/J lower/J bid/N ,/, without/T junk/V bonds/N ,/, was/V a/D factor/N in/I his/P losing/V the/D company/N ./.
Time/P eluded/V Paramount/N by/I acquiring/J Warner/N Communications/N Inc/N ./.
The/D success/N of/I the/D _OOV_/J financing/N ,/, and/C the/D failure/N of/I the/D UAL/J deal/N ,/, also/R seem/V to/T highlight/V the/D important/J new/J role/N in/I takeover/N financing/N being/W played/V by/I Japanese/J banks/N ./.
Japanese/D banks/J accounted/N for/I 50/C %/N of/I the/D _OOV_/J bank/N debt/N ,/, according/V to/T a/D report/N by/I Transportation/N Secretary/N Samuel/N _OOV_/N ./.
But/C it/P was/V _OOV_/J rejection/N by/I Japanese/J banks/N that/W helped/V seal/V the/D fate/N of/I the/D attempt/N to/T buy/V UAL/C ./.
_OOV_/N and/C Chase/N are/V attempting/V to/T put/V together/V a/D new/N ,/, lower/J bid/N ./.
_OOV_/N _OOV_/N ,/, chief/V economist/N of/I the/D Institute/N for/I Financial/N Affairs/N Inc./N ,/, a/D Tokyo/J research/N center/N on/I finance/N and/C economics/N ,/, says/V ,/, ``/` The/D junk/N bond/V market/N became/V very/I _OOV_/N ,/, and/C there/I 's/P a/D fear/N of/I a/D coming/J recession/N and/C the/D possible/J bankruptcy/N of/I _OOV_/N companies/N ./.
_OOV_/N Inc./N filed/N suit/N in/I federal/J court/N here/V ,/, alleging/N that/I a/D group/N that/W holds/V _OOV_/C %/N of/I its/P stock/N made/V ``/J false/N ,/, deceptive/N and/C misleading/J ''/' statements/N in/I recent/J regulatory/N filings/N and/C public/J announcements/N ./.
_OOV_/N 's/P complaint/N claims/V that/I the/D group/N ,/, led/V by/I investor/N Malcolm/N _OOV_/N _OOV_/N ,/, violated/N securities/N laws/N by/I failing/N to/T disclose/V plans/N to/T purchase/V 15/C %/N of/I the/D company/N 's/P shares/N outstanding/I and/C that/I when/P the/D required/J Hart-Scott-Rodino/N filing/N eventually/V was/V made/R ,/, it/P did/V n't/R disclose/: the/D group/N 's/P alleged/V earlier/D violation/N of/I the/D so-called/N _OOV_/N requirements/N of/I the/D law/N ./.
Mr./N _OOV_/N could/M n't/R immediately/V be/V reached/V to/T comment/V ./.
But/C when/I _OOV_/` last/J week/J publicly/N questioned/V the/D legality/N of/I the/D group/N 's/P filing/N procedures/N ,/, the/D Rochester/N ,/, N.Y./N ,/, investor/N said/V ``/N we/P complied/V with/I every/J law/N ,/, ''/' and/C he/P denied/V any/D wrongdoing/N ./.
The/D _OOV_/N group/N said/V in/I a/D Securities/N and/C Exchange/N Commission/N filing/N in/I early/J October/N that/I it/P may/M seek/V a/D controlling/J interest/N in/I _OOV_/N ,/, or/C seek/V representation/V on/I the/D company/N 's/P board/N ./.
_OOV_/N has/V said/V it/P does/V n't/R intend/V to/T be/V acquired/V by/I the/D _OOV_/J group/N or/C any/D other/J party/N ./.
Inland/N Steel/N Industries/N Inc./N ,/, battered/V by/I lower/J volume/N and/C higher/J costs/N ,/, posted/V a/D 75/N %/N drop/V in/I third-quarter/J earnings/N ./.
The/D nation/N 's/P _OOV_/N steelmaker/N earned/V $/$ _OOV_/C million/C ,/, or/C 43/N cents/N a/D share/N ,/, compared/R with/I $/$ 61/C million/C ,/, or/C $/$ _OOV_/C a/D share/N ,/, a/D year/N earlier/R ,/, when/I the/D industry/N was/V enjoying/R peak/I demand/N and/C strong/J pricing/N ./.
Sales/N fell/V to/T $/$ _OOV_/C million/C from/I $/$ 1.02/C billion/C ./.
The/D earnings/N also/R mark/V a/D significant/J drop/N from/I the/D second/J quarter/N 's/P $/$ _OOV_/C million/C or/C $/$ 1.25/C a/D share/N ./.
Moreover/N ,/, the/D earnings/N were/V well/J below/J analysts/N '/P expectations/N of/I about/R $/$ _OOV_/C a/D share/N ./.
In/I composite/J trading/N on/I the/D New/N York/N Stock/N Exchange/N ,/, Inland/N closed/V yesterday/N at/I $/$ _OOV_/C a/D share/N ,/, down/I $/$ 1/C ./.
The/D company/N attributed/V the/D earnings/N drop/V to/T lower/V volume/I related/N to/T seasonal/J demand/N and/C the/D soft/J consumer/N durable/J market/N ,/, especially/J in/I the/D automotive/J sector/N ./.
However/P ,/, the/D company/N also/V lost/J orders/N because/I of/I prolonged/J labor/N talks/V in/I the/D second/J quarter/N ./.
Third-quarter/N shipments/N slipped/C 7/C %/N from/I the/D year-ago/J period/N ,/, and/C 17/C %/N from/I this/D year/N 's/P second/J quarter/N ./.
Profit/N of/I steel/J shipped/N for/I the/D company/N 's/P steel/J segment/N slid/N to/T $/$ 26/C a/D ton/N ,/, from/I $/$ 66/C a/D ton/N a/D year/N earlier/R and/C $/$ 57/C a/D ton/N a/D quarter/J earlier/N ./.
Analysts/N noted/V that/I the/D disappointing/J results/N do/V n't/R reflect/V lower/J prices/N for/I steel/J products/N ./.
Charles/N Bradford/N ,/, an/D analyst/N with/I Merrill/N Lynch/N Capital/N Markets/N ,/, said/V higher/J prices/N for/I galvanized/N and/C _OOV_/N products/N offset/V lower/J prices/N for/I bar/N ,/, _OOV_/N and/C structural/J steel/N ./.
Structural/J steel/N ,/, which/W primarily/V serves/V the/D construction/J market/N ,/, was/V especially/J hurt/N by/I a/D 15/N %/N price/N drop/N ,/, Mr./N Bradford/N said/V ./.
The/D company/N said/V its/P integrated/N steel/J sector/N was/V also/R hurt/V by/I higher/J raw/J material/N ,/, repair/N and/C maintenance/N ,/, and/C labor/N costs/N ./.
The/D increased/J labor/N costs/N became/N effective/V Aug./N 1/N under/I terms/N of/I the/D four-year/J labor/N agreement/V with/I the/D United/N _OOV_/N union/N ./.
Meanwhile/N ,/, the/D company/N 's/P service/N center/N segment/N ,/, which/W saw/V operating/J profit/N drop/V to/T $/$ 11.5/C million/C from/I $/$ _OOV_/C million/C a/D year/N ago/I ,/, experienced/J much/N of/I the/D same/J demand/N and/C cost/J problems/N ,/, as/R well/R as/I start-up/J costs/N associated/D with/I a/D coil/J processing/N facility/N in/I Chicago/N and/C an/D upgraded/J computer/N information/N system/N ./.
Inland/N Chairman/N Frank/N W./N _OOV_/N said/V the/D company/N 's/P short-term/J outlook/N is/V ``/J clouded/N by/I uncertainties/N in/I the/D economy/N and/C financial/N markets/N ./. ''/'
However/P ,/, he/P noted/V that/D steel/J mill/N bookings/N are/V up/R from/I early/J summer/N levels/N ,/, and/C that/I he/P expects/V the/D company/N to/T improve/V its/P cost/J performance/N in/I the/D fourth/J quarter/N ./.
In/I the/D first/J nine/C months/N ,/, profit/N was/V $/$ 113/C million/C ,/, or/C $/$ _OOV_/C a/D share/N ,/, on/I sales/N of/I $/$ _OOV_/C billion/C ,/, compared/R with/I $/$ _OOV_/C million/C ,/, or/C $/$ _OOV_/C a/D share/N ,/, on/I sales/N of/I $/$ _OOV_/C billion/C ,/, a/D year/N earlier/R ./.
The/D ``/N seismic/N ''/' activity/N of/I a/D financial/N market/N bears/V a/D resemblance/N to/T the/D seismic/J activity/N of/I the/D earth/N ./.
When/W things/R are/V quiet/V -LRB-/` low/J volatility/N -RRB-/N ,/, the/D structures/N on/I which/D markets/N stand/D can/M be/V relatively/J inefficient/N and/C still/R perform/V their/P functions/N adequately/V ./.
However/P ,/, when/W powerful/J forces/N start/R shaking/V the/D market/N 's/P structure/N ,/, the/D more/J ``/N _OOV_/N ''/' it/P is/V ,/, the/D better/J its/P chance/N for/I survival/N ./.
America/N 's/P financial/N markets/N do/V not/R yet/V have/V all/I the/D required/N modern/V features/J required/N to/T make/V them/P fully/V ``/N _OOV_/N ./. ''/'
Investors/N lack/V equal/V access/N to/T the/D markets/N '/P trading/N arena/N and/C its/P information/N ./.
That/D structural/J lack/N is/V crucial/N because/I investors/N are/V the/D only/J source/N of/I market/N liquidity/N ./.
And/C liquidity/N is/V what/P markets/N need/V to/T damp/J quakes/N and/C aftershocks/N ./.
In/I today/N 's/P markets/N ,/, specialists/N -LRB-/N on/I the/D New/N York/N Stock/N Exchange/N -RRB-/N and/C ``/N upstairs/N ''/' market/N makers/V -LRB-/N in/I the/D over-the-counter/J market/N -RRB-/N are/V the/D only/J market/N participants/V allowed/V to/T play/V a/D direct/N role/V in/I the/D _OOV_/J process/N ./.
When/W they/P halt/V trading/N ,/, all/D market/N liquidity/N is/V gone/V ./.
And/C when/I any/D component/N of/I the/D market/N --/: cash/N ,/, futures/N or/C options/N --/: loses/P liquidity/N ,/, the/D price/J discovery/N system/N -LRB-/C the/D way/J prices/N are/V determined/V -RRB-/N becomes/N flawed/N or/W is/V lost/V entirely/R for/I a/D time/N ./.
Last/P Friday/V the/D 13th/N -LRB-/N as/R well/R as/I two/C years/N ago/I this/D week/J -RRB-/C the/D markets/N became/V _OOV_/C ./.
When/W that/D happened/N ,/, ``/N seismic/N ''/' tremors/N of/I fear/N --/: much/R like/R the/D shock/J waves/N created/V by/I an/D earthquake/N --/: _OOV_/C through/I the/D market/N and/C increased/V the/D market/N 's/P volatility/N ./.
_OOV_/N of/I important/N ,/, needed/J information/N can/M cause/V fear/N ./.
_OOV_/N is/V the/D father/N of/I panic/N ./.
_OOV_/` frequently/J results/N in/I irrational/J behavior/N ./.
And/C in/I financial/J markets/N ,/, irrational/V behavior/N is/V sometimes/R translated/V into/I catastrophe/N ./.
When/P market/N tremors/V start/R ,/, it/P is/V crucial/N that/I as/I much/J information/N about/I transaction/N prices/N and/C the/D _OOV_/N curve/N -LRB-/C buy/N and/C sell/N orders/V at/I various/J prices/N -RRB-/N be/W made/V available/N to/T all/V ,/, not/M just/V to/T market/V makers/N ./.
Because/R of/I a/D lack/N of/I information/N and/C access/N ,/, many/J investors/N --/: including/V the/D very/N ones/V whose/R buying/V power/N could/M restore/V stability/N and/C damp/J volatility/N --/: are/V forced/V to/T stand/D on/I the/D sidelines/N when/I they/P are/V most/J needed/N ,/, because/I of/I their/P ignorance/N of/I important/P market/N information/N ./.
To/N add/V _OOV_/J power/N to/T America/N 's/P markets/N ,/, a/D modern/N ,/, electronic/J trading/N system/N should/M be/V implemented/V that/D permits/N equal/V access/N to/T the/D trading/N arena/V -LRB-/N and/C the/D information/N that/W would/M automatically/V accompany/R such/J access/N -RRB-/N by/I investors/N --/: particularly/J institutional/N investors/N ./.
_OOV_/C to/T some/D opinions/N ,/, the/D trading/N activities/N of/I specialists/N and/C other/J market/N makers/V do/R not/V provide/J liquidity/N to/T the/D market/N as/I a/D whole/N ./.
What/D market/N makers/V provide/N is/V immediacy/N ,/, a/D very/J valuable/J service/N ./.
_OOV_/N is/V not/I a/D service/N ./.
It/P is/V a/D market/N attribute/N --/: the/D ability/N to/T absorb/V selling/J orders/N without/M causing/V significant/J price/N changes/N in/I the/D absence/N of/I news/N ./.
Market/N makers/V buy/V what/P investors/N wish/V to/T sell/V ;/: their/P business/N is/V _OOV_/` these/D unwanted/N positions/V as/R quickly/V as/R possible/V to/T other/V investors/N ,/, and/C at/I a/D profit/N ./.
As/I a/D result/N ,/, while/I any/D one/C customer/N may/I purchase/N immediacy/V by/I selling/N to/T a/D market/N maker/V -LRB-/C which/W is/V _OOV_/N for/I the/D investor/N -RRB-/N ,/, the/D market/N as/I a/D whole/R remains/R in/I the/D same/N circumstances/V it/P was/V before/I the/D transaction/N :/: The/D unwanted/N position/N is/V still/I an/D unwanted/N position/N ;/: only/I the/D identity/N of/I the/D seller/N has/V changed/R ./.
In/I fact/I it/P can/M be/V argued/V that/D increasing/J capital/N commitments/N by/I market/N makers/V -LRB-/C a/D result/N of/I some/D _OOV_/J crash/N studies/N -RRB-/N also/V increases/J market/N volatility/N ,/, since/I the/D more/J securities/N are/V held/V by/I market/N makers/V at/I any/D given/J time/N ,/, the/D more/J selling/J pressure/N is/V overhanging/V the/D market/N ./.
In/I an/D open/J electronic/N system/N ,/, any/D investor/N wishing/V to/T pay/V for/I real-time/J access/N to/T the/D trading/N arena/V through/I a/D registered/N broker-dealer/N would/M be/V able/T to/T see/V the/D entire/I _OOV_/N curve/N -LRB-/C buy/N and/C sell/N orders/V at/I each/D price/N -RRB-/N entered/V by/I dealers/N and/C investors/N alike/V ,/, and/C to/T enter/V and/C execute/J orders/N ./.
Current/I quotations/N would/M reflect/V the/D combined/J financial/N judgment/N of/I all/D market/N participants/N --/: not/V just/R those/V of/I intermediaries/C who/V become/V extremely/J _OOV_/N during/V times/R of/I crisis/N ./.
Investors/N and/C professionals/N alike/V would/D compete/J on/I the/D level/N playing/R field/V Congress/C sought/N and/C called/V a/D ``/J national/N market/N system/N ''/' -LRB-/N not/M yet/V achieved/V -RRB-/C almost/I 15/C years/N ago/I when/I it/P passed/V the/D Securities/N Reform/N Act/N of/I _OOV_/N ./.
Last/D Friday/N 's/P market/N _OOV_/N did/V not/J result/N in/I severe/J ``/N aftershocks/N ./. ''/'
Were/R we/P smart/N or/C just/D lucky/N ?/.
I/P 'm/V not/I certain/N ./.
But/C I/P am/V sure/P we/P need/V to/T maximize/V our/P ``/N earthquake/N ''/' protection/N by/I making/P certain/V that/I our/P market/N structures/V let/J investors/N add/V their/P mighty/V _OOV_/C power/N to/T our/V nation/N 's/P markets/N ./.
Mr./N _OOV_/N is/V chairman/N of/I his/P own/J consulting/N company/N in/I _OOV_/N ,/, N.J/N ./.
NOW/N YOU/N _OOV_/N IT/N ,/, now/R you/R do/V n't/R ./.
The/D recession/N ,/, that/W is/V ./.
The/D economy/N 's/P _OOV_/C steps/D leave/M investors/V wondering/P whether/V things/R are/V slowing/V down/I or/C speeding/V up/R ./.
So/I often/R are/V government/J statistics/N revised/N that/I they/P seem/V to/T resemble/V a/D spinning/J weather/J vane/N ./.
For/I the/D past/I seven/C years/N ,/, investors/N have/V had/V the/D wind/N at/I their/P backs/N ,/, in/I the/D form/N of/I a/D generally/D growing/J economy/N ./.
Some/D may/M have/V forgotten/R --/: and/C some/D younger/N ones/N may/M never/V have/I experienced/N --/: what/V it/P 's/V like/R to/T invest/V during/I a/D recession/N ./.
_OOV_/N tactics/V are/V called/V for/R ,/, as/R losing/V money/V becomes/J easier/N and/C making/P money/V becomes/J tougher/N ./.
For/V those/D investors/N who/W believe/V --/: or/C fear/V --/: that/D 1990/N will/M be/V a/D recession/J year/N ,/, many/J economists/N and/C money/J managers/N agree/I on/I steps/D that/D can/M be/V taken/V to/T lower/V the/D risks/N in/I a/D portfolio/N ./.
In/I a/D nutshell/N ,/, pros/J advise/N investors/N who/W expect/V a/D slowdown/N to/T hold/V fewer/I stocks/N than/I usual/D and/C to/T favor/V shares/N of/I big/J companies/N in/I ``/J defensive/N ''/' industries/N ./.
A/D heavy/J dose/N of/I cash/N is/V prescribed/N ,/, along/R with/I a/D _OOV_/N allotment/N to/T bonds/V --/: preferably/J government/N bonds/N ./.
It/P 's/P tempting/V to/T think/V these/D defensive/J steps/N can/M be/V delayed/V until/I a/D recession/N is/V clearly/V at/I hand/P ./.
But/C that/W may/M not/V be/V possible/R ,/, because/I recessions/V often/R take/M investors/V by/I surprise/V ./.
``/N They/V always/R seem/V to/T come/V a/D bit/N later/V than/I you/P expect/M ./.
When/W they/P do/V hit/N ,/, they/P hit/J fast/N ,/, ''/' says/V David/N A./N _OOV_/N ,/, chief/V financial/J economist/N at/I the/D Data/J Resources/N division/N of/I McGraw-Hill/N Inc/N ./.
Though/I he/P himself/V does/I n't/P expect/M a/D recession/N soon/V ,/, Mr./N _OOV_/N advises/N people/V who/V do/V that/I ``/C the/D best/N thing/V to/T be/V in/I is/V long/I that/D is/N ,/, _OOV_/C to/T 30-year/N Treasury/N bonds/N ./. ''/'
The/D reason/D is/J simple/N ,/, Mr./N _OOV_/N says/V :/: ``/N Interest/N rates/N almost/I always/D decline/N during/I recession/N ./. ''/'
As/I surely/V as/I a/D _OOV_/J tilts/N ,/, falling/W interest/N rates/N force/N up/I the/D price/N of/I previously/V issued/N bonds/N ./.
They/P are/V worth/R more/R because/I they/P pay/V higher/J interest/N than/I newly/J issued/N bonds/N do/V ./.
That/D effect/N holds/V true/P for/I both/I short-term/N and/C long-term/N bonds/N ./.
But/C short-term/N bonds/N ca/V n't/P rise/V too/R much/R ,/, because/V everyone/V knows/V they/P will/M be/V redeemed/V at/I a/D preset/J price/N fairly/R soon/V ./.
_OOV_/N bonds/N ,/, with/I many/J years/J left/N before/V maturity/N ,/, swing/V more/R widely/V in/I price/N ./.
But/C not/R just/V any/D bonds/N will/M do/V ./.
Corporate/N bonds/V ``/N are/V usually/V not/I a/D good/N bet/V in/I a/D recession/N ,/, ''/' Mr./N _OOV_/N says/V ./.
As/I times/V get/P tougher/N ,/, investors/J fret/N about/I whether/D companies/N will/M have/V enough/V money/V to/T pay/V their/P debts/N ./.
This/D hurts/V the/D price/N of/I corporate/N bonds/N ./.
Also/R ,/, he/P notes/N ,/, ``/C most/J corporate/N bonds/N are/V _OOV_/N ./. ''/'
That/W means/V that/I a/D corporation/N ,/, after/V a/D specified/J amount/N of/I time/J has/J passed/N ,/, can/M buy/V back/W its/P bonds/N by/I paying/N investors/V the/D face/N value/V -LRB-/N plus/N ,/, in/I some/D cases/N ,/, a/D sweetener/N -RRB-/N ./.
When/P interest/J rates/N have/I dropped/N ,/, it/P makes/D sense/N for/I corporations/N to/T do/V just/D that/J ;/: they/P then/V save/P on/I interest/J costs/N ./.
But/C the/D investors/N are/V left/N stranded/V with/I money/N to/T _OOV_/C at/I a/D time/I when/P interest/J rates/N are/V _OOV_/N ./.
If/I corporate/N bonds/N are/V bad/N in/I recessions/N ,/, junk/N bonds/N are/V likely/V to/T be/V the/D worst/N of/I all/D ./.
It/P 's/V an/D ``/N absolute/V necessity/R ''/' to/T get/V out/V of/I junk/N bonds/V when/I a/D recession/N is/V in/I the/D _OOV_/N ,/, says/V _OOV_/N _OOV_/N ,/, professor/N of/I finance/N at/I Cornell/C University/N ./.
``/N Such/N bonds/N are/V very/R sensitive/V to/T the/D downside/N ,/, and/C this/D could/M be/V a/D disaster/N ./. ''/'
Municipal/N bonds/N are/V generally/D a/D bit/J safer/N than/I corporate/N bonds/N in/I a/D recession/N ,/, but/W not/V as/R safe/V as/I bonds/J issued/N by/I the/D federal/N government/N ./.
During/I an/D economic/J slump/N ,/, local/J tax/N revenues/N often/R go/D down/N ,/, raising/V the/D risks/N associated/D with/I at/R least/I some/D _OOV_/N ./.
And/C ,/, like/I corporates/N ,/, many/R municipal/I bonds/N are/V _OOV_/N ./.
But/C a/D few/J experts/N ,/, going/V against/V the/D consensus/N ,/, do/V n't/R think/V bonds/N would/M help/V investors/N even/V if/I a/D recession/N is/V in/I the/D _OOV_/N ./.
One/R of/I these/D is/J Jeffrey/N L./N Beach/N ,/, director/N of/I research/N for/I _OOV_/N _OOV_/N &/C Co./N ,/, a/D brokerage/N house/N in/I Houston/N ,/, who/W thinks/V that/I ``/N we/P 're/V either/R in/I a/D recession/N or/C about/R to/T go/V into/I one/C ./. ''/'
What/W 's/P more/R ,/, he/P thinks/V this/D could/M be/V a/D _OOV_/J recession/N than/I usual/N :/: ``/N Once/C the/D downturn/N comes/N ,/, it/P 's/P going/V to/T be/V very/R hard/V to/T reverse/V ./. ''/'
Investors/N ,/, he/P advises/N ,/, ``/N should/M be/V cautious/V ,/, ''/' holding/V fewer/I stocks/N than/I usual/D and/C also/J shunning/N bonds/N ./.
Because/R he/P sees/V ``/N 5/N %/N to/T 6/C %/N base/V rate/N of/I inflation/N in/I the/D economy/N ,/, ''/' he/P doubts/V that/D interest/J rates/N will/M fall/V much/R any/V time/I soon/C ./.
Instead/N ,/, Mr./N Beach/N says/V ,/, investors/N ``/N probably/N should/M be/V carrying/V a/D very/J high/J level/N of/I cash/N ,/, ''/' by/I which/W he/P means/V such/J so-called/N cash/N equivalents/N as/I _OOV_/N funds/N and/C Treasury/J bills/N ./.
_OOV_/N _OOV_/N ,/, president/N of/I _OOV_/N Financial/N Inc./N in/I _OOV_/N ,/, Pa./N ,/, also/J recommends/N that/W investors/V go/D heavily/N for/I cash/N ./.
He/P is/V n't/R sure/V a/D recession/N is/V coming/V ,/, but/W says/V the/D other/J likely/I alternative/N --/: _OOV_/J inflation/N --/: is/V just/D as/J bad/N ./.
``/` This/D late/N in/I an/D expansion/N ,/, ''/' the/D economy/N tends/C to/T veer/V off/P either/V into/I damaging/J inflation/N or/C into/I a/D recession/N ,/, Mr./N _OOV_/N says/V ./.
The/D Federal/N Reserve/N Board/N 's/P plan/N for/I a/D ``/J soft/N landing/N ,/, ''/' he/P says/V ,/, requires/V the/D Fed/N to/T navigate/V ``/C an/D _OOV_/N corridor/N ./. ''/'
A/D soft/J landing/N is/V n't/R something/V that/D can/M be/V achieved/V once/P and/C for/I all/R ,/, Mr./N _OOV_/N adds/N ./.
It/P has/V to/T be/V engineered/V over/I and/C over/I again/N ,/, month/J after/N month/N ./.
He/P believes/V that/I the/D task/N facing/V Fed/C Chairman/N Alan/N Greenspan/N is/V so/P difficult/V that/I it/P resembles/V ``/N juggling/V a/D _OOV_/N ax/N and/C a/D buzz/N saw/V ./. ''/'
And/C ,/, in/I a/D sense/N ,/, that/W 's/P the/D kind/N of/I task/N individuals/V face/V in/I deciding/R what/V to/T do/V about/I stocks/N --/: the/D mainstay/N of/I most/J serious/N investors/N '/P portfolios/N ./.
It/P comes/V down/R to/T a/D question/N of/I whether/N to/T try/V to/T ``/C time/I ''/' the/D market/N ./.
For/D people/N who/W can/M ride/V out/P market/N waves/N through/I good/P times/J and/C bad/N ,/, stocks/V have/R been/V rewarding/N long-term/P investments/N ./.
Most/I studies/N show/V that/D _OOV_/J investors/N historically/V have/R earned/V an/D annual/J return/C from/I stocks/N of/I 9/C %/N to/T 10/C %/N ,/, including/N both/I dividends/N and/C price/N appreciation/N ./.
That/W 's/P well/R above/V what/P bonds/N or/C bank/N certificates/N have/V paid/V ./.
Moreover/N ,/, because/I no/D one/C knows/N for/I sure/V just/D when/I a/D recession/N is/V coming/V ,/, some/D analysts/N think/V investors/N should/M n't/R even/V worry/V too/R much/V about/I timing/P ./.
``/N _OOV_/C to/T time/V the/D economy/N is/V a/D mistake/N ,/, ''/' says/V David/N Katz/N ,/, chief/J investment/N officer/N of/I Value/N Matrix/N Management/N Inc./N in/I New/N York/N ./.
Mr./N Katz/N notes/V that/I some/D economists/N have/V been/V predicting/V a/D recession/N for/I at/R least/I two/C years/N ./.
Investors/N who/W listened/V ,/, and/C lightened/V up/R on/I stocks/N ,/, ``/N have/V just/R hurt/V themselves/I ,/, ''/' he/P says/V ./.
Mr./N Katz/N adds/V that/D people/N who/W jump/V in/I and/C out/N of/I the/D stock/N market/N need/V to/T be/V right/N about/I 70/C %/N of/I the/D time/N to/T beat/V a/D _OOV_/J strategy/N ./.
_OOV_/J trading/N runs/N up/I high/J commission/N costs/N ./.
And/C the/D _OOV_/N might/M miss/V the/D sudden/N _OOV_/N that/W account/V for/I much/J of/I the/D stock/N market/N 's/P gains/N over/I time/N ./.
Still/R ,/, few/I investors/N are/V able/T to/T sit/V tight/V when/I they/P are/V convinced/V a/D recession/N is/V coming/V ./.
After/P all/R ,/, in/I all/D five/C recessions/N since/I _OOV_/N ,/, stocks/J declined/N ./.
According/N to/T _OOV_/N Davis/N ,/, president/N of/I _OOV_/N Davis/N Research/N Inc./N in/I _OOV_/N ,/, _OOV_/N ,/, the/D average/J drop/N in/I the/D Dow/N Jones/N Industrial/N Average/N was/V about/I 21/C %/N ,/, and/C the/D decrease/N began/V an/D average/N of/I six/C months/N before/I a/D recession/J officially/N started/N ./.
By/I the/D time/I a/D recession/N is/V ``/J official/N ''/' -LRB-/N two/C consecutive/N quarters/R of/I declining/J gross/N national/N product/N -RRB-/N ,/, much/V of/I the/D damage/N to/T stocks/V has/V already/P been/V _OOV_/N ,/, in/I the/D typical/J case/N ,/, the/D recession/N is/V already/P half/R over/I ./.
About/N six/C months/N before/I a/D recession/N ends/N ,/, stocks/V typically/J begin/N to/T rise/J again/N ,/, as/I investors/N anticipate/I a/D recovery/N ./.
The/D average/J recession/N lasts/V about/I a/D year/N ./.
Unfortunately/D ,/, though/R ,/, recessions/V vary/J enough/N in/I length/V so/P that/I the/D average/N ca/N n't/R reliably/R be/V used/V to/T guide/V investors/N in/I timing/P stock/N sales/N or/C purchases/N ./.
But/C whatever/V their/P advice/N about/I timing/P ,/, none/V of/I these/D experts/N recommend/N _OOV_/N stocks/V entirely/R during/V a/D recession/N ./.
For/I the/D portion/N of/I an/D investor/N 's/P portfolio/N that/W stays/V in/I stocks/N ,/, professionals/N have/I a/D number/N of/I suggestions/N ./.
Mr./N Katz/N advocates/N issues/V with/I low/J _OOV_/N ratios/N --/: that/W is/V ,/, low/J prices/N in/I relation/V to/T the/D company/N 's/P earnings/N per/N share/N ./.
``/N _OOV_/N _OOV_/N ''/' stocks/V ,/, he/P says/V ,/, vastly/R outperform/V others/J ``/N during/V a/D recession/N or/C bear/J market/N ./. ''/'
In/I good/P times/N ,/, he/P says/V ,/, they/P lag/V a/D bit/N ,/, but/W overall/V they/P provide/N superior/V performance/N ./.
Prof./N _OOV_/N urges/V investors/N to/T discard/V stocks/V in/I small/J companies/N ./.
_OOV_/N shares/N typically/V fall/V more/R than/I _OOV_/J stocks/N in/I a/D recession/N ,/, he/P says/V ./.
And/C in/I any/D case/N ,/, he/P argues/N ,/, stocks/V of/I small/J companies/N are/V ``/J almost/N as/I overpriced/N as/I they/P were/V Sept./N 30/N ,/, 1987/N ,/, just/D before/I the/D crash/N ./. ''/'
For/I example/N ,/, Mr./N _OOV_/N says/V ,/, stocks/V of/I small/J companies/N are/V selling/V for/I about/I 19/C times/J cash/N flow/N ./.
_OOV_/N flow/N ,/, basically/J earnings/N plus/V depreciation/N ,/, is/V one/C common/N gauge/N of/I a/D company/N 's/P financial/N health/N ./. -RRB-/-
That/D ratio/N is/V dangerously/V close/I to/T the/D ratio/N of/I _OOV_/N that/W prevailed/V before/I the/D 1987/N _OOV_/N crash/N ,/, Mr./N _OOV_/N says/V ./.
And/C it/P 's/V way/P above/V the/D ratio/N -LRB-/C _OOV_/C times/J cash/N flow/V -RRB-/C that/I bigger/J companies/N are/V selling/V for/I ./.
Another/J major/J trick/N in/I making/P a/D portfolio/N _OOV_/N is/V choosing/R stocks/V in/I ``/J defensive/N ''/' industries/N ./.
Food/N ,/, tobacco/N ,/, drugs/N and/C utilities/N are/V the/D classic/J examples/N ./.
Recession/N or/C not/R ,/, people/V still/I eat/P ,/, smoke/N ,/, and/C take/M medicine/V when/I they/P 're/V sick/N ./.
George/N _OOV_/N III/N ,/, editor/N of/I _OOV_/N Letter/N in/I Boston/N ,/, offers/N one/C final/N tip/N for/I _OOV_/J investors/N ./.
``/N Keep/V some/D money/J available/N for/I opportunities/N ,/, ''/' he/P says/V ./.
``/N If/I the/D recession/N does/I hit/N ,/, there/E will/M be/V some/D great/J investment/N opportunities/N just/I when/P things/R seem/V the/D blackest/N ./. ''/'
Mr./N Dorfman/N covers/N investing/N issues/N from/I The/J Wall/N Street/N Journal/N 's/P New/N York/N bureau/N ./.
Some/D industry/N groups/N consistently/V weather/V the/D storm/J better/N than/I others/N ./.
The/D following/N shows/V the/D number/N of/I times/R these/D industries/N outperformed/V the/D Standard/N &/C Poor/N 's/P _OOV_/N Index/N during/V the/D first/N six/C months/N of/I the/D past/I seven/C recessions/N ./.
Bond/N prices/N posted/N strong/V gains/V as/I investors/N went/V on/I a/D bargain/J hunt/N ./.
But/C while/I the/D overall/J market/N improved/N ,/, the/D _OOV_/N junk-bond/N market/N continued/V to/T count/V casualties/N ,/, even/R as/I junk-bond/J prices/N rose/N ./.
Yesterday/R ,/, Prudential-Bache/N Securities/N Inc./N said/V it/P postponed/V a/D $/$ _OOV_/C million/C senior/N subordinated/I _OOV_/N offering/N by/I York/N International/N Corp/N ./.
And/C Donaldson/N ,/, Lufkin/N &/C Jenrette/N Securities/N Corp./N scrambled/V to/T restructure/V and/C improve/V the/D potential/N returns/V on/I a/D $/$ _OOV_/C million/C _OOV_/N offering/N by/I Chicago/N &/C North/N Western/N Acquisition/N Corp./N that/W was/V still/R being/I negotiated/N late/I last/J night/N ./.
The/D issue/N by/I Chicago/N &/C North/N Western/N is/V one/C of/I the/D so-called/N good/V junk-bond/C offerings/I on/I the/D _OOV_/J calendar/N ./.
Some/D analysts/N said/V the/D restructuring/N of/I the/D railroad/J concern/N 's/P issue/N shows/J how/N tough/V it/P is/V for/I underwriters/C to/T sell/V even/I the/D junk/N bonds/N of/I a/D company/N considered/V to/T be/V a/D relatively/J good/J credit/N risk/N ./.
Since/I last/J week/N 's/P junk-bond/J market/N debacle/V ,/, many/J new/J issues/N of/I high-yield/N ,/, high-risk/N corporate/N bonds/N have/V either/R been/V scaled/V back/R ,/, delayed/N or/C dropped/V ./.
On/I Wednesday/N ,/, Drexel/N Burnham/N Lambert/N Inc./N had/V to/T slash/V the/D size/N of/I Continental/N Airlines/N '/P junk-bond/J offering/N to/T $/$ 71/C million/C from/I $/$ 150/C million/C ./.
Salomon/N Brothers/N Inc./: has/V delayed/N Grand/N Union/N Co./N 's/P $/$ _OOV_/C billion/C junk-bond/N offering/N while/I it/P _OOV_/V the/D transaction/N ./.
Last/D week/N ,/, the/D Grand/N Union/N offering/V was/V sweetened/V to/T include/V warrants/N that/W allow/V _OOV_/C to/T acquire/V common/J stock/N ./.
Prudential-Bache/N said/V the/D York/N issue/N was/V delayed/N because/I of/I market/N conditions/N ./.
``/N Everything/N is/V going/V through/I _OOV_/C right/J now/N ,/, and/C -LCB-/N Chicago/N &/C North/N Western/N -RCB-/N is/V no/D exception/N ,/, ''/' said/V _OOV_/N _OOV_/N ,/, vice/N president/N ,/, high-yield/N research/N ,/, at/I _OOV_/C ./.
_OOV_/N managers/N say/V sweeteners/N like/I equity/N kickers/N and/C stricter/N protective/V covenants/R may/M increasingly/V be/P required/V to/T sell/V junk-bond/J deals/N ./.
Dan/N _OOV_/N ,/, managing/N director/N of/I high-yield/N investments/N at/I Chancellor/N Capital/N Management/N ,/, said/V the/D Chicago/N &/C North/N Western/N offering/N was/V restructured/N in/I part/R because/I ``/N several/I large/J insurance/N buyers/N right/N now/V are/R demanding/V equity/N as/I part/R of/I the/D package/N ./.
If/I you/P 're/M going/V to/T take/V the/D risk/N in/I this/D market/N ,/, you/R want/V something/P extra/N ./. ''/'
Mr./N _OOV_/N likes/V the/D offering/N ./.
But/C several/I mutual-fund/J managers/N ,/, nervous/N about/I the/D deteriorating/N quality/N of/I their/P junk-bond/J portfolios/N and/C shy/N about/I buying/N new/J issues/N ,/, said/V they/P 're/V staying/V away/R from/I any/D junk/J security/N that/W is/V n't/R considered/R first/J rate/N for/I its/P class/N ./.
While/I they/P consider/I the/D Chicago/N &/C North/N Western/N issue/N to/T be/V good/R ,/, they/P do/V n't/R view/V it/P as/I the/D best/N ./.
To/N lure/V buyers/N to/T the/D Chicago/N &/C North/N Western/N bonds/N ,/, portfolio/N managers/N said/V Donaldson/N Lufkin/N sweetened/V the/D transaction/N by/I offering/V the/D bonds/N with/I a/D _OOV_/J interest/N rate/N and/C a/D 10/N %/N equity/N kicker/N ./.
The/D bonds/N are/V expected/V to/T have/V a/D 14/N %/N coupon/N rate/N ./.
The/D equity/N arrangement/V apparently/P would/M allow/V _OOV_/C to/T buy/V a/D total/N of/I 10/C %/N of/I the/D stock/N of/I _OOV_/N Corp./N ,/, Chicago/N &/C North/N Western/N 's/P parent/J company/N ./.
Donaldson/N Lufkin/N declined/V to/T comment/V on/I the/D restructuring/N ./.
According/N to/T some/D analysts/N familiar/V with/I the/D negotiations/N ,/, the/D 10/N %/N of/I equity/N would/M come/V directly/R from/I Donaldson/N Lufkin/N and/C a/D fund/N affiliated/N with/I the/D investment/N bank/N _OOV_/N Group/N ,/, which/W would/M reduce/V their/P _OOV_/J equity/N holdings/N by/I 5/N %/N each/N ./.
That/W would/M leave/V the/D _OOV_/J fund/N with/I a/D 60/N %/N stake/V and/C Donaldson/N Lufkin/N with/I 15/C %/N ./.
Despite/I the/D problems/N with/I new/J issues/N ,/, high-yield/N bonds/N showed/N gains/V in/I the/D secondary/N ,/, or/C resell/N ,/, market/N ./.
_OOV_/N bonds/N ended/V about/R one-half/C point/I higher/N with/I so-called/N high-quality/N issues/N from/I RJR/N Capital/N Holdings/N Corp./N and/C _OOV_/N Gas/N Service/N Limited/N _OOV_/N rising/V one/C point/N ./.
In/I the/D Treasury/J market/N ,/, the/D benchmark/J 30-year/J bond/N rose/V _OOV_/C point/N ,/, or/C $/$ 8.75/C for/I each/D $/$ 1,000/C face/I amount/N ./.
The/D gain/N reflects/R fresh/J economic/N evidence/V that/D inflation/N is/V moderating/R while/I the/D economy/N slows/N ./.
That/W raised/V hopes/I that/D interest/J rates/N will/M continue/V to/T move/V lower/N ./.
The/D Labor/N Department/N reported/V that/D consumer/N prices/N rose/V just/D 0.2/N %/N last/N month/N ,/, slightly/I lower/N than/I some/D economists/N had/V expected/V ./.
But/C there/E were/V also/J rumors/N yesterday/V that/D several/J Japanese/J institutional/N investors/N were/V shifting/I their/P portfolios/N and/C buying/N long-term/N bonds/N while/I selling/J _OOV_/N Treasurys/N ./.
Short-term/N Treasury/N securities/N ended/V narrowly/I mixed/N ,/, with/I two-year/J notes/N posting/V slight/E declines/V while/R three-year/V notes/J were/N slightly/I higher/N ./.
Yesterday/R ,/, the/D Fed/N executed/V four-day/` matched/J sales/N ,/, a/D technical/N trading/N operation/N designed/N to/T drain/V reserves/N from/I the/D banking/N system/N ./.
The/D move/N was/V interpreted/V by/I some/D economists/N as/I a/D sign/N that/I the/D Fed/N does/V n't/R want/V the/D federal/N funds/N rate/V to/T move/V any/D lower/N than/I the/D 8/N %/N at/I which/W it/P has/V been/V hovering/V around/R during/I the/D past/J week/N ./.
The/D closely/J watched/J funds/N rate/N is/V what/P banks/N charge/N each/V other/J on/I overnight/N loans/N ./.
It/P is/V considered/I an/D early/J signal/N of/I Fed/N credit/N policy/N changes/N ./.
``/` The/D fact/N that/I they/P did/V four-day/` matched/J sales/N means/W they/P are/V not/V in/I a/D mood/N to/T ease/V aggressively/N ./.
They/P are/V telling/J us/N that/I -LCB-/N 8/N %/N -RCB-/N is/V as/I low/N as/I they/P want/V to/T see/V the/D fed/J funds/N rate/N ,/, ''/' said/V Robert/N _OOV_/N at/I _OOV_/C Bank/N PLC/N ./.
The/D benchmark/J 30-year/N bond/N was/V quoted/N late/R at/I a/D price/N of/I 101/C to/T yield/V _OOV_/C %/N ,/, compared/R with/I 100/C to/T yield/V _OOV_/C %/N Wednesday/N ./.
The/D latest/J 10-year/N notes/N were/V quoted/V late/R at/I 100/C to/T yield/V _OOV_/C %/N ,/, compared/R with/I 99/C to/T yield/V _OOV_/C %/N ./.
Short-term/J rates/N rose/N yesterday/N ./.
The/D discount/N rate/N on/I three-month/N Treasury/N bills/N rose/V to/T _OOV_/C %/N from/I _OOV_/C %/N Wednesday/N ,/, while/I the/D rate/N on/I six-month/J bills/N rose/V to/T _OOV_/C %/N from/I _OOV_/C %/N ./.
Meanwhile/N ,/, the/D Treasury/N sold/V $/$ _OOV_/C billion/C of/I _OOV_/J bills/N yesterday/N ./.
The/D average/N yield/N on/I the/D bills/N was/V _OOV_/C %/N ,/, down/R from/I _OOV_/C %/N at/I the/D previous/J _OOV_/N bill/N auction/V Sept./N 21/N ./.
Yesterday/: 's/P yield/N was/V the/D lowest/N since/I _OOV_/C %/N on/I July/N 27/C ./.
Here/N are/V details/V of/I the/D auction/N :/:
Rates/N are/V determined/V by/I the/D difference/N between/I the/D purchase/N price/N and/C face/J value/N ./.
Thus/N ,/, higher/J bidding/N narrows/V the/D investor/N 's/P return/V while/I lower/J bidding/N widens/V it/P ./.
The/D percentage/J rates/N are/V calculated/V on/I a/D 360-day/J year/N ,/, while/I the/D coupon-equivalent/N yield/N is/V based/V on/I a/D 365-day/J year/N ./.
_OOV_/N bond/N price/N climbed/N yesterday/N despite/V skittishness/N in/I the/D _OOV_/J market/N for/I high-yield/J securities/N ./.
Dealers/N said/V junk/J bond/N issues/N on/I average/N were/V up/R by/R to/T point/V with/I so-called/N quality/V issues/N from/I RJR/N Capital/N Holdings/N Corp./N and/C _OOV_/N Gas/N Service/N Limited/N _OOV_/N posting/V _OOV_/J gains/N ./.
_OOV_/N Gas/N Service/N 's/P 13/C %/N debentures/N traded/N at/I 102/N ,/, after/V trading/N around/I par/N earlier/W this/D week/N ,/, and/C RJR/N 's/P 13/C %/N subordinated/I debentures/N of/I 2001/N were/V at/I 101/N after/V trading/N at/I below/C par/N earlier/W this/D week/N ./.
Investment-grade/N bonds/N were/V unchanged/R ./.
Activity/N was/V brisk/N in/I the/D _OOV_/N general/N obligation/V market/N ,/, as/I a/D series/N of/I sell/N lists/N hit/V the/D Street/N and/C capped/J upward/J price/N movement/N in/I the/D sector/N ./.
Traders/N estimated/V that/D more/J than/I $/$ 140/C million/C of/I _OOV_/N bonds/N was/V put/V up/R for/I sale/N via/N _OOV_/N lists/N circulated/V by/I a/D handful/C of/I major/J brokers/N ./.
There/E was/V speculation/N that/I the/D supply/N was/V coming/V from/I a/D commercial/N bank/N 's/P portfolios/N ./.
According/N to/T market/V participants/N ,/, the/D bonds/N were/V met/V with/I decent/J bids/N ,/, but/I the/D volume/N of/I paper/J left/N high/J grades/N in/I the/D 10-year/N and/C under/I maturity/N range/V unchanged/D to/T _OOV_/N percentage/V point/I higher/N in/I yield/N ./.
_OOV_/N from/I the/D general/N obligation/V sector/N ,/, activity/N was/V modest/N ./.
Long/J dollar/N bonds/N were/V flat/V to/T up/V point/N ./.
New/N Jersey/N _OOV_/N Authority/N 's/P 7.20/C %/N issue/N of/I _OOV_/N was/V up/R at/I 98/C bid/N to/T yield/V about/I 7.32/C %/N ,/, down/I _OOV_/C percentage/J point/N ./.
The/D debt/N of/I some/D California/N issuers/N pulled/W off/P lows/N reached/I after/N Tuesday/N 's/P massive/J earthquake/N ,/, although/I traders/N said/V market/J participants/N remained/V cautious/N ./.
California/N expects/V to/T rely/V on/I federal/J emergency/N funds/N and/C its/P $/$ _OOV_/C billion/C in/I general/N fund/N reserves/N to/T meet/V the/D estimated/N $/$ 500/C million/C to/T $/$ 1/C billion/C in/I damages/N resulting/V from/I the/D quake/N ,/, according/V to/T a/D state/N official/N ./.
It/P 's/V also/R unclear/V precisely/V how/P the/D state/N will/M rebuild/V its/P reserve/N ,/, said/V _OOV_/N Katz/N ,/, assistant/N director/N of/I California/N 's/P department/N of/I finance/N ,/, although/I she/P noted/V that/I a/D bond/N offering/N for/I that/D purpose/N is/V n't/R anticipated/V ./.
Meanwhile/N ,/, new/J issuance/N was/V slow/N ./.
The/D largest/J sale/N in/I the/D competitive/J arena/N was/V a/D $/$ _OOV_/C million/C issue/N of/I school/J financing/N bonds/N from/I the/D _OOV_/N Public/N School/N Authority/N ./.
A/D balance/N of/I $/$ _OOV_/C million/C remained/N in/I late/J _OOV_/N ,/, according/V to/T the/D lead/J manager/N ./.
Mortgage/D securities/N generally/C ended/V to/T point/V higher/N ,/, but/W lagged/V gains/N in/I the/D Treasury/J market/N because/I of/I a/D shift/N in/I the/D shape/N of/I the/D Treasury/N yield/N curve/N and/C rumored/V mortgage/J sales/N by/I thrifts/N ./.
Premium/N Government/N National/N Mortgage/N Association/N securities/N with/I coupon/N rates/N of/I 13/C %/N and/C higher/N actually/R declined/V amid/J concerns/N about/I increased/J prepayments/N because/I of/I a/D plan/N being/I considered/R by/I Congress/C to/T speed/V the/D refinancing/N of/I _OOV_/N mortgages/N ./.
Ginnie/N Mae/N 13/N %/N securities/N were/V down/R about/R at/I _OOV_/C ./.
If/I the/D refinancing/J plan/N clears/N Congress/N ,/, there/E could/M be/V fairly/V heavy/R prepayments/V on/I the/D premium/N securities/N ,/, hurting/V any/D investor/N paying/V much/R above/V par/N for/I them/P ./.
In/I the/D _OOV_/J sector/N ,/, a/D shift/N in/I the/D Treasury/N yield/V curve/J resulting/N from/I the/D better/J performance/N of/I _OOV_/N issues/N over/I _OOV_/C securities/N hurt/V major/J coupons/N because/I it/P will/M become/V more/R difficult/V to/T structure/V new/J derivative/N securities/N offerings/I ./.
Ginnie/N Mae/N 9/N %/N securities/N ended/V at/I 98/N ,/, up/I 9/N ,/, 9/C %/N
%/D to/T a/D 12-year/N average/I life/N assumption/V ,/, as/I the/D spread/N above/V the/D Treasury/N 10-year/N note/N widened/I _OOV_/C percentage/N point/V to/T _OOV_/C ./.
While/I Remic/N issuance/N may/I slow/N in/I the/D coming/J days/N because/I of/I the/D shift/N in/I the/D Treasury/N yield/N curve/N ,/, underwriters/N continued/V to/T crank/V out/P new/J real/J estate/N mortgage/J investment/N conduits/N structured/N when/I the/D yield/N curve/N was/V more/R favorable/V ./.
Two/N new/N _OOV_/C totaling/$ $/$ 900/C million/C were/J announced/N by/I Freddie/N Mac/N yesterday/N ./.
British/D government/N bonds/N ended/V little/V changed/D as/J investors/N awaited/V an/D economic/J policy/N address/N last/N night/N by/I Chancellor/N of/I the/D _OOV_/N Nigel/N _OOV_/N ./.
The/D Treasury/N 11/N %/N bond/N due/N was/V down/R at/I 111/C to/T yield/V _OOV_/C %/N ,/, while/I the/D 11/N %/N notes/N due/V 1991/N were/V unchanged/V at/I 98/C to/T yield/V _OOV_/C %/N ./.
In/I Japan/N ,/, the/D bellwether/N No./N 111/N 4.6/N %/N bond/N of/I 1998/N ended/V off/R _OOV_/C at/I _OOV_/N ,/, to/T yield/V _OOV_/C %/N ,/, and/C in/I West/N Germany/N ,/, the/D 7/N %/N benchmark/V issue/J due/N October/N 1999/N ended/V _OOV_/C point/I lower/N at/I _OOV_/C to/T yield/V _OOV_/C %/N ./.
