``/` We/P 're/V strongly/J recommending/N that/W anyone/V who/W has/V eaten/V in/I the/D cafeteria/N this/D month/N have/V the/D shot/N ,/, ''/' Mr./N _OOV_/N added/V ,/, ``/N and/C that/W means/V virtually/R everyone/V who/W works/J here/N ./.
I/P was/V appalled/V to/T read/V the/D _OOV_/N of/I facts/N in/I your/P Oct./N 13/N editorial/N ``/N _OOV_/N 's/P _OOV_/N _OOV_/N ./. ''/'
It/P is/V the/D _OOV_/N guerrillas/N who/W are/V aligned/R with/I the/D drug/N traffickers/N ,/, not/V the/D left/J wing/N ./.
This/D information/N was/V gleaned/V from/I your/P own/V news/J stories/N on/I the/D region/N ./.
Past/I _OOV_/N government/N tolerance/N of/I the/D ``/N _OOV_/N ''/' was/V due/J to/T the/D drug/N lords/V '/P history/N of/I wiping/N out/I leftists/N in/I the/D hinterlands/N ./.
Mary/N _OOV_/N Palo/N Alto/N ,/, Calif/N ./.
I/P suggest/V that/I The/J Wall/N Street/N Journal/N -LRB-/N as/I well/J as/I other/J U.S./N news/N publications/N of/I like/J mind/J -RRB-/N should/M put/V its/P money/N where/I its/P mouth/N is/V :/: _OOV_/N computer/N equipment/N to/T replace/V that/I damaged/N at/I El/N _OOV_/N ,/, buy/N ad/V space/N ,/, publish/V stories/J under/I the/D _OOV_/N of/I El/N _OOV_/N journalists/N ./.
Perhaps/P an/D arrangement/N could/M be/V worked/V out/I to/T ``/N sponsor/N ''/' El/N _OOV_/N journalists/N and/C staff/N by/I paying/N for/I added/J security/N in/I exchange/N for/I exclusive/N stories/N ./.
_OOV_/N El/N _OOV_/N 's/P courage/V with/I real/J support/N ./.
Douglas/N B./N Evans/N
_OOV_/N Co/N ./. -LRB-/N Atlanta/N -RRB-/N --/: _OOV_/N _OOV_/N and/C George/N _OOV_/N were/V elected/J vice/N presidents/N of/I this/D _OOV_/J company/N ./.
Mr./N _OOV_/N ,/, 46/N years/N old/N ,/, is/V the/D company/N 's/P director/N of/I quality/J assurance/N ;/: most/J recently/N ,/, he/P served/N as/I vice/N president/N ,/, operations/N ,/, for/I Coca-Cola/N _OOV_/N ./.
Mr./N _OOV_/N ,/, 48/N ,/, is/V manager/N for/I corporate/J manufacturing/N operations/N ;/: he/P was/V assistant/J vice/N president/N at/I the/D company/N ./.
In/I the/D wake/N of/I a/D slide/N in/I sterling/N ,/, a/D tailspin/N in/I the/D stock/N market/N ,/, and/C a/D string/N of/I problematic/J economic/J indicators/N ,/, British/N Chancellor/N of/I the/D _OOV_/N Nigel/N _OOV_/N promised/V gradual/J improvement/N in/I the/D U.K./J economy/N ./.
In/I a/D speech/N prepared/V for/I delivery/N to/T London/N 's/P financial/J community/N ,/, Mr./N _OOV_/N summed/V up/V current/J economic/J policy/N as/I a/D battle/N to/T _OOV_/C inflation/N out/I of/I the/D British/J economy/N ,/, using/V high/J interest/N rates/N as/I ``/` the/D essential/J instrument/N ''/' to/T carry/V out/I the/D campaign/N ./.
Two/J weeks/N after/I boosting/N base/N rates/N to/T 15/C %/N ,/, he/P pledged/V that/I ``/C rates/N will/M have/V to/T remain/V high/V for/I some/D time/J to/T come/V ./. ''/'
Mr./N _OOV_/N also/R made/V it/P clear/V that/I he/P would/M be/V watching/V exchange/J rates/N carefully/V ./.
A/D sinking/N pound/N makes/J imports/N more/R expensive/R and/C increases/N businesses/N '/P expectations/N of/I future/V inflation/N ,/, he/P argued/V ./.
In/I an/D apparent/J warning/N to/T currency/D traders/N who/W have/V lately/V been/V selling/V the/D British/N currency/N ,/, he/P stated/V that/I the/D exchange/J rates/N will/M have/V a/D ``/J major/N role/V in/I the/D assessment/N of/I monetary/J conditions/N ./. ''/'
In/I reaffirming/V the/D current/N monetary/J policy/N of/I using/J high/J interest/N rates/N to/T fight/V inflation/N and/C shore/N up/V the/D pound/N ,/, Mr./N _OOV_/N dismissed/V other/J approaches/N to/T managing/V the/D economy/N ./.
He/P said/V he/P monitors/N the/D _OOV_/J figures/N ,/, but/C does/V n't/R give/V them/P paramount/V importance/J ,/, as/I some/D private/N and/C government/N economists/N have/V suggested/V ./.
Mr./N _OOV_/N also/R dismissed/V the/D possibility/N of/I imposing/V direct/J credit/N controls/N on/I Britain/N 's/P financial/J system/N ./.
Mr./N _OOV_/N 's/P speech/N ,/, delivered/V at/I the/D Lord/N Mayor/N of/I London/N 's/P annual/N dinner/V at/I _OOV_/N House/N ,/, came/V on/I the/D heels/N of/I a/D grueling/J period/N for/I the/D U.K./J economy/N ./.
Two/J weeks/N ago/R ,/, in/I a/D campaign/N to/T blunt/V inflation/N at/I home/N and/C arrest/V a/D world-wide/J plunge/N in/I the/D pound/N ,/, he/P raised/V base/J rates/N a/D full/J percentage/N point/V to/T 15/C %/N ./.
Despite/R the/D increase/N ,/, the/D British/N currency/J slid/N below/V a/D perceived/J threshold/N of/I three/C marks/J early/N last/J week/N ./.
It/P was/V quoted/V at/I _OOV_/N marks/N in/I late/J New/N York/N trading/N Wednesday/N ./.
_OOV_/` up/R to/T the/D speech/N was/V a/D _OOV_/N of/I economic/J statistics/N suggesting/V that/I the/D British/N war/N on/I inflation/N will/M be/V more/J bruising/N than/I previously/I assumed/N ./.
_OOV_/N in/I September/N dropped/V to/T _OOV_/N ,/, the/D lowest/J level/N since/I 1980/N ./.
While/I lower/J _OOV_/N is/V generally/R good/J news/N ,/, the/D hefty/N drop/R last/J month/N indicates/V that/I the/D economy/N is/V n't/R slowing/V down/I as/D much/J as/I hoped/N --/: despite/V a/D doubling/N of/I interest/J rates/N over/I the/D last/J 16/C months/N ./.
Meanwhile/N ,/, average/J earnings/N in/I Britain/N were/V up/R 8.75/C %/N in/I August/N over/I the/D previous/J year/N ./.
Another/D inflationary/N sign/R came/V in/I a/D surge/N in/I _OOV_/N lending/N to/T a/D record/J #/# _OOV_/C billion/C -LRB-/N $/$ _OOV_/C billion/C -RRB-/C last/J month/N ,/, a/D much/J higher/J level/N than/I economists/N had/V predicted/V ./.
In/I a/D separate/J speech/N prepared/V for/I delivery/N at/I the/D dinner/N ,/, Robin/N _OOV_/N ,/, Bank/N of/I England/N governor/N ,/, conceded/V that/I ``/J demand/N pressures/N were/V even/R more/J buoyant/N than/I had/P been/V appreciated/J ''/' when/I the/D British/J economy/N was/V heating/V up/R last/J year/N ./.
He/P added/V that/I ``/C there/E 's/V no/D _OOV_/J solution/N ''/' to/T the/D economic/J woes/N ,/, and/C said/V ``/N tight/V monetary/J policy/N is/V the/D right/J approach/N ./. ''/'
_OOV_/V the/D recent/J slide/N in/I stock/N prices/N ,/, the/D central/J bank/N governor/N stated/V that/I ``/V the/D markets/N now/V appear/R to/T have/V _OOV_/N ''/' after/I the/D ``/N nasty/J jolt/N ''/' of/I the/D _OOV_/J plunge/N in/I the/D Dow/N Jones/N Industrial/N Average/N a/D week/N ago/R ./.
Although/I the/D New/N York/N market/N plunge/V prompted/V a/D _OOV_/J drop/N in/I the/D London/N Financial/N Times-Stock/N Exchange/N 100/N Share/N Index/N ,/, Mr./N _OOV_/N declared/V ``/N that/I the/D experience/N owed/V nothing/R to/T the/D particular/J problems/N of/I the/D British/J economy/N ./. ''/'
Specifically/R ,/, he/P pointed/V out/I that/W compared/V with/I the/D U.S./J market/N ,/, the/D U.K./N has/V far/R fewer/J highly/J leveraged/N junk-bond/N _OOV_/N ./.
_OOV_/N future/V monetary/J arrangements/N ,/, Mr./N _OOV_/N repeated/V the/D Thatcher/J government/N 's/P commitment/N to/T join/V the/D exchange/J rate/N mechanism/N of/I the/D European/N _OOV_/N System/N ,/, but/C he/P did/V n't/R indicate/V when/R ./.
C./N Olivetti/N &/C Co./N ,/, claiming/V it/P has/V won/V the/D race/N in/I Europe/N to/T introduce/D computers/N based/V on/I a/D powerful/J new/J microprocessor/N chip/N ,/, unveiled/V its/P _OOV_/N computer/N yesterday/N ./.
The/D product/N is/V the/D first/J from/I a/D European/J company/N based/V on/I Intel/N Corp./N 's/P new/J _OOV_/N _OOV_/N microprocessor/N ,/, which/D works/N several/V times/R faster/J than/I previously/I available/J chips/N ./.
Hewlett-Packard/N Co./N became/I the/D first/J company/N world-wide/N to/T announce/V a/D product/N based/V on/I the/D chip/N earlier/R this/D month/N ,/, but/C it/P wo/V n't/R start/V shipping/V the/D computers/N until/I early/J next/J year/N ./.
An/D Olivetti/N spokesman/N said/V the/D company/N 's/P factories/N are/V already/R beginning/V to/T produce/V the/D machine/N ,/, and/C that/I it/P should/M be/V available/J in/I Europe/N by/I December/N ./.
``/N What/V this/D means/N is/V that/I _OOV_/N will/M have/V these/D machines/N in/I their/P offices/N before/I Americans/N do/V ,/, ''/' the/D spokesman/N said/V ./.
The/D new/J chip/N ``/N is/V a/D very/J big/J step/N in/I computing/N ,/, and/C it/P is/V important/J that/I Olivetti/N be/V one/C of/I the/D first/J out/I on/I the/D market/N with/I this/D product/N ,/, ''/' said/V _OOV_/N _OOV_/N Davis/N ,/, an/D analyst/N at/I James/N _OOV_/N &/C Co./N in/I London/N ./.
Executives/N at/I Olivetti/N ,/, whose/D earnings/N have/V been/V steadily/J sliding/N over/I the/D past/J couple/N of/I years/N ,/, have/V acknowledged/V that/I in/I the/D past/J they/P have/V lagged/V at/I getting/J new/J technology/N to/T market/N ./.
Ms./N Davis/N said/V the/D new/J machines/N could/M steal/V some/D sales/N away/R from/I Olivetti/N 's/P own/J minicomputers/N ,/, but/C would/M bring/V new/J sales/N among/V professionals/J such/N as/I engineers/N ,/, _OOV_/N and/C medical/J doctors/N ./.
Although/I Olivetti/N 's/P profits/N tumbled/N 40/N %/N in/I the/D first/J half/N of/I this/D year/N ,/, she/P believes/V Olivetti/N 's/P restructuring/N last/R fall/V and/C its/P introduction/N of/I new/J products/N will/M begin/V to/T bear/V fruit/N with/I an/D earnings/N rebound/V next/J year/N ,/, especially/R if/I it/P can/M fulfill/V its/P promise/N to/T deliver/V the/D new/J machines/N by/I December/N ./.
``/N We/, think/V the/D worst/N is/V over/I ''/N in/I the/D European/N _OOV_/N market/N ,/, she/P said/V ./.
Depending/N on/I the/D type/N of/I software/N and/C peripherals/N used/N ,/, the/D machines/N can/J serve/N either/V as/I the/D main/J computer/N in/I a/D network/N of/I many/J terminals/N -LRB-/V a/D role/N usually/M filled/V by/I a/D minicomputer/N -RRB-/N ,/, as/I a/D technical/J workstation/N or/C as/I a/D very/J fast/J personal/N computer/N ./.
``/` It/P 's/V the/D missing/J link/N ''/' in/I Olivetti/N 's/P product/J line/N between/I small/J personal/N computers/N and/C _OOV_/J minicomputers/N ,/, the/D Olivetti/N spokesman/N said/V ./.
He/P added/V that/D Olivetti/N will/M continue/V making/V its/P _OOV_/J minicomputer/N line/N ./.
The/D machines/N will/M cost/V around/I $/$ _OOV_/C on/I average/N in/I Europe/N ./.
The/D Intel/N _OOV_/N chip/N can/W process/V 15/C million/C instructions/N per/I second/N ,/, or/C _OOV_/N ,/, while/I Intel/N 's/P previous/J _OOV_/N chip/N could/M handle/V only/D 3/N to/T 6/N _OOV_/N ./.
Olivetti/N also/R plans/V to/T sell/V the/D _OOV_/J computer/N in/I the/D U.S./N starting/C next/J year/N through/I Olivetti/N USA/N and/C through/I its/P _OOV_/J unit/N ,/, which/D specializes/N in/I automating/J _OOV_/J networks/N ./.
_OOV_/N Inc./N said/V it/P received/V approval/N from/I the/D French/J government/N for/I its/P proposed/N $/$ _OOV_/C million/C acquisition/N of/I _OOV_/N _OOV_/N ./.
The/D approval/N satisfies/V the/D remaining/J conditions/N of/I the/D purchase/N ,/, which/W is/V expected/V to/T close/V within/I two/C weeks/N ./.
_OOV_/N ,/, the/D second-largest/N maker/N of/I food/N cans/N in/I France/N ,/, had/V 1988/J sales/N of/I $/$ 150/C million/C ./.
_OOV_/N has/V _OOV_/J workers/N at/I four/C canning/N manufacturing/N plants/N and/C one/C plastic/J container/J facility/N ./.
_OOV_/N makes/V flexible/J packaging/N films/N and/C machinery/N ,/, and/C materials/N for/I the/D food/N and/C pharmaceutical/N industries/N ./.
Social/N Security/N benefits/N will/M rise/V _OOV_/C %/N next/J year/N to/T keep/V pace/V with/I inflation/N ,/, boosting/V the/D average/J monthly/N benefit/V to/T $/$ _OOV_/C from/I $/$ _OOV_/C ,/, the/D Department/N of/I Health/N and/C Human/N Services/N announced/N ./.
The/D higher/J payments/N will/M start/V with/I Social/N Security/N checks/N received/V on/I Jan./N 3/N ,/, 1990/N ./.
_OOV_/N Security/N Income/N payments/N to/T the/D disabled/N also/R will/M rise/V _OOV_/C %/N ,/, starting/V with/I checks/N received/V on/I Dec./N 29/N ,/, 1988/N ,/, increasing/V the/D maximum/J _OOV_/C payment/N to/T $/$ _OOV_/C from/I $/$ _OOV_/C a/D month/N ./.
The/D inflation/N adjustment/N also/R means/V that/I the/D maximum/J annual/J level/N of/I earnings/N subject/N to/T the/D wage/N tax/N that/W generates/J revenue/N for/I the/D Social/N Security/N trust/N fund/N will/M rise/V to/T $/$ _OOV_/C in/I 1990/N from/I $/$ _OOV_/C this/D year/N ./.
As/D mandated/N by/I law/N ,/, the/D tax/N rate/N will/M rise/V to/T _OOV_/C %/N in/I 1990/N from/I _OOV_/C %/N and/C wo/V n't/R rise/V any/D further/N in/I the/D future/N ./.
This/D means/N that/I the/D maximum/N yearly/I Social/N Security/N tax/N paid/V by/I workers/N and/C employers/N each/M will/V rise/R $/$ _OOV_/C next/J year/N to/T $/$ _OOV_/C ./.
_OOV_/J aged/N 65/N through/I 69/N will/M be/V able/J to/T earn/V $/$ _OOV_/C without/T losing/V any/D Social/N Security/N benefits/N in/I 1990/N ,/, up/R from/I $/$ _OOV_/C this/D year/N ./.
The/D exempt/N amount/N for/I beneficiaries/N under/I 65/N will/M rise/V to/T $/$ _OOV_/C from/I $/$ _OOV_/C ./.
The/D adjustments/N reflect/I the/D increase/N in/I the/D consumer/N price/N index/V for/I urban/J wage/N earners/N and/C clerical/J workers/N from/I the/D third/J quarter/N of/I last/J year/N to/T the/D third/J quarter/N of/I this/D year/N ./.
_OOV_/J companies/N should/M get/V healthier/N in/I the/D third/J quarter/N ./.
_OOV_/J houses/N are/V expected/V to/T report/V earnings/N increases/N of/I about/I 15/C %/N on/I average/N for/I the/D third/J quarter/N ,/, despite/V sales/N increases/N of/I less/R than/I 10/C %/N ,/, analysts/N say/V ./.
To/D offset/N sluggish/J sales/N growth/N ,/, companies/N have/V been/V cutting/J staff/N ,/, mostly/J through/I attrition/N ,/, and/C slowing/V the/D growth/N in/I research/N and/C development/N spending/N ./.
Sales/J growth/N in/I the/D quarter/N was/V slowed/V by/I mounting/N pressure/N from/I groups/N of/I buyers/N ,/, such/J as/I hospitals/N ,/, to/T hold/V down/I prices/N ./.
_OOV_/N were/V also/R hurt/V by/I the/D stronger/J U.S./C dollar/N ,/, which/W makes/J sales/N abroad/V more/J difficult/N ./.
In/I some/D cases/N ,/, competition/N has/V squeezed/V margins/R ./.
_OOV_/N ,/, _OOV_/N &/C Co./N ,/, for/I example/N ,/, faces/V stiff/J competition/N from/I a/D Japanese/J supplier/N in/I the/D important/J syringe/N market/N ./.
The/D Franklin/N Lakes/N ,/, N.J./N ,/, company/N is/V expected/V to/T report/V sales/N growth/N of/I only/R 5/C %/N to/T 6/C %/N ,/, but/C should/M still/V maintain/V earnings/N growth/N of/I 10/C %/N ,/, says/V _OOV_/N E./N _OOV_/N ,/, an/D analyst/N with/I Duff/N &/C Phelps/N Inc/N ./.
Among/R the/D first/N of/I the/D group/N to/T post/J results/N ,/, Abbott/N Laboratories/N said/V third-quarter/J net/J income/N jumped/V 14/C %/N to/T $/$ _OOV_/C million/C ,/, or/C 88/C cents/N a/D share/N ,/, from/I $/$ _OOV_/C million/C ,/, or/C _OOV_/C cents/N a/D share/N ,/, a/D year/N earlier/R ./.
Sales/N for/I the/D company/N ,/, based/V in/I Abbott/N Park/N ,/, Ill./N ,/, rose/V _OOV_/C %/N to/T $/$ 1.31/C billion/C from/I $/$ _OOV_/C billion/C ./.
_OOV_/N International/N Inc./N yesterday/N reported/V net/J climbed/N 20/C %/N in/I the/D third/J period/N to/T $/$ 102/C million/C ,/, or/C 34/C cents/N a/D share/N ,/, from/I $/$ 85/C million/C ,/, or/C 28/C cents/N a/D share/N ,/, a/D year/N earlier/R ./.
Sales/N for/I the/D _OOV_/N ,/, Ill./N ,/, company/N rose/V 5.8/C %/N to/T $/$ _OOV_/C billion/C from/I $/$ 1.71/C billion/C ./.
But/C not/R every/J company/N expects/V to/T report/V increased/N earnings/N ./.
C.R./N Bard/N Inc./N yesterday/V said/V third-quarter/J net/N plunged/V 51/C %/N to/T $/$ _OOV_/C million/C ,/, or/C 18/C cents/N a/D share/N ,/, from/I $/$ 20/C million/C ,/, or/C 35/C cents/N a/D share/N ,/, a/D year/N earlier/R ./.
Sales/N fell/V 1.2/C %/N to/T $/$ _OOV_/C million/C from/I $/$ _OOV_/C million/C ./.
The/D Murray/N Hill/N ,/, N.J./N ,/, company/N said/V full-year/J earnings/N may/M be/V off/R 33/C cents/N a/D share/N because/I the/D company/N removed/V a/D catheter/N from/I the/D market/N ./.
In/I 1988/N ,/, the/D company/N earned/V $/$ _OOV_/C a/D share/N ./.
The/D Food/N and/C Drug/N Administration/N had/V raised/V questions/N about/I the/D device/N 's/P design/N ./.
Some/D analysts/N add/V that/I _OOV_/J pressures/N to/T reduce/V health/N costs/N will/M continue/V to/T _OOV_/J companies/N '/P bottom/N lines/N ./.
Takeover/J speculation/N ,/, which/W has/V been/V _OOV_/J stocks/N of/I supply/N houses/R ,/, may/I also/J ease/N ,/, says/V Peter/N _OOV_/N ,/, an/D analyst/N with/I Drexel/N Burnham/N Lambert/N Inc/N ./.
``/N As/, that/I _OOV_/N ,/, you/P 're/V going/V to/T see/V the/D stocks/N probably/V wane/R as/I well/J ,/, ''/' he/P says/V ./.
_OOV_/J companies/N ,/, meanwhile/V ,/, are/V reporting/J improved/N earnings/N ./.
_OOV_/N by/I strong/J performances/N by/I its/P psychiatric/N hospitals/N ,/, National/N Medical/N _OOV_/N Inc./N ,/, Los/N Angeles/N ,/, reported/V net/J income/N of/I $/$ 50/C million/C ,/, or/C 65/C cents/N a/D share/N ,/, for/I the/D first/J quarter/N ended/V Aug./N 31/N ,/, up/R from/I $/$ 41/C million/C ,/, or/C 56/C cents/N a/D share/N ,/, a/D year/N earlier/R ./.
_OOV_/N Inc./N ,/, Louisville/N ,/, Ky./N ,/, also/R reported/V favorable/J results/N ,/, with/I net/J income/N of/I $/$ 66.7/C million/C ,/, or/C 66/C cents/N ,/, in/I the/D fourth/J quarter/N ended/V Aug./N 31/N ,/, up/R from/I $/$ _OOV_/C million/C ,/, or/C 59/C cents/N ,/, a/D year/N earlier/R ./.
Analysts/N say/V the/D handful/N of/I hospital/N companies/N that/W are/V still/R publicly/V traded/N are/V benefiting/V from/I several/J trends/N ./.
Most/D important/N ,/, hospital/N admission/N rates/N are/V stabilizing/V after/I several/J years/N of/I decline/N ./.
Moreover/N ,/, companies/N have/V sold/V off/R many/J of/I their/P smaller/N ,/, less-profitable/N hospitals/N and/C have/V completed/V painful/J _OOV_/N ./.
_OOV_/N 's/P revenues/N ,/, for/I example/N ,/, are/V being/R boosted/V by/I large/J increases/N in/I enrollments/N in/I the/D company/N 's/P health/N maintenance/N organizations/N ./.
_OOV_/N _OOV_/N _OOV_/N ,/, an/D analyst/N with/I _OOV_/N _OOV_/N _OOV_/N :/: ``/` The/D shakeout/N in/I the/D publicly/N traded/V companies/N is/V over/R ./.
Initial/N claims/V for/I regular/J state/N unemployment/N benefits/N rose/V to/T a/D seasonally/J adjusted/N _OOV_/N during/V the/D week/N ended/V Oct./N 7/N from/I _OOV_/N the/D previous/J week/N ,/, the/D Labor/N Department/N said/V ./.
The/D number/N of/I people/N receiving/V regular/J state/N benefits/N in/I the/D week/N ended/V Sept./N 30/C decreased/N to/T a/D seasonally/J adjusted/N _OOV_/N ,/, or/C 2.2/C %/N of/I those/D covered/N by/I unemployment/N insurance/N ,/, from/I _OOV_/N the/D previous/J week/N ,/, when/W the/D insured/J unemployment/N rate/N also/R was/V 2.2/C %/N ./.
_OOV_/` all/D state/N and/C federal/J benefit/N programs/N ,/, the/D number/N of/I people/N receiving/V unemployment/J benefits/N in/I the/D week/N ended/V Sept./N 30/N fell/V to/T _OOV_/C from/I _OOV_/N a/D week/N earlier/R ./.
These/I figures/N are/V n't/R seasonally/J adjusted/N ./.
A/D Labor/N Department/N spokesman/N said/V the/D unusually/J high/J number/N of/I initial/J claims/N for/I state/J unemployment/N benefits/N reflects/I the/D impact/N of/I Hurricane/N Hugo/N on/I southern/J states/N ,/, particularly/J North/N Carolina/N and/C South/N Carolina/N ./.
The/D figure/J also/J may/N reflect/I initial/J claims/J filed/N by/I striking/J _OOV_/N Corp./N workers/N who/W have/V become/V eligible/V for/I unemployment/N benefits/N ,/, the/D official/N said/V ./.
Digital/N Equipment/N Corp./N reported/V a/D 32/N %/N decline/N in/I net/J income/N on/I a/D modest/J revenue/J gain/N in/I its/P fiscal/J first/J quarter/N ,/, causing/V some/D analysts/N to/T predict/V weaker/J results/N ahead/V than/I they/P had/V expected/V ./.
Although/I the/D second-largest/J computer/N maker/N had/V prepared/V Wall/N Street/N for/I a/D poor/J quarter/N ,/, analysts/N said/V they/P were/V troubled/V by/I signs/N of/I flat/N U.S./N orders/N and/C a/D slowdown/N in/I the/D rate/N of/I gain/N in/I foreign/J orders/N ./.
The/D Maynard/N ,/, Mass./N ,/, company/N is/V in/I a/D transition/N in/I which/W it/P is/V trying/J to/T reduce/V its/P reliance/N on/I _OOV_/J machines/N and/C establish/V a/D presence/N in/I workstations/N and/C mainframes/N ./.
Net/N for/I the/D quarter/N ended/V Sept./N 30/N fell/V to/T $/$ _OOV_/C million/C ,/, or/C $/$ _OOV_/C a/D share/N ,/, from/I $/$ _OOV_/C million/C ,/, or/C $/$ 1.71/C a/D share/N ,/, a/D year/N ago/R ./.
Revenue/N rose/V 6.4/C %/N to/T $/$ _OOV_/C billion/C from/I $/$ _OOV_/C billion/C ./.
Digital/N said/V a/D shift/N in/I its/P product/N mix/V toward/I _OOV_/J products/N and/C strong/J growth/N in/I workstation/N sales/N yielded/I lower/J gross/N margins/V ./.
A/D spokesman/N also/R said/V margins/R for/I the/D company/N 's/P service/J business/N narrowed/I somewhat/J because/N of/I heavy/J investments/N made/V in/I that/D sector/N ./.
The/D lack/N of/I a/D strong/J product/N at/I the/D high/J end/N of/I Digital/N 's/P line/N was/V a/D significant/J drag/N on/I sales/N ./.
Digital/N hopes/V to/T address/V that/I with/I the/D debut/N of/I its/P first/J _OOV_/J computers/N next/J Tuesday/N ./.
The/D new/J line/N is/V aimed/V directly/V at/I International/N Business/N Machines/N Corp/N ./.
``/N Until/V the/D new/J mainframe/N products/N kick/N in/I ,/, there/E wo/V n't/R be/V a/D lot/N of/I revenue/N contribution/V at/I the/D high/J end/N ,/, and/C that/W 's/V hurt/J us/N ,/, ''/' said/V Mark/N _OOV_/N ,/, Digital/N 's/P director/N of/I investor/J relations/N ./.
He/P said/V unfavorable/V currency/J translations/N were/V also/R a/D factor/N in/I the/D quarter/N ./.
_OOV_/J shares/N rose/V $/$ 1.375/C to/T $/$ _OOV_/C apiece/N in/I consolidated/N New/N York/N Stock/N Exchange/N trading/N yesterday/N ./.
But/C analysts/V said/V that/I against/I the/D backdrop/N of/I a/D nearly/J _OOV_/J rise/N in/I the/D Dow/N Jones/N Industrial/N Average/N ,/, that/W should/M n't/R necessarily/V be/M taken/V as/I a/D sign/N of/I great/J strength/N ./.
Some/R cut/V their/P earnings/N estimates/N for/I the/D stock/N this/D year/N and/C predicted/J more/J efforts/N to/T control/V costs/N ahead/N ./.
``/` I/P think/V the/D next/J few/J quarters/N will/M be/V difficult/J ,/, ''/' said/V Steven/N _OOV_/N of/I First/N Boston/N ./.
``/N _OOV_/N will/M remain/V under/I pressure/N ,/, and/C when/V the/D new/J mainframe/N does/W ship/N ,/, I/P 'm/V not/R sure/V it/P will/M be/V a/D big/J winner/N ./.
''/J Mr./N _OOV_/N said/V he/P was/V revising/V his/P estimate/N for/I _OOV_/N 's/P current/J year/N from/I $/$ 8.20/C a/D share/N to/T ``/N well/R below/V $/$ 8/C ,/, ''/' although/I he/P has/V n't/R settled/V on/I a/D final/J number/N ./.
One/I troubling/J aspect/N of/I _OOV_/N 's/P results/N ,/, analysts/V said/V ,/, was/V its/P performance/N in/I Europe/N ./.
_OOV_/N said/V its/P overseas/J business/N ,/, which/D now/J accounts/N for/I more/J than/I half/N of/I sales/N ,/, improved/N in/I the/D quarter/N ./.
It/P even/V took/I the/D unusually/J frank/N step/N of/I telling/J analysts/N in/I a/D morning/N conference/N call/V that/D orders/N in/I Europe/N were/V up/R in/I ``/N double/J digits/N ''/' in/I foreign-currency/J terms/N ./.
That/D gain/N probably/J translated/N into/I about/I 5/C %/N to/T 7/C %/N in/I dollar/J terms/N ,/, well/R below/J recent/N quarters/V '/P gains/N of/I above/J 20/C %/N ,/, reckons/N Jay/N _OOV_/N of/I _OOV_/N _OOV_/N _OOV_/N ./.
``/N That/M was/V a/D disappointment/J ''/' and/C a/D sign/N of/I overall/J _OOV_/N softness/N in/I Europe/N ,/, Mr./N _OOV_/N said/V ./.
Marc/N _OOV_/N ,/, with/I _OOV_/N Securities/N in/I New/N York/N ,/, dropped/V his/P estimate/N of/I _OOV_/N 's/P full-year/J net/N to/T $/$ _OOV_/C a/D share/N from/I $/$ 8/C ./.
Although/I overall/J revenues/N were/V stronger/J ,/, Mr./N _OOV_/N said/V ,/, _OOV_/N ``/N drew/V down/I its/P European/N backlog/N ''/' and/C had/V flat/V world-wide/N orders/N overall/V ./.
``/` The/D bottom/J line/N is/V that/I it/P 's/V more/J hand/N to/T mouth/V than/I it/P has/V been/V before/R ,/, ''/' he/P said/V ./.
Mr./N _OOV_/N said/V he/P believes/V that/I the/D _OOV_/N of/I _OOV_/N 's/P new/J mainframe/N will/M ``/V occur/I somewhat/R more/J leisurely/N ''/' than/R many/J of/I his/P investment/N colleagues/N expect/R ./.
He/P said/V current/J expectations/N are/V for/I an/D entry/J level/N machine/N to/T be/V shipped/V in/I December/N ,/, with/I all/D of/I the/D more/J sophisticated/N versions/N out/V by/I June/N ./.
For/D reasons/N he/P would/M n't/R elaborate/V on/R ,/, he/P said/V he/P 's/V sure/V that/D schedule/N wo/V n't/R be/V met/V ,/, meaning/V less/R profit/J impact/N from/I the/D product/N for/I _OOV_/N in/I the/D next/J few/J quarters/N ./.
John/N R./N _OOV_/N contributed/V to/T this/D article/N ./.
Colgate/N _OOV_/N Co./N reported/V third-quarter/C net/J income/N rose/V 27/C %/N ,/, bolstered/V by/I strong/J sales/N in/I its/P Latin/N American/N business/N and/C surprisingly/J healthy/N profits/N from/I U.S./N operations/N ./.
Colgate/N said/V net/J income/N for/I the/D quarter/N rose/V to/T $/$ _OOV_/C million/C ,/, or/C $/$ _OOV_/C a/D share/N ,/, on/I sales/N that/W increased/V 6/C %/N to/T $/$ 1.3/C billion/C ./.
In/I the/D year-earlier/J period/N ,/, Colgate/N posted/V net/J income/N of/I $/$ _OOV_/C million/C ,/, or/C 88/C cents/N a/D share/N ./.
Last/J year/N 's/P results/N included/V earnings/N from/I discontinued/I operations/N of/I $/$ 13.1/C million/C ,/, or/C 19/C cents/N a/D share/N ./.
_OOV_/N Mark/N ,/, chairman/N and/C chief/J executive/J officer/N of/I Colgate/N ,/, said/V earnings/N growth/N was/V fueled/V by/I strong/J sales/N in/I Latin/N America/N ,/, the/D Far/N East/N and/C Europe/N ./.
Results/N were/V also/R bolstered/V by/I ``/` a/D very/J meaningful/J increase/N in/I operating/N profit/N at/I Colgate/N 's/P U.S./J business/N ,/, ''/' he/P said/V ./.
Operating/J profit/N at/I Colgate/N 's/P U.S./N household/N products/N and/C personal/V care/J businesses/N ,/, which/W include/J such/J well-known/J brands/N as/I Colgate/N toothpaste/N and/C _OOV_/N laundry/N detergent/N ,/, jumped/V more/J than/I 40/C %/N ,/, the/D company/N said/V ./.
Mr./N Mark/N attributed/V the/D improvement/N to/T cost/V savings/N achieved/I by/I consolidating/V manufacturing/N operations/N ,/, blending/J together/J two/C sales/N organizations/N and/C more/J carefully/N focusing/V the/D company/N 's/P promotional/N activities/N ./.
``/N We/, 've/P done/V a/D lot/J to/T improve/V -LRB-/N U.S/N ./. -RRB-/C results/N and/C a/D lot/J more/N will/M be/V done/V ,/, ''/' Mr./N Mark/N said/V ./.
``/N _OOV_/N profitability/N of/I U.S./N operations/N is/V an/D extremely/J high/J priority/N in/I the/D company/N ./. ''/'
Colgate/N 's/P results/N were/V at/I the/D high/J end/N of/I the/D range/N of/I analysts/N '/P forecasts/N ./.
The/D scope/N of/I the/D improvement/N in/I the/D U.S./J business/N caught/V some/D analysts/N by/I surprise/V ./.
The/D company/N 's/P domestic/N business/N ,/, especially/R its/J household/N products/N division/N ,/, has/V performed/V poorly/J for/I years/N ./.
Analysts/N say/V the/D earnings/N improvement/N came/V from/I cutting/J costs/N rather/W than/R increasing/J sales/N ./.
For/I the/D nine/C months/N ,/, net/J increased/N 14/C %/N to/T $/$ _OOV_/C million/C ,/, or/C $/$ _OOV_/C a/D share/N ./.
Sales/N rose/V 7/C %/N to/T $/$ 3.8/C billion/C ./.
The/D company/N earned/V $/$ _OOV_/C million/C ,/, or/C $/$ 2.79/C a/D share/N ,/, in/I the/D year-earlier/J period/N ./.
Colgate/N 's/P 1988/J net/J income/N included/V $/$ _OOV_/C million/C ,/, or/C 59/C cents/N a/D share/N ,/, from/I discontinued/I operations/N ./.
Colgate/N sold/V its/P hospital/N supply/N and/C home/J health/N care/N business/N last/J year/N ./.
Separately/N ,/, Colgate/C Wednesday/N finalized/V an/D agreement/N with/I _OOV_/N Corp./N ,/, a/D tiny/J dental/J products/N and/C pharmaceutical/N concern/N based/V in/I _OOV_/N ,/, Mass./N ,/, to/T market/N in/I the/D U.S./J four/C of/I _OOV_/N 's/P _OOV_/N dental/J products/N ./.
The/D products/N --/: _OOV_/N and/C bonding/J materials/N used/V by/I dentists/N --/: all/D contain/J fluoride/N that/W is/V released/V over/I time/J ./.
The/D move/N is/V part/N of/I a/D drive/N to/T increase/V Colgate/N 's/P business/N with/I dentists/N ,/, a/D company/N spokeswoman/N said/V ./.
Terms/N of/I the/D agreement/N were/V n't/R given/V ./.
_OOV_/N Limited/N _OOV_/N said/V it/P completed/V the/D sale/N of/I its/P _OOV_/N restaurant/N franchise/N system/N to/T a/D subsidiary/N of/I _OOV_/N Co./N for/I $/$ 71/C million/C in/I cash/N ./.
_OOV_/N ,/, which/W is/V nearly/J _OOV_/N by/I Sam/N and/C Charles/N _OOV_/N of/I Dallas/N ,/, said/V it/P will/M distribute/V proceeds/V from/I the/D sale/N to/T unit/J holders/N as/I a/D _OOV_/J dividend/N as/R soon/V as/R possible/J ./.
The/D _OOV_/N franchise/N system/N ,/, which/W generates/N about/I $/$ 600/C million/C in/I sales/N annually/N ,/, represented/V substantially/V all/D of/I the/D partnership/N 's/P assets/N ./.
The/D sale/N of/I the/D system/N has/V been/V challenged/V in/I a/D class-action/N suit/V on/I behalf/N of/I unit/J holders/J filed/N last/J week/N in/I a/D Delaware/N court/N ,/, _OOV_/N said/V ./.
The/D company/N said/V it/P believes/V the/D suit/N is/V without/J merit/N ./.
American/N Telephone/N &/C Telegraph/N Co./N unveiled/V a/D sweetened/J pension/N and/C _OOV_/N program/N for/I management/N that/I it/P hopes/V will/P enable/V it/P to/T save/V $/$ _OOV_/C million/C in/I the/D next/J year/N ./.
AT&T/N also/R said/V net/J income/N rose/V 19/C %/N in/I the/D third/J quarter/N ./.
AT&T/N said/V its/P amended/N pension/V program/N will/M nearly/V double/N to/T _OOV_/V the/D number/N of/I managers/N eligible/V to/T retire/V with/I immediate/J pension/N payments/N ./.
AT&T/N said/V that/I based/V on/I studies/N of/I other/J companies/N that/W have/V offered/V retirement/V plans/N ,/, it/P expects/V about/I one-third/N of/I its/P eligible/N managers/N to/T retire/V under/I the/D new/J program/N ./.
AT&T/N said/V third-quarter/N net/J income/N grew/V ,/, despite/V stiff/J competition/N in/I all/D of/I the/D company/N 's/P markets/N ./.
Net/J income/N rose/V to/T $/$ _OOV_/C million/C ,/, or/C 65/C cents/N a/D share/N ,/, from/I the/D year-earlier/N $/$ _OOV_/C million/C or/C 55/C cents/N a/D share/N ./.
Revenue/N edged/V up/R to/T $/$ 8.9/C billion/C from/I $/$ _OOV_/C billion/C ./.
The/D latest/J period/N 's/P net/N was/V reduced/V $/$ 102/C million/C ,/, or/C nine/C cents/N a/D share/N ,/, for/I a/D change/N in/I depreciation/N method/N and/C concurrent/N changes/V in/I estimates/N of/I _OOV_/N lives/C and/C net/J salvage/N for/I certain/J telecommunications/N equipment/N ./.
The/D results/N roughly/V matched/J estimates/N of/I securities/N analysts/N ,/, who/W were/V encouraged/V by/I AT&T/J increasing/N its/I operating/N margin/V to/T 13/C %/N from/I 11/C %/N a/D year/N ago/R ,/, because/I of/I continued/V _OOV_/J efforts/N ./.
Sales/N of/I long-distance/J services/N ,/, an/D extremely/J competitive/N market/N ,/, rose/V 6.4/C %/N ./.
But/C the/D growth/N was/V partly/R offset/V by/I lower/J equipment/N sales/N and/C rentals/N and/C price/N cuts/V on/I some/D products/N ./.
Under/I the/D amended/J pension/N program/N ,/, AT&T/N managers/N who/W have/V at/I least/J five/C years/N of/I service/N will/M have/V five/C years/N added/V to/T their/P age/N and/C length/N of/I service/N for/I pension/N purposes/N ./.
Managers/N who/W retire/V Dec./N 30/N will/M have/V an/D additional/J 15/C %/N added/V to/T their/P monthly/J pension/N for/I as/I long/R as/I five/C years/N or/C age/N 65/C ,/, whichever/R comes/V earlier/R ./.
An/D AT&T/N spokeswoman/N said/V the/D company/N would/M likely/R replace/V about/I one-third/N of/I its/P managers/N who/W choose/V to/T retire/V with/I new/J employees/N ./.
Analysts/N hailed/I the/D sweetened/J pension/N package/N ,/, which/W they/V said/V had/V been/V the/D subject/N of/I rumors/V for/I several/J months/N ./.
``/` This/D tells/N you/P AT&T/N is/V serious/J about/N continuing/V to/T manage/V their/P cost/N structure/N and/C is/V committed/V to/T _OOV_/J earnings/N growth/N ,/, ''/' said/V Jack/N _OOV_/N ,/, an/D analyst/N with/I PaineWebber/N Inc/N ./.
But/C other/J analysts/N expressed/N disappointment/V that/I the/D _OOV_/J move/N wo/V n't/R result/V in/I even/P greater/J earnings/N growth/N ./.
``/` This/D is/V a/D good/J move/N ,/, but/C it/R only/R gets/V you/P to/V where/D people/N 's/P expectations/N already/W are/V ,/, ''/' in/I terms/N of/I earnings/N growth/N ,/, said/V Joel/N D./N _OOV_/N ,/, an/D analyst/N with/I Donaldson/N ,/, Lufkin/N &/C Jenrette/N ./.
Mr./N _OOV_/N said/V he/P had/V hoped/V that/I a/D cost/N savings/N of/I $/$ _OOV_/C million/C would/M result/V in/I even/P greater/J growth/N than/I the/D 20/N %/N annual/J earnings/N increase/N AT&T/N has/V told/P analysts/V it/P expects/V in/I the/D future/N ./.
AT&T/N said/V the/D special/J retirement/N option/N will/M increase/V fourth-quarter/J expenses/N ./.
But/C the/D company/N said/V the/D amount/N ca/M n't/R be/V determined/V until/V it/P knows/V how/D many/J managers/J opt/N to/T retire/V ./.
AT&T/N said/V the/D expense/J increase/N will/M be/V largely/R offset/V by/I a/D gain/N from/I its/P previously/I announced/N plan/N to/T swap/V its/P holdings/N in/I Ing/N ./. C./N Olivetti/N &/C Co./N for/I shares/N in/I Cie/N ./. _OOV_/N _OOV_/N ,/, an/D Italian/N holding/P company/N ./.
For/I the/D nine/C months/N ,/, AT&T/N said/V net/J income/N was/V $/$ _OOV_/C billion/C ,/, or/C $/$ 1.85/C a/D share/N ,/, up/R 19/C %/N from/I $/$ _OOV_/C billion/C ,/, or/C $/$ 1.56/C a/D share/N ./.
Revenue/N gained/I 3.1/C %/N to/T $/$ _OOV_/C billion/C from/I $/$ 26/C billion/C ./.
In/I composite/J trading/N yesterday/V on/I the/D New/N York/N Stock/N Exchange/N ,/, AT&T/N shares/N closed/V at/I $/$ _OOV_/C ,/, up/R 87.5/C cents/N ./.
When/I it/P comes/V to/T buying/V and/C selling/J shares/N ,/, _OOV_/N Capital/N Management/N Inc./N takes/V a/D back/J seat/N to/T no/V one/C ./.
Every/J dollar/N 's/P worth/N of/I stock/N in/I the/D Los/N Angeles/N money/V manager/N 's/P portfolio/N is/V traded/V seven/C or/C eight/C times/J a/D year/N ,/, the/D firm/J estimates/N ./.
That/W makes/V it/R the/D most/J active/J trader/N among/V all/D the/D nation/N 's/P investment/N advisers/N ,/, according/V to/T Securities/N and/C Exchange/N Commission/N filings/N ./.
But/C wait/V a/D second/N ./.
_OOV_/N Capital/N is/V an/D index/J fund/N --/: the/D type/N of/I _OOV_/N long-term/N investor/N whose/V goal/N is/V to/T be/V nothing/R more/J than/I average/N ./.
_OOV_/N Capital/N 's/P frenetic/J trading/N reflects/I the/D changes/J sweeping/N through/I the/D previously/J sleepy/N world/N of/I indexing/N ./.
_OOV_/N for/I the/D most/J part/N has/V involved/N simply/V buying/N and/C then/V holding/P stocks/N in/I the/D correct/N mix/V to/T mirror/V a/D stock/N market/N barometer/N ,/, such/J as/I Standard/N &/C Poor/N 's/P 500-stock/J index/N ,/, and/C match/V its/P performance/N ./.
_OOV_/J investors/N have/V poured/V $/$ 210/C billion/C into/I stock/N and/C bond/J indexing/N as/I a/D cheap/N and/C easy/J form/N of/I investment/N management/N that/W promises/V to/T post/V average/J market/N returns/V ./.
These/I big/J investors/N have/V flocked/V to/T indexing/N because/I relatively/J few/J ``/N active/N ''/' stock/N pickers/N have/V been/V able/V to/T consistently/V match/V the/D returns/N of/I the/D S&P/N 500/N or/C other/J _OOV_/N ,/, much/R less/J beat/N it/R ./.
And/C the/D fees/N investors/N pay/N for/I indexing/N run/V a/D few/J pennies/N for/I each/D $/$ 100/C of/I assets/N --/: a/D fraction/N of/I the/D cost/N of/I active/J managers/N ./.
That/W 's/V because/I computers/N do/V most/J of/I the/D work/N ,/, and/C low/J trading/J activity/N keeps/V a/D lid/N on/I commission/J costs/N ./.
But/P today/V ,/, indexing/N is/V moving/R from/I a/D passive/J investment/N strategy/V to/T an/D increasingly/J active/J one/C ./.
Because/I _OOV_/N managers/N are/V no/V longer/R satisfied/V with/I merely/N being/I average/N ,/, they/P have/V developed/J ``/N enhanced/N ''/' indexing/J strategies/N that/W are/V intended/V to/T outperform/V the/D market/N as/I much/J as/I three/C percentage/N points/N ./.
``/N _OOV_/N has/V been/V the/D most/J single/J successful/N investment/N concept/N in/I the/D last/J decade/N ,/, but/C the/D index/J money/N has/V been/V just/J sort/N of/I sitting/V there/R ,/, ''/' says/V _OOV_/N M./N _OOV_/N ,/, president/N of/I _OOV_/N _OOV_/N Investors/N Inc./N ,/, an/D _OOV_/J based/N in/I _OOV_/N ,/, _OOV_/N ./.
``/` Now/I the/D interest/N is/V in/I what/N else/V can/J I/P do/V with/I that/D money/N ./. ''/'
Among/R the/D _OOV_/J indexing/N strategies/N :/: _OOV_/N portfolios/N can/M be/V built/J around/J thousands/N of/I stocks/N ,/, or/C just/R a/D few/J dozen/N ,/, rather/R than/R being/I restricted/N to/T the/D S&P/N 500/N companies/N ./.
They/P can/M ignore/V the/D S&P/N 500/N stocks/N altogether/I and/C focus/V on/I particular/J types/N of/I stocks/N ,/, such/J as/I smaller/J companies/N ,/, those/D paying/V high/J dividends/N or/C companies/N in/I a/D particular/J industry/N ,/, state/N or/C country/N ./.
With/J today/N 's/V _OOV_/J program/N trading/N techniques/N ,/, index/J funds/N can/M trade/V back/N and/C forth/J between/J stock-index/N futures/N and/C the/D actual/J stocks/N making/V up/R indexes/J such/N as/I the/D S&P/N 500/N ./.
Futures/N and/C options/N also/R make/V it/R possible/V to/T build/V ``/J synthetic/N ''/' index/J funds/N that/W do/V n't/R actually/R own/V a/D single/J share/N of/I stock/N ,/, but/C can/D produce/N returns/V that/D match/N or/C exceed/V the/D broad/J stock/N market/N ./.
One/J reason/N for/I these/D hybrids/N is/V that/D indexing/N 's/P rapid/J growth/N is/V slowing/V ,/, particularly/J for/I those/D ``/N plain/J vanilla/N ''/' funds/N that/W mirror/V the/D 500/N ./.
``/N There/N is/V n't/R a/D _OOV_/N -LCB-/N of/I big/J investors/N -RCB-/N out/I there/E still/V waiting/V to/T get/V into/I indexing/N ,/, ''/' says/V P./N James/N _OOV_/N ,/, vice/N president/N of/I _OOV_/N Investment/N Management/N Co./N ,/, Chicago/N ,/, which/W offers/V both/D indexing/N and/C active/J management/N services/N ./.
After/I tripling/N in/I size/N in/I the/D past/J five/C years/N ,/, index/J funds/N now/R hold/V about/I 20/C %/N of/I the/D stock/N owned/N by/I pension/N funds/N ./.
A/D further/J problem/N is/V _OOV_/J profits/N ./.
_OOV_/J funds/N have/V become/V so/P commonplace/V that/D fees/N they/P can/M charge/V have/V plunged/V to/T almost/R nothing/J ,/, and/C in/I some/D cases/N are/V just/R that/V ./.
To/D land/N customers/N for/I their/P _OOV_/J stock/N custodial/N business/N ,/, big/J banks/N sometimes/N will/M throw/V in/I basic/J indexing/J services/N for/I free/N ./.
``/` It/P 's/V like/R getting/V a/D free/N toaster/V when/I you/P open/V an/D account/N ,/, ''/' says/V _OOV_/N _OOV_/N 's/P Mr./N _OOV_/N ./.
As/I a/D result/N ,/, _OOV_/N have/V been/V looking/V for/I ways/J to/T give/V investors/N something/W more/J than/I the/D average/N for/I their/P money/N ./.
And/C many/R have/V been/V successful/V ,/, as/I in/I the/D case/N of/I the/D index/J fund/N operated/N by/I _OOV_/N _OOV_/N Capital/N ./.
_OOV_/N Capital/N has/V used/J enhanced/N indexing/N techniques/V to/T beat/V the/D S&P/N 500/N 's/P returns/V by/I 2.5/N to/T 3/C percentage/N points/N over/I the/D past/J four/C years/N ,/, with/I the/D same/J risk/N level/N as/I holding/P the/D S&P/N 500/N stocks/N ,/, according/V to/T James/N _OOV_/N ,/, the/D firm/N 's/P president/N ./.
_OOV_/N vary/V for/I _OOV_/N Capital/N ,/, which/W has/V $/$ 300/C million/C under/I management/N ./.
The/D firm/N sometimes/J buys/N S&P/N 500/N futures/N when/V they/P are/V selling/V at/I a/D discount/N to/T the/D actual/J stocks/N ,/, and/C will/M switch/V back/N and/C forth/J between/J stocks/N and/C stock-index/J futures/N to/T take/V advantages/J of/I any/D momentary/J price/N _OOV_/C ./.
Mr./N _OOV_/N also/R goes/V through/I periods/R when/I he/P buys/N stocks/N in/I conjunction/N with/I options/N to/T boost/V returns/N and/C protect/N against/I declines/N ./.
And/C in/I some/D months/N ,/, he/P buys/V stock-index/J futures/N and/C not/D stocks/N at/I all/D ./.
``/` By/I their/P nature/N ,/, our/P trades/N are/V very/J short-term/N and/C are/V going/V to/T create/V high/J turnover/N ,/, ''/' Mr./N _OOV_/N adds/V ./.
``/` The/D more/J turnover/N ,/, the/D better/N for/I our/P clients/N ./. ''/'
Big/N _OOV_/N Bankers/N Trust/N Co./N also/R uses/J futures/N in/I a/D strategy/N that/I on/I average/N has/V added/J one/C percentage/N point/V to/T its/P enhanced/N fund/N 's/P returns/N ./.
J./N Thomas/N _OOV_/N ,/, president/N of/I _OOV_/N Advanced/N Investment/N Management/N Inc./N ,/, agrees/V it/P 's/V a/D good/J idea/N to/T jump/V between/I the/D S&P/N 500/N stocks/N and/C futures/N ./.
``/` You/P 're/V buying/V the/D S&P/N ,/, and/C you/V always/R want/V to/T hold/V the/D cheapest/J form/N of/I it/P ,/, ''/' he/P says/V ./.
But/C some/D _OOV_/N make/M little/V or/C no/D use/N of/I futures/N ,/, saying/V that/I these/D instruments/N present/I added/J risks/N for/I investors/N ./.
``/` If/I the/D futures/N markets/N have/V a/D problem/N ,/, then/V those/D products/N could/M have/V a/D problem/N ,/, ''/' says/V John/N _OOV_/N ,/, managing/N director/N of/I Prudential/N Insurance/N Co./N of/I America/N 's/P Investment/N Index/N Technologies/N Inc./N unit/N ./.
Prudential/N currently/N is/V seeking/J approval/N to/T offer/V a/D new/J fund/N offering/V a/D return/I equal/V to/T the/D S&P/N 500/N index/J plus/N of/I a/D percentage/N point/N ./.
An/D added/J feature/N is/V that/I the/D _OOV_/J improved/N return/V would/R be/V guaranteed/V by/I Prudential/N ./.
There/E are/V many/J other/J strategies/N to/T bolster/V the/D returns/N of/I index/J funds/N ./.
They/P include/N :/:
LIMITED/N RISK/N FUNDS/N :/: These/D guarantee/N protection/N against/I stock/N market/N declines/N while/V still/R passing/V along/R most/J gains/N ./.
Here/I a/D fund/N may/M promise/V to/T pay/V back/R ,/, say/V ,/, $/$ 95/C of/I every/D $/$ 100/C invested/N for/I a/D year/N ,/, even/C if/I the/D market/N goes/V much/J lower/N ./.
The/D fund/N could/M invest/V $/$ 87/C for/I one/C year/N in/I Treasury/J bills/N yielding/V 8/C %/N to/T return/V the/D guaranteed/N $/$ 95/C ./.
That/D leaves/N $/$ 13/C ,/, which/W could/M be/V used/V to/T buy/V S&P/N 500/N options/N that/W will/M nearly/R match/V any/D gain/N in/I the/D S&P/J index/N ./.
_OOV_/N _OOV_/N FUNDS/N :/: Say/V a/D big/J investor/N is/V interested/V in/I growth/N stocks/N ./.
Instead/I of/I hiring/V one/C of/I the/D many/J active/J managers/N specializing/N in/I growth/J stocks/N ,/, _OOV_/N can/M design/V a/D portfolio/N around/I the/D same/J stocks/N ;/: the/D portfolio/N will/M be/V maintained/V by/I computer/N ,/, reducing/V both/D fees/N and/C ,/, in/I theory/N ,/, risk/N -LRB-/C because/I of/I the/D large/J number/N of/I stocks/J -RRB-/N ./.
``/N We/, see/V a/D lot/N of/I interest/N in/I those/D kind/N of/I things/N ,/, ''/' says/V Frank/N _OOV_/N ,/, a/D vice/N president/N of/I Bankers/N Trust/N ./.
``/` People/N comfortable/V with/I the/D passive/J approach/N are/V using/V them/P for/I other/J strategies/N ./. ''/'
_OOV_/N FUNDS/N :/: This/D is/V an/D index/J fund/N with/I a/D bet/N ./.
Instead/I of/I replicating/N the/D S&P/N 500/N or/C some/D other/J index/J exactly/N ,/, some/D stocks/N are/V _OOV_/N or/C _OOV_/N in/I the/D portfolio/N ./.
One/D simple/J approach/N is/V to/T exclude/V S&P/N 500/N companies/N considered/J bankruptcy/N candidates/N ;/: this/D can/M avoid/V weak/J sisters/N ,/, but/C also/R can/M hurt/V when/I a/D company/N like/J Chrysler/N Corp./N rebounds/N ./.
Another/D approach/N :/: An/N investor/N with/I $/$ 100/C million/C might/N use/V $/$ 75/C million/C to/T buy/V the/D S&P/N 500/N index/N and/C spend/V the/D other/J $/$ 25/C million/C on/I a/D favorite/J group/N of/I stocks/N ./.
_OOV_/N FUNDS/N :/: _OOV_/N can/M be/V constructed/J to/T serve/V social/J goals/N ,/, such/J as/I eliminating/J the/D stocks/N of/I companies/N doing/V business/N in/I South/N Africa/N ./.
Other/J funds/N have/V been/V designed/V to/T concentrate/V on/I stocks/N in/I a/D geographic/N area/N in/I order/N to/T encourage/V local/J investment/N ./.
Pennsylvania/N State/N Employees/N Retirement/N System/N ,/, for/I example/N ,/, has/V about/I $/$ 130/C million/C invested/N in/I a/D fund/N of/I _OOV_/J companies/N that/W are/V either/V Pennsylvania-based/N or/C have/V 25/C %/N of/I their/P work/V forces/N in/I the/D state/N ./.
Short/N interest/V on/I the/D New/N York/N Stock/N Exchange/N declined/V for/I the/D second/J consecutive/J month/N ,/, this/D time/J 4.2/C %/N ,/, while/V the/D American/N Stock/N Exchange/N reported/V its/P third/J consecutive/N record/J month/N of/I short/J interest/N ./.
The/D Big/N Board/N reported/V that/I short/J interest/N dropped/V to/T _OOV_/N shares/N as/I of/I Oct./N 13/N from/I _OOV_/N shares/N in/I mid-September/N ./.
_OOV_/` short/J interest/N climbed/V 3/C %/N to/T _OOV_/N shares/N from/I _OOV_/N shares/N ./.
For/I the/D year-earlier/J month/N ,/, the/D Big/N Board/N reported/V _OOV_/J shares/N ,/, indicating/V a/D 13.5/N %/N _OOV_/C rise/N ,/, while/V the/D _OOV_/N reported/V _OOV_/J shares/N ,/, a/D 48/N %/N leap/P ./.
_OOV_/` short/J interest/N has/V been/V heading/V upward/V since/P mid-December/N ,/, with/I increases/N in/I each/D month/N since/I then/J except/N at/I _OOV_/C ./.
Traders/N who/W sell/V short/J borrow/N stock/N and/C sell/V it/P ,/, betting/R that/I the/D stock/N 's/P price/N will/M decline/V and/C that/I they/P can/M buy/V the/D shares/N back/V later/R at/I a/D lower/J price/N for/I return/V to/T the/D lender/N ./.
Short/J interest/N is/V the/D number/N of/I shares/N that/W have/V n't/R yet/V been/V purchased/V for/I return/V to/T lenders/N ./.
Although/I a/D substantial/J short/N position/V reflects/R heavy/J speculation/N that/I a/D stock/N 's/P price/N will/M decline/V ,/, some/D investors/N consider/V an/D increase/N in/I short/J interest/N bullish/C because/I the/D borrowed/J shares/N eventually/V must/M be/V bought/V back/R ./.
_OOV_/N in/I short/J interest/N of/I certain/J stocks/N also/R may/M be/V caused/V partly/R by/I _OOV_/N ./.
The/D figures/N occasionally/V include/J incomplete/J transactions/N in/I restricted/J stock/N ./.
The/D level/N of/I negative/N sentiment/J measured/N by/I the/D Big/N Board/N short/J interest/N ratio/N slipped/V to/T _OOV_/C from/I last/J month/N 's/P _OOV_/N ./.
The/D ratio/N is/V the/D number/N of/I trading/J days/N ,/, at/I the/D exchange/N 's/P average/J trading/N volume/N ,/, that/W would/M be/V required/V to/T convert/V the/D total/N short/J interest/N position/V ./.
Some/D analysts/N suggest/V ,/, however/V ,/, that/I the/D ratio/N has/V weakened/R in/I value/N as/I an/D indicator/N because/I options/N and/C other/J products/N can/M be/V used/V to/T hedge/V short/J positions/N ./.
_OOV_/N Corp./N led/V the/D Big/N Board/N list/N of/I largest/N short/J volumes/N with/I _OOV_/J shares/N ./.
_OOV_/N has/V proposed/V to/T acquire/V _OOV_/N Corp./N ,/, consisting/V of/I the/D auto/N parts/J division/N and/C some/D debt/N of/I _OOV_/N Corp./N ,/, for/I $/$ _OOV_/C million/C of/I cash/N and/C securities/N ./.
Chemical/N Waste/N Management/N posted/V the/D biggest/J increase/N in/I short/J volume/N on/I the/D New/N York/N exchange/N ,/, up/R _OOV_/C shares/N to/T _OOV_/N ./.
Bristol-Myers/N Squibb/N Co./N ,/, the/D entity/J formed/N from/I the/D recent/J acquisition/N of/I Squibb/N Corp./N by/I Bristol-Myers/N Co./N ,/, logged/V the/D largest/J volume/J decline/N ,/, _OOV_/N shares/N ,/, to/T _OOV_/C ./.
Short/N interest/V in/I International/N Business/N Machines/N Corp./N plunged/V to/T _OOV_/N shares/N from/I _OOV_/N shares/V a/D month/N earlier/R ./.
Also/D closely/J watched/N is/V Exxon/N Corp./N ,/, where/D short/J interest/N slid/V to/T _OOV_/N shares/N from/I _OOV_/N ./.
On/I a/D percentage/N basis/N ,/, Germany/N Fund/N Inc./N led/V the/D gainers/N ,/, leaping/V to/T _OOV_/N shares/N from/I three/C shares/N ./.
_OOV_/N _OOV_/N Ltd./N led/V the/D percentage/N _OOV_/N ,/, dropping/V to/T 59/N shares/N from/I _OOV_/N ./.
The/D _OOV_/N short/J interest/N volume/V leader/J again/N was/V Texas/N Air/N Corp./N ,/, rising/V to/T _OOV_/N shares/N from/I _OOV_/N ./.
_OOV_/N Pharmaceutical/V Co./N posted/V the/D largest/J volume/J increase/N ,/, _OOV_/N shares/N ,/, to/T _OOV_/C ./.
The/D company/N is/V under/I an/D investigation/N concerning/J procedures/N to/T gain/V Food/N and/C Drug/N Administration/N approval/N of/I generic/J drugs/N ./.
_OOV_/N has/V denied/V any/D wrongdoing/N ./.
The/D largest/J volume/N drop/R --/: down/I _OOV_/N shares/N to/T _OOV_/N --/: came/V in/I shares/N represented/V by/I _OOV_/N Industries/N PLC/N 's/P American/N depositary/N receipts/N ./.
The/D company/N is/V facing/V a/D takeover/N proposal/N from/I the/D financier/N Sir/N James/N _OOV_/N ./.
First/N _OOV_/N Fund/N led/V the/D percentage/N increases/N ,/, rising/V to/T _OOV_/N shares/N from/I _OOV_/N ./.
Nelson/N Holdings/N International/N Ltd./N dropped/V the/D most/J on/I a/D percentage/N basis/N ,/, to/T 1,000/N shares/N from/I _OOV_/N ./.
The/D adjacent/J tables/N show/V the/D Big/N Board/N and/C _OOV_/N issues/N in/I which/W a/D short/J interest/N position/V of/I at/I least/J 100,000/N shares/N existed/I as/N of/I mid-October/N or/C in/I which/W there/E was/V a/D short/J position/J change/N of/I at/I least/J 50,000/N shares/N since/I mid-September/N ./.
Your/N Oct./N 12/N editorial/V ``/N _OOV_/N ,/, _OOV_/N _OOV_/N ?/. ''/' correctly/V states/N that/W I/P was/V critical/N of/I the/D Bush/N administration/N 's/P failure/N to/T have/V any/J plan/N in/I place/J to/T respond/V in/I a/D timely/N fashion/V to/T the/D opportunities/N to/T oust/V Manuel/N Noriega/N presented/V by/I the/D attempted/J military/N coup/N on/I Oct./N 3/N ./.
You/P are/V absolutely/V wrong/V ,/, however/V ,/, in/I _OOV_/N that/I this/D position/N is/V some/D kind/N of/I ``/N _OOV_/N ,/, ''/' something/J newly/N arrived/V at/I as/I a/D result/N of/I reading/V the/D opinion/N polls/V ./.
My/I position/N is/V one/C founded/N on/I both/I the/D facts/N and/C the/D law/N ./.
Although/I you/P may/M have/V forgotten/V ,/, public/J opinion/N about/I Gen./N Noriega/N is/V where/D it/N is/V in/I large/J measure/N because/I of/I my/P investigation/N of/I his/P years/N of/I involvement/N in/I narcotics/J smuggling/N -LRB-/N and/C simultaneous/J work/N as/I a/D U.S./N operative/N -RRB-/N ./.
The/D public/N made/V up/I its/P mind/N about/I Gen./N Noriega/N largely/J as/I a/D result/N of/I the/D hearings/N I/P chaired/N in/I the/D _OOV_/N on/I _OOV_/N and/C _OOV_/N of/I the/D Foreign/N Relations/N Committee/N on/I Feb./N 8/N ,/, 9/N ,/, 10/N and/C 11/N ,/, 1988/N ,/, and/C again/V on/I April/N 4/N ,/, 1988/N ./.
It/P was/V during/V those/D hearings/N that/I the/D nation/J first/N learned/V the/D breadth/N and/C depth/N of/I Gen./N Noriega/N 's/P criminality/N ,/, and/C of/I his/P enduring/V relationships/J with/I a/D variety/N of/I U.S./J government/N agencies/N ./.
Those/I hearings/N also/R highlighted/V how/D Gen./N Noriega/N was/V able/V to/T use/V his/P relationships/J with/I these/D agencies/N to/T delay/V U.S./J action/N against/I him/P ,/, and/C to/T exploit/V the/D administration/N 's/P obsession/N with/I overthrowing/V the/D _OOV_/N to/T protect/V his/P own/J _OOV_/N ./.
As/D former/J _OOV_/N to/T Costa/N _OOV_/N Francis/N J./N _OOV_/N testified/V before/I the/D subcommittee/N ,/, the/D Reagan/N administration/N knew/V that/I Gen./N Noriega/N was/V involved/V with/I narcotics/N ,/, but/C made/V a/D decision/N in/I the/D summer/N of/I 1986/N ``/N to/T put/V Gen./N Noriega/N on/I the/D shelf/N until/I _OOV_/N was/V settled/N ./. ''/'
As/I the/D report/N issued/V by/I the/D subcommittee/N concluded/V ,/, ``/` Our/J government/N did/V nothing/R regarding/V Gen./N Noriega/N 's/P drug/N business/N and/C substantial/V criminal/J involvement/N because/I the/D first/J priority/N was/V the/D _OOV_/N war/N ./.
This/D decision/N resulted/V in/I at/I least/J some/J drugs/N entering/V the/D United/N States/N as/I a/D hidden/J cost/N of/I the/D war/N ./. ''/'
Unfortunately/N ,/, this/D problem/N continued/V even/R after/I Gen./N Noriega/N 's/P indictment/N ./.
_OOV_/N 1988/N and/C this/D year/N ,/, I/P and/C others/N in/I Congress/N have/V pressed/V the/D U.S./N to/T develop/V a/D plan/N for/I pushing/I this/D ``/N _OOV_/N ''/' out/I of/I Panama/N ./.
_OOV_/N ,/, two/C administrations/N in/I a/D row/N have/V been/V unwilling/V and/C unable/V to/T develop/V any/D plan/N ,/, military/N or/C economic/N ,/, for/I supporting/V the/D Panamanian/N people/N in/I their/P attempts/V to/T restore/V democracy/N ./.
Sen./N John/N _OOV_/N -LRB-/N D./N ,/, _OOV_/N ./. -RRB-/N
For/D _OOV_/N ,/, these/W are/V tricky/J ,/, often/J treacherous/N ,/, times/R ./.
After/P years/N of/I hesitation/N ,/, economic/N and/C political/J reform/N was/V embraced/J at/I the/D end/N of/I 1986/N ,/, but/C ringing/I declarations/N have/V yet/V to/T be/V translated/V into/I much/J action/N ./.
Vietnam/N is/V finding/V that/W turning/V a/D stagnant/J socialist/N order/V into/I a/D dynamic/J free/J market/N does/V n't/R come/V easy/R ./.
Here/R is/V how/W three/C _OOV_/N are/V coping/V with/I change/J :/:
The/D Tire/N King/N
_OOV_/N Van/N _OOV_/N is/V living/J proof/N that/I old/J ways/J die/N hard/R ./.
Mr./N _OOV_/N used/V to/T be/V an/D oddity/N in/I _OOV_/N :/: a/D private/J entrepreneur/N ./.
His/P business/N success/V made/V him/P an/D official/J target/N in/I _OOV_/C days/N ./.
Mr./N _OOV_/N ,/, now/I 64/N years/N old/N ,/, invented/V a/D fountain/J pen/N he/P and/C his/P family/N produced/N from/I plastic/J waste/N ./.
Later/R ,/, he/P marketed/N glue/N ./.
Both/J products/N were/V immensely/V popular/J ./.
For/I his/P troubles/V ,/, Mr./N _OOV_/N was/V jailed/V three/C times/J between/J _OOV_/N and/C 1974/N ./.
Though/V his/P operation/N was/V registered/N and/C used/V only/D scrap/N ,/, he/P was/V accused/N of/I conducting/V illegal/J business/N and/C possessing/J illegal/J materials/N ./.
Once/C he/P was/V held/V for/I three/C months/N without/M being/V charged/V ./.
Things/R were/V supposed/V to/T change/V when/I Vietnam/N 's/P economic/J reforms/N gathered/V pace/V ,/, and/C for/I awhile/N they/P did/V ./.
After/P years/N of/I experimenting/N ,/, Mr./N _OOV_/N produced/V a/D heavy-duty/J bicycle/N tire/N that/W outlasted/V its/P _OOV_/N rival/V ./.
By/I 1982/N ,/, he/P was/V selling/J thousands/N of/I tires/N ./.
_OOV_/J published/N articles/N about/I him/P ,/, and/C he/P was/V hailed/R as/I ``/` the/D tire/N king/V ./. ''/'
His/P efforts/N earned/V a/D gold/N medal/N at/I a/D national/J exhibition/N --/: and/C attracted/V renewed/J attention/N from/I local/J authorities/N ./.
District/J police/N in/I 1983/N descended/C on/I his/P suburban/J home/N ,/, which/W he/P and/C his/P large/J family/N used/N as/I both/D residence/N and/C factory/N ,/, and/C demanded/V proof/V the/D house/N and/C equipment/N were/V his/P ./.
He/P produced/V it/P ./.
``/N That/M was/V the/D first/J time/N they/P lost/N and/C I/P won/V ,/, ''/' he/P says/V ./.
He/P was/V further/J questioned/N to/T determine/V if/I he/P was/V ``/V a/D real/J working/N man/V or/C an/D _OOV_/N ./. ''/'
_OOV_/N Mr./N _OOV_/N :/: ``/N When/V I/P showed/V it/P was/V from/I my/P own/V brain/N ,/, they/P lost/V for/I the/D second/J time/N ./. ''/'
But/C a/D few/J days/N later/V the/D police/J accused/N him/P of/I stealing/J electricity/N ,/, acquiring/V rubber/N without/J permission/N and/C buying/N stolen/V property/N ./.
_OOV_/N he/P was/V to/T be/V jailed/V again/R ,/, he/P fled/V to/T the/D countryside/N ./.
His/P family/N was/V given/V three/C hours/N to/T leave/V before/I the/D house/N and/C contents/N were/V confiscated/V ./.
With/V only/R the/D clothes/N they/P were/V wearing/V ,/, family/J members/N moved/V to/T a/D home/J owned/N by/I one/C of/I Mr./N _OOV_/N 's/P sons/N ./.
After/I six/C months/N on/I the/D run/N ,/, Mr./N _OOV_/N learned/V the/D order/N for/I his/P arrest/N had/V been/V canceled/V ./.
He/P rejoined/V his/P family/N in/I January/N 1984/N and/C began/V the/D long/J struggle/N for/I justice/N ,/, pressing/N everyone/V from/I _OOV_/N municipal/N officials/V to/T National/N _OOV_/N deputies/N for/I restoration/N of/I his/P rights/N ./.
He/P and/C his/P family/N kept/V afloat/V by/I repairing/J bicycles/N ,/, selling/N fruit/N and/C doing/V odd/J jobs/N ./.
Mr./N _OOV_/N achieved/I a/D breakthrough/N in/I 1987/N --/: and/C became/I a/D minor/J celebrity/N again/R --/: when/W his/P story/N was/V published/V in/I a/D weekly/J newspaper/N ./.
In/I 1988/N ,/, 18/C months/N after/I the/D sixth/J congress/N formally/V endorsed/J family-run/N private/J enterprise/N ,/, district/N authorities/N allowed/V Mr./N _OOV_/N to/T resume/V work/N ./.
By/I late/R last/J year/N he/P was/V invited/V back/R as/I ``/` the/D tire/J king/N ''/' to/T display/V his/P products/N at/I a/D national/J exhibition/N ./.
National/J leaders/N stopped/V by/I his/P stand/V to/T commend/V his/P achievements/J ./.
Mr./N _OOV_/N now/V produces/J 1,000/J bicycle/N and/C motorbike/N tires/V a/D month/N and/C 1,000/N tins/N of/I _OOV_/N glue/N in/I the/D son/N 's/P small/J house/N ./.
_OOV_/J people/N pack/V the/D house/N 's/P two/C rooms/N --/: the/D _OOV_/N ,/, four/C of/I their/P 10/J children/N with/I spouses/N ,/, and/C eight/C of/I 22/J grandchildren/N ./.
Most/I sleep/N on/I the/D floor/N ./.
Come/J daybreak/N ,/, eight/C family/N members/N and/C two/C other/J workers/N _OOV_/V a/D sheet/N of/I raw/J rubber/N that/W covers/V the/D floor/N of/I the/D house/N and/C spills/N out/R onto/V the/D street/N ./.
The/D primitive/J operations/N also/R burst/V out/I the/D back/J door/N into/I a/D small/J courtyard/N ,/, where/W an/D ancient/J press/N squeezes/V rubber/N solution/N into/I a/D flat/J strip/N and/C newly/V made/J tires/N are/V cooled/V in/I a/D bathtub/N filled/I with/I water/N ./.
Mr./N _OOV_/N talks/V _OOV_/N of/I expanding/N ,/, maybe/V even/R moving/V into/I the/D _OOV_/J field/N ./.
First/N ,/, however/V ,/, he/P has/V unfinished/J business/N ./.
When/I district/N authorities/N allowed/V him/P to/T resume/V manufacturing/N ,/, they/P released/V only/R one/C of/I his/P machines/N ./.
They/P did/V n't/R return/V the/D rubber/N stocks/N that/W represent/V his/P capital/N ./.
Nor/R did/V they/P return/V his/P house/N and/C contents/N ,/, which/W he/P values/N at/I about/I $/$ _OOV_/C ./.
He/P wants/V to/T recover/V more/J than/I just/R his/P property/N ,/, though/R ./.
``/` I/P want/V my/P dignity/V back/R ,/, ''/' he/P says/V ./.
_OOV_/N _OOV_/N seemed/V an/D obvious/J choice/N when/I the/D _OOV_/N _OOV_/N Association/N was/V looking/V for/I a/D new/J editor/N to/T reform/V its/P weekly/J newspaper/N ,/, Van/N _OOV_/N ./.
After/I the/D sixth/J congress/N ,/, journalists/J seized/V the/D opportunity/N provided/V by/I the/D liberalization/N to/T probe/V previously/I taboo/J subjects/N ./.
Mr./N _OOV_/N ,/, 57/N years/N old/N ,/, had/V solid/V reformist/J credentials/N :/: He/P had/V lost/V his/P official/J position/N in/I the/D association/N in/I he/P early/J 1980s/C because/I he/P questioned/V the/D intrusion/N of/I politics/J into/I literature/N ./.
_OOV_/N editor/N in/I chief/N in/I July/N 1987/N ,/, Mr./N _OOV_/N rapidly/V turned/V the/D _OOV_/N Van/N _OOV_/N into/I Vietnam/N 's/P hottest/N paper/N ./.
_OOV_/N soared/V as/I the/D weekly/N went/V way/V beyond/R standard/J literary/J themes/N to/T cover/V _OOV_/J society/N and/C its/P ills/N ./.
_OOV_/N were/V electrified/V by/I the/D paper/N 's/P audacity/N and/C appalled/V by/I the/D dark/J side/N of/I life/V it/R uncovered/J ./.
One/D article/N recounted/V a/D decade-long/N struggle/V by/I a/D wounded/N soldier/V to/T prove/V ,/, officially/N ,/, he/P was/V alive/V ./.
Another/D described/N how/W _OOV_/J officials/N in/I _OOV_/N _OOV_/N province/N one/C night/N stormed/V through/I homes/N and/C confiscated/V rice/N from/I starving/J villagers/N ./.
The/D newspaper/N also/R ran/V a/D series/N of/I controversial/J short/N stories/V by/I _OOV_/N _OOV_/N _OOV_/N ,/, a/D former/J history/J teacher/N ,/, who/W stirred/V debate/V over/I his/P interpretation/N of/I _OOV_/N culture/N and/C took/V a/D thinly/J veiled/J swipe/N at/I writers/N who/W had/V blocked/V his/P entry/N into/I their/P official/J association/N ./.
Van/N _OOV_/N quickly/V made/V influential/J enemies/N ./.
``/` Those/N who/W manage/V ideology/N and/C a/D large/J number/N of/I writers/J reacted/N badly/V ''/' to/T the/D restyled/J paper/N ,/, says/V _OOV_/N _OOV_/N An/N ,/, a/D literary/J critic/N ./.
After/N months/N of/I internal/N _OOV_/N ,/, Mr./N _OOV_/N was/V fired/V last/J December/N ./.
His/P dismissal/N triggered/V a/D furor/N among/J intellectuals/N that/W continues/V today/N ./.
``/N Under/N Mr./N _OOV_/N ,/, Van/N _OOV_/N protected/V the/D people/J instead/N of/I the/D government/N ,/, ''/' says/V _OOV_/N _OOV_/N ,/, a/D poet/N who/W is/V the/D paper/N 's/P bureau/J chief/N for/I southern/N Vietnam/N ./.
``/` The/D paper/N reflected/V the/D truth/N ./.
For/I the/D leadership/N ,/, that/W was/V too/V painful/V to/T bear/V ./. ''/'
The/D `/N _OOV_/N '/.
_OOV_/N _OOV_/N _OOV_/N is/V Vietnam/N 's/P entrepreneur/N of/I the/D 1980s/N ./.
Her/R challenge/V is/V to/T keep/V her/P fledgling/J empire/N on/I top/N in/I the/D 1990s/N ./.
Mrs./N _OOV_/N did/V n't/R wait/V for/I the/D reforms/N to/T get/V her/P start/V ./.
She/P charged/J ahead/N of/I the/D government/N and/C the/D law/N to/T establish/V _OOV_/N City/N Food/N Co./N as/I the/D biggest/J rice/J dealer/N in/I the/D country/N ./.
Her/R success/V ,/, which/W included/V alleviating/V an/D urban/J food/J shortage/N in/I the/D early/J 1980s/C ,/, helped/V persuade/I _OOV_/N to/T take/V the/D reform/N path/V ./.
Her/J story/N is/V becoming/J part/N of/I local/J folklore/N ./.
A/D lifelong/J revolutionary/N with/I little/J education/N who/W fought/V both/I the/D French/N and/C the/D _OOV_/N _OOV_/N regime/N ,/, she/P switched/N effortlessly/V to/T commerce/N after/I the/D war/N ./.
Her/R instincts/V were/V capitalistic/V ,/, despite/V her/P background/N ./.
As/I she/P rode/V over/I regulations/N ,/, only/R her/P friendship/V with/I party/J leaders/N ,/, including/J _OOV_/N Van/N _OOV_/N ,/, then/V Ho/N Chi/N Minh/N City/N party/J secretary/N ,/, kept/V her/P out/V of/I jail/N ./.
Following/I Mr./N _OOV_/N 's/P appointment/N as/I _OOV_/N of/I the/D party/N at/I the/D sixth/J congress/N ,/, Mrs./N _OOV_/N has/V become/V the/D darling/N of/I ``/N doi/N moi/N ''/N ,/, the/D _OOV_/J version/N of/I perestroika/N ./.
The/D authorities/N have/V steered/V foreign/N reporters/V to/T her/P office/N to/T see/V an/D example/N of/I ``/` the/D new/J way/N of/I thinking/N ./. ''/'
Foreign/N publications/N have/V responded/V with/I articles/N declaring/V her/P Vietnam/N 's/P richest/N woman/N ./.
``/` Some/J people/N call/V me/R the/D communist/N billionaire/N ,/, ''/' she/P has/V told/P visitors/N ./.
Actually/D ,/, 67-year-old/N Mrs./N _OOV_/N is/V about/I as/J poor/N as/I almost/R everyone/V else/R in/I this/D impoverished/N land/N ./.
She/P has/V indeed/V turned/V _OOV_/N City/N Food/N into/I a/D budding/N conglomerate/N ,/, but/C the/D company/N itself/W remains/V state-owned/N ./.
She/P manages/V it/P with/I the/D title/N of/I _OOV_/N ./.
The/D heart/N of/I the/D business/N is/V the/D purchase/N of/I rice/N and/C other/J commodities/N ,/, such/J as/I corn/N and/C coffee/N ,/, from/I farmers/N in/I the/D south/N ,/, paying/V with/I fertilizer/N ,/, farm/N tools/N and/C other/J items/N ./.
Last/J year/N ,/, _OOV_/N City/N Food/N says/V it/P bought/V two/C million/C metric/J tons/N of/I _OOV_/N rice/N ,/, more/J than/I 10/C %/N of/I the/D country/N 's/P output/N ./.
The/D company/N operates/V a/D fleet/N of/I trucks/N and/C boats/N to/T transport/V the/D commodities/N to/T its/P warehouses/N ./.
A/D subsidiary/N company/N processes/V commodities/N into/I foods/N such/J as/I instant/J noodles/N that/W are/V sold/V with/I the/D rice/N through/I a/D vast/J retail/N network/N ./.
In/I recent/J years/N ,/, Mrs./N _OOV_/N has/V started/V to/T diversify/V the/D company/N ,/, taking/V a/D 20/N %/N stake/V in/I newly/J established/N ,/, partly/R private/J Industrial/N and/C Commercial/N Bank/N ,/, and/C setting/J up/I _OOV_/N _OOV_/N ,/, which/W owns/N and/C operates/N Vietnam/N 's/P first/J oil/N refinery/N ./.
Mrs./N _OOV_/N says/V _OOV_/N City/N Food/N last/J year/N increased/V pretax/J profit/N 60/N %/N to/T the/D equivalent/N of/I about/I $/$ 2.7/C million/C on/I sales/N of/I $/$ 150/C million/C ./.
She/P expects/V both/D revenue/N and/C profit/N to/T gain/V this/D year/N ./.
She/P is/V almost/R cavalier/J about/I the/D possibility/J Vietnam/N 's/P reforms/N will/M create/V rivals/I on/I her/P home/J turf/N ./.
``/` I/P do/V n't/R mind/V the/D competition/N inside/V the/D country/N ,/, ''/' she/P says/V ./.
``/` I/P am/V only/R afraid/V that/I with/I Vietnam/N 's/P _OOV_/J products/N we/P ca/M n't/R compete/V with/I neighboring/J countries/N ./.
The/D earthquake/N that/W hit/V the/D San/N Francisco/N Bay/N area/N is/V n't/R likely/R to/T result/V in/I wholesale/N downgrading/N of/I bond/N ratings/N ,/, officials/N at/I the/D two/C major/J rating/N agencies/N said/V ./.
Standard/N &/C Poor/N 's/P Corp./N is/V reviewing/N debt/N issued/V by/I 12/N California/N counties/N ,/, and/C ``/N there/E are/V potential/V isolated/J problems/N ,/, ''/' said/V _OOV_/N _OOV_/N ,/, a/D managing/N director/N ./.
The/D agency/N is/V preparing/V a/D report/N ,/, to/T be/V issued/V today/N ,/, on/I the/D earthquake/N 's/P impact/V on/I the/D and/C _OOV_/J industry/N ./.
The/D only/J securities/N so/P far/R to/T be/V singled/V out/R are/V those/D issued/N by/I Bay/N View/N Federal/N Savings/N &/C Loan/N ./.
Moody/N 's/P Investors/N Service/N Inc./N said/V it/P is/V reviewing/N ,/, with/I an/D eye/N toward/I a/D possible/J _OOV_/N ,/, the/D ratings/N on/I Bay/N View/N Federal/N bonds/N ,/, long-term/N deposits/N and/C the/D _OOV_/N rating/N of/I its/P parent/N company/N ,/, Bay/N View/N Capital/N Corp/N ./.
As/D for/I property/N and/C casualty/V insurers/N ,/, Moody/N 's/P said/V ``/J preliminary/N estimates/N suggest/V that/I losses/N should/M not/R have/V a/D significant/J impact/N on/I most/J insurers/N '/P financial/J condition/N ,/, ''/' but/C it/R ``/V raises/J concerns/N about/I potentially/J substantial/N risks/N ''/' longer-term/N ./.
``/N _OOV_/N from/I the/D earthquake/N are/V expected/V to/T be/V of/I similar/J magnitude/N to/T those/V of/I Hurricane/N Hugo/N ,/, ''/' according/V to/T Moody/N 's/P ./.
Your/N Oct./N 5/N editorial/N ``/N A/N Democratic/N Tax/N _OOV_/N ''/' contained/V an/D error/N ./.
In/I the/D third/J paragraph/N it/P referred/V to/T the/D senators/N seeking/V loophole/J suggestions/N from/I lobbyists/N for/I various/J sectors/N of/I the/D economy/N ./.
Among/R them/V ,/, ``/N banana/N farmers/N ./. ''/'
The/D only/R significant/J commercial/N banana/N farmers/N in/I the/D U.S./N are/V in/I Hawaii/N ./.
The/D Hawaii/N _OOV_/N Industry/N Association/N ,/, to/T which/W nearly/V all/D of/I them/P belong/N ,/, has/V no/D lobbyist/N ./.
Thomas/N _OOV_/N Reese/N _OOV_/N ./.
_OOV_/N _OOV_/N Co/N ./.
Western/N Digital/N Corp./N reported/V a/D net/J loss/N of/I $/$ 2.7/C million/C ,/, or/C nine/C cents/N a/D share/N ,/, for/I its/P first/J quarter/N ended/V Sept./N 30/N ,/, citing/V factors/J as/I varied/J as/I hurricane/N damage/N ,/, an/D advance/N in/I graphics/N technology/N and/C the/D strengthening/J dollar/N ./.
In/I the/D year-ago/J period/N ,/, the/D company/N earned/V $/$ 12.9/C million/C ,/, or/C 45/C cents/N a/D share/N ,/, on/I sales/N of/I $/$ 247/C million/C ./.
Sales/N for/I the/D _OOV_/J period/N fell/V to/T about/V $/$ 225/C million/C ,/, the/D maker/N of/I computer/N parts/R said/V ./.
_OOV_/N ,/, Chairman/N _OOV_/N W./N Johnson/N said/V he/P expects/V the/D company/N to/T be/V profitable/V in/I the/D current/N quarter/N ./.
``/N We/, are/V positioned/V to/T come/V through/R ,/, ''/' he/P said/V ,/, noting/V that/I the/D company/N 's/P backlog/N was/V up/R from/I the/D previous/J quarter/N ./.
In/I its/P second/J quarter/N last/J year/N ,/, Western/N Digital/N earned/V $/$ _OOV_/C million/C ,/, or/C 44/C cents/N a/D share/N ,/, on/I sales/N of/I $/$ _OOV_/C million/C ./.
Mr./N Johnson/N said/V Western/N Digital/N 's/P plant/N in/I Puerto/N Rico/N was/V affected/V by/I Hurricane/N Hugo/N ,/, losing/V three/C days/N '/P production/N because/I of/I the/D storm/N ,/, which/W wrecked/V much/J of/I the/D Caribbean/N island/N 's/P infrastructure/N ./.
Although/I the/D plant/N itself/W was/V n't/R damaged/V ,/, Mr./N Johnson/N said/V millions/V of/I dollars/N in/I first-quarter/J revenue/N were/V lost/V ./.
The/D revenue/N will/M be/V regained/I in/I the/D current/J period/N ,/, he/P added/V ./.
There/E are/V no/D plans/N to/T initiate/V a/D common/J stock/N dividend/N ,/, Mr./N Johnson/N said/V ,/, explaining/V that/I the/D board/N continues/V to/T believe/V shareholders/N are/V best/J served/N by/I _OOV_/J excess/N cash/N ./.
Mr./N Johnson/N said/V the/D first-quarter/N loss/V also/J heavily/N reflected/V a/D rapid/J change/N in/I graphics/N technology/N that/W left/V reseller/N channels/N with/I too/P many/J of/I the/D old/J computer/N graphics/J boards/N and/C too/V few/R new/J monitors/N compatible/N with/I the/D new/J graphics/N boards/N ./.
Western/N Digital/N does/V n't/R make/V the/D monitors/N ./.
An/D accelerating/J move/N by/I personal/N computer/N manufacturers/N '/: to/T include/J advanced/N graphics/N capabilities/N as/I standard/J equipment/N further/N dampened/V reseller/J purchases/N of/I Western/N Digital/N 's/P equipment/N ./.
``/` The/D other/J areas/N of/I the/D business/N --/: storage/N and/C microcomputers/N --/: were/V very/R good/J ,/, ''/' Mr./N Johnson/N said/V ./.
He/P said/V Western/N Digital/N has/V reacted/N swiftly/V to/T the/D movement/N to/T video/N graphics/N array/N ,/, _OOV_/N ,/, graphics/J technology/N from/I the/D old/J enhanced/N graphics/N adapter/N ,/, _OOV_/N ,/, which/W has/V a/D lower/J resolution/J standard/N ,/, technology/N and/C now/R is/V one/C of/I the/D leading/J producers/N of/I these/D newer/J units/N ./.
Other/J makers/N of/I video/N controller/N equipment/N also/R were/V caught/V in/I the/D _OOV_/J shift/N ,/, he/P said/V ,/, ``/N but/C we/P were/V able/V to/T respond/V much/R more/J quickly/N ./. ''/'
Still/R ,/, Mr./N Johnson/N said/V ,/, ``/N our/P stock/N is/V grossly/J undervalued/N ./. ''/'
He/P said/V the/D company/N has/V cut/V operating/N expenses/N by/I about/I 10/C %/N over/I the/D last/J few/J quarters/N ,/, while/V maintaining/J research/N and/C development/N at/I about/I 8/C %/N to/T 9/C %/N of/I sales/N ./.
As/D part/N of/I its/P reorganization/N this/D week/N ,/, Western/N Digital/N has/V divided/V its/P business/N into/I two/C segments/N --/: storage/J products/N ,/, including/J controllers/N and/C disk/J drives/N ;/: and/C microcomputer/N products/N ,/, which/W include/J graphics/N ,/, communications/N and/C peripheral/J control/N chips/N ./.
Graphics/N ,/, communications/N and/C peripheral/J control/N chips/N were/V combined/J because/N ,/, increasingly/V ,/, multiple/J functions/N are/V being/R governed/V by/I a/D single/J chip/N ./.
_OOV_/N ,/, which/D includes/N computer/N controllers/N and/C _OOV_/N disk/J drives/N ,/, represents/V nearly/J two-thirds/N of/I the/D company/N 's/P business/N ./.
_OOV_/J drives/N ,/, which/W allow/V a/D computer/N to/T access/V its/P memory/N ,/, generated/V 38/C %/N more/J revenue/N in/I the/D most/J recent/J period/N compared/V with/I the/D fiscal/J first/J quarter/N a/D year/N earlier/R ./.
Computer/D parts/N are/V getting/V ever/V smaller/R ,/, Mr./N Johnson/N said/V ,/, a/D shrinking/N that/W has/V propelled/J laptops/N into/I position/N as/I the/D _OOV_/J segment/N of/I the/D computer/N business/N ./.
As/D smaller/J and/C more/J powerful/I computers/N continue/V to/T be/V the/D focus/N of/I the/D industry/N ,/, he/P said/V ,/, Western/N Digital/N is/V strengthening/J development/N of/I laptop/N parts/J ./.
Next/J year/N Western/N Digital/N plans/N to/T consolidate/V its/P operations/N from/I 11/N buildings/N in/I _OOV_/N into/I two/C buildings/N in/I the/D same/J _OOV_/N new/J headquarters/N and/C ,/, a/D block/N away/R ,/, a/D modern/J $/$ 100/C million/C silicon/N wafer/J fabrication/N plant/N ./.
The/D plan/N will/M help/V the/D company/N in/I its/P existing/J joint/N manufacturing/N agreement/N with/I AT&T/N ./.
About/I half/N of/I Western/N Digital/N 's/P business/N is/V overseas/R ,/, and/C Mr./N Johnson/N expects/V that/I proportion/N to/T continue/V ./.
_OOV_/N to/T dissolve/V many/J of/I the/D trade/J barriers/N within/I Europe/N in/I 1992/N creates/V significant/J opportunities/N for/I the/D company/N ,/, he/P said/V ,/, particularly/R since/I Western/N Digital/N already/V manufactures/V there/E ./.
Capitalizing/N on/I that/D presence/N ,/, Western/N Digital/N is/V launching/V a/D major/J effort/N to/T develop/V the/D embryonic/N reseller/N market/N in/I Europe/N ./.
_OOV_/N of/I state-owned/N Banca/N _OOV_/N del/N _OOV_/N approved/V a/D _OOV_/N _OOV_/N transaction/N and/C a/D change/N in/I the/D bank/N 's/P rules/N that/W will/M help/V it/R operate/V more/R like/V a/D private-sector/N institution/N ./.
Until/J now/N ,/, _OOV_/N 's/P top/J managers/N and/C its/P directors/N have/V been/V appointed/V by/I a/D Treasury/J decree/N ./.
But/C under/I the/D bank/N 's/P proposed/J statutes/N ,/, an/D assembly/N of/I shareholders/N must/M approve/V board/N members/N ./.
The/D bank/N 's/P chairman/N and/C director/N general/N ,/, who/W also/R sit/V on/I the/D board/N ,/, still/R would/M be/V appointed/V by/I the/D Treasury/N ./.
_OOV_/N ,/, which/W is/V controlled/V by/I the/D Italian/N Treasury/N ,/, was/V rocked/V by/I the/D disclosure/N last/J month/N that/I its/P Atlanta/J branch/N extended/J more/J than/I $/$ 3/C billion/C in/I unauthorized/N credits/N to/T _OOV_/C ./.
The/D ensuing/J scandal/N ,/, in/I which/W the/D bank/N 's/P management/N resigned/N ,/, has/V helped/J renew/N calls/V for/I privatization/N ,/, or/C at/I least/P an/D overhaul/N ,/, of/I Italy/N 's/P banking/J system/N ,/, which/W is/V about/I 80/C %/N _OOV_/N ./.
In/I a/D related/J move/N ,/, the/D bank/N also/R proposed/V that/I board/J representation/N be/V linked/J more/J closely/J to/T the/D bank/N 's/P new/J shareholding/N structure/N ./.
_OOV_/N called/V a/D shareholders/N '/P assembly/N meeting/V in/I December/N to/T vote/V on/I the/D proposals/N ./.
_OOV_/N has/V about/I 75,000/N _OOV_/N shares/N that/W are/V listed/V on/I the/D Milan/N Stock/N Exchange/N ./.
The/D shares/N were/V suspended/V from/I trading/N following/V disclosure/N of/I the/D Atlanta/N scandal/N ;/: _OOV_/N ,/, the/D stock/N exchange/N regulatory/N body/V ,/, reportedly/N will/M decide/V soon/V whether/I to/T end/V the/D trading/N suspension/N ./.
Switzerland/N 's/P wholesale/N price/N index/V increased/N 0.3/C %/N in/I September/N from/I August/N ,/, and/C was/V up/R 3.9/C %/N from/I a/D year/N ago/R ,/, marking/V the/D first/J time/N this/D year/N that/I the/D index/N has/V fallen/J below/N 4/C %/N on/I a/D _OOV_/J basis/N ,/, the/D government/N reported/V ./.
The/D government/N attributed/V the/D 0.3/N %/N _OOV_/C rise/N in/I the/D index/J largely/J to/T higher/J energy/N prices/N ./.
In/I August/N ,/, the/D index/N was/V up/R 0.2/C %/N from/I the/D previous/J month/N ,/, and/C was/V up/R 4.5/C %/N on/I a/D _OOV_/J basis/N ./.
The/D wholesale/N price/N index/N ,/, based/V on/I 1963/N as/I 100/N ,/, was/V _OOV_/N in/I September/N ./.
American/N Express/N Co./N posted/V a/D 21/N %/N increase/N in/I third/J quarter/N net/J income/N despite/V a/D sharp/J rise/N in/I reserves/N for/I Third/N World/N loans/N at/I its/P banking/N unit/N ./.
Aided/N by/I a/D sharp/J gain/N in/I its/P travel/J business/N ,/, American/N Express/N said/V net/N rose/V to/T $/$ _OOV_/C million/C ,/, or/C 77/C cents/N a/D share/N ,/, from/I $/$ _OOV_/C million/C ,/, or/C 64/C cents/N a/D share/N ./.
The/D year-earlier/N figures/R included/V $/$ _OOV_/C million/C ,/, or/C three/C cents/N a/D share/N ,/, in/I income/N from/I discontinued/I operations/N ./.
Income/N from/I continuing/J operations/N was/V up/R 26/C %/N ./.
Revenue/N rose/V 24/C %/N to/T $/$ 6.5/C billion/C from/I $/$ _OOV_/C billion/C ./.
The/D travel/J ,/, investment/J services/N ,/, insurance/N and/C banking/J concern/N added/V $/$ 110/C million/C to/T reserves/N for/I credit/N losses/V at/I its/P American/N Express/N Bank/N unit/N ,/, boosting/V the/D reserve/N to/T $/$ _OOV_/C million/C as/N of/I Sept./N 30/N ./.
The/D bank/N 's/P Third/N World/N debt/N portfolio/N totals/I $/$ _OOV_/C million/C ,/, down/R from/I $/$ 2.2/C billion/C at/I the/D end/N of/I 1986/N ./.
The/D bank/N charged/N off/I $/$ 53/C million/C in/I loans/N during/I the/D quarter/N ./.
At/I the/D American/N Express/N Travel/N Related/N Services/N Co./N unit/N ,/, net/N rose/V 17/C %/N to/T a/D record/J $/$ _OOV_/C million/C on/I a/D 19/N %/N revenue/N increase/N ./.
The/D figures/J exclude/N businesses/N now/V organized/J as/I American/N Express/N Information/N Services/N Co/N ./.
American/N Express/N card/N charge/N volume/N rose/V 12/C %/N ./.
Travel/J sales/N rose/V 11/C %/N ,/, led/V by/I gains/N in/I the/D U.S/N ./.
At/I _OOV_/N Financial/N Services/N ,/, the/D financial/J planning/N and/C mutual/J fund/N unit/N ,/, net/N rose/V 19/C %/N to/T a/D record/J $/$ _OOV_/C million/C on/I a/D 33/N %/N revenue/J gain/N ./.
_OOV_/J owned/N or/C managed/V rose/I 20/C %/N to/T $/$ 45/C billion/C ,/, and/C mutual/J fund/N sales/N rose/V 45/C %/N in/I the/D quarter/N to/T $/$ _OOV_/C million/C ./.
American/N Express/N Bank/N earnings/N fell/V 50/C %/N to/T $/$ _OOV_/C million/C from/I $/$ _OOV_/C million/C despite/V a/D 29/N %/N revenue/J gain/N ./.
The/D results/N include/V $/$ 106/C million/C of/I tax/N benefits/N associated/J with/I previous/J years/N '/: Third/N World/N loan/N activity/N ,/, compared/V with/I $/$ 15/C million/C a/D year/N earlier/R ./.
Profit/N rose/V 38/C %/N at/I American/N Express/N Information/N Services/N to/T $/$ _OOV_/C million/C ./.
Shearson/N Lehman/N Hutton/N Holdings/N Inc./N ,/, as/V previously/I reported/N ,/, had/V net/N of/I $/$ _OOV_/C million/C ,/, reversing/V a/D $/$ 3.5/C million/C loss/V a/D year/N earlier/R ;/: its/P latest/J results/N include/V a/D $/$ 37/C million/C gain/N from/I the/D sale/N of/I an/D institutional/J money/N management/N business/N ./.
American/N Express/N 's/P share/N of/I Shearson/N 's/P earnings/N was/V $/$ 41/C million/C ,/, after/I preferred/D stock/N dividends/N ;/: it/P owns/N about/I 68/C %/N of/I Shearson/N 's/P common/J ./.
For/I the/D nine/C months/N ,/, American/N Express/N said/V net/N rose/V 11/C %/N to/T $/$ _OOV_/C million/C ,/, or/C $/$ _OOV_/C a/D share/N ,/, from/I $/$ _OOV_/C million/C ,/, or/C $/$ _OOV_/C a/D share/N ./.
Revenue/N rose/V 24/C %/N to/T $/$ _OOV_/C billion/C from/I $/$ _OOV_/C billion/C ./.
_OOV_/N Inc./N ,/, hampered/V by/I a/D slowdown/N in/I its/P defense/N sales/N ,/, reported/V an/D 8/N %/N decline/N in/I per-share/J earnings/N on/I nearly/I flat/J revenue/N for/I its/P third/J quarter/N ./.
The/D aerospace/N and/C financial/J services/N concern/V said/V net/J income/N fell/V 5/C %/N to/T $/$ _OOV_/C million/C from/I $/$ 62.8/C million/C ./.
Revenue/N of/I $/$ _OOV_/C billion/C was/V almost/R unchanged/V from/I last/J year/N 's/P $/$ _OOV_/C billion/C ./.
Per-share/N net/N of/I 66/C cents/N ,/, down/R from/I 72/C cents/N ,/, fell/V by/I more/J than/I overall/J net/N because/I of/I more/J shares/N outstanding/V ./.
The/D company/N said/V that/D improved/N results/N in/I its/P financial-services/J sector/N were/V negated/V by/I increased/N costs/N in/I its/P government/N contract/N business/N ,/, lower/J operating/N earnings/N in/I its/P _OOV_/J sector/N and/C soft/J automotive/N markets/N ./.
Net/N was/V aided/V by/I a/D lower/J income/N tax/N rate/N ./.
Profit/N before/V taxes/N fell/V 17/C %/N to/T $/$ _OOV_/C million/C from/I $/$ _OOV_/C million/C ./.
For/I the/D nine/C months/N ,/, _OOV_/N reported/V net/N of/I $/$ _OOV_/C million/C ,/, or/C $/$ 2.06/C a/D share/N ,/, on/I revenue/N of/I $/$ _OOV_/C billion/C ./.
A/D year/N ago/R ,/, net/N was/V $/$ _OOV_/C million/C ,/, or/C $/$ _OOV_/C a/D share/N ,/, on/I revenue/N of/I $/$ 5.3/C billion/C ./.
The/D _OOV_/J results/N included/V a/D $/$ 9.5/C million/C special/J charge/N in/I 1989/N for/I an/D arbitration/N settlement/J related/N to/T past/V export/J sales/N ,/, and/C $/$ _OOV_/C million/C in/I extraordinary/J charges/N in/I 1988/N related/N to/T a/D former/J line/N of/I business/N and/C early/J redemption/N of/I debt/N ./.
_OOV_/N said/V that/I _OOV_/N '/P results/N do/V n't/R include/J earnings/N of/I _OOV_/N PLC/N ,/, a/D British/N maker/N of/I industrial/N _OOV_/N ,/, but/C do/V include/J interest/N costs/N of/I $/$ _OOV_/C million/C on/I borrowings/J related/N to/T the/D proposed/J purchase/N of/I _OOV_/N ./.
A/D federal/J judge/N has/V issued/V a/D preliminary/N injunction/N against/I the/D purchase/N because/I of/I Federal/N Trade/N Commission/N concerns/N that/I the/D transaction/N would/M reduce/V competition/N in/I the/D production/N of/I two/C kinds/N of/I rivets/N ./.
For/I the/D quarter/N ,/, _OOV_/N said/V aerospace/J revenue/N ,/, including/J _OOV_/J helicopter/N and/C _OOV_/N manufacture/N ,/, declined/V _OOV_/C %/N to/T $/$ _OOV_/C million/C from/I $/$ _OOV_/C million/C ,/, an/D indication/N of/I slowing/V government/J defense/N work/N ./.
As/I the/D _OOV_/N brothers/V '/P personal/J bankruptcy/N cases/V _OOV_/N into/I their/P second/J year/N ,/, _OOV_/N S.A./N has/V proposed/V a/D deal/N to/T settle/V its/P huge/J claim/N against/I the/D troubled/J Texas/N oil/N men/W ./.
But/C the/D plan/N only/R threatens/V to/T heighten/V the/D tension/J and/C confusion/V already/R surrounding/V the/D cases/N that/W were/V filed/V in/I September/N 1988/N ./.
The/D _OOV_/N mineral/N concern/N 's/V $/$ _OOV_/C million/C claim/N stems/V from/I 1988/N jury/N award/N in/I a/D case/J stemming/N from/I the/D brothers/N '/P alleged/N attempts/V to/T corner/V the/D _OOV_/J silver/N market/N ./.
_OOV_/N now/R says/V it/P is/V willing/V to/T settle/V for/I up/J to/T $/$ _OOV_/C million/C from/I each/D brother/N ,/, although/I the/D actual/J amount/N would/M probably/R be/V much/R less/R ./.
Although/I the/D proposal/N must/M be/V approved/V by/I federal/J Judge/N Harold/N C./N _OOV_/N ,/, W./N Herbert/N _OOV_/N has/V agreed/V to/T the/D _OOV_/N mineral/N concern/N 's/P proposal/N ./.
Nelson/N _OOV_/N _OOV_/N is/V considering/D it/J ,/, although/I his/P attorney/N says/V he/P wo/V n't/R do/V it/P if/V the/D proposal/N _OOV_/V a/D tentative/J settlement/N he/P has/V reached/V with/I the/D Internal/N Revenue/N Service/N ,/, which/W claims/V the/D brothers/N owe/V $/$ 1/C billion/C in/I back/J taxes/N and/C is/V by/I far/I the/D biggest/J creditor/N in/I both/D cases/N ./.
The/D tentative/J agreement/N between/I the/D _OOV_/N and/C Nelson/N _OOV_/N _OOV_/N is/V awaiting/V U.S./N Justice/N Department/N approval/N ./.
Under/I it/P ,/, the/D former/J billionaire/N 's/P assets/N would/M be/V liquidated/V with/I the/D _OOV_/N getting/V 80/N %/N of/I the/D proceeds/N and/C the/D rest/N being/I divided/N among/V other/J creditors/N ,/, including/J _OOV_/N and/C Manufacturers/N _OOV_/N Trust/N Co./N ,/, which/W is/V seeking/J repayment/N of/I a/D $/$ 36/C million/C loan/N ./.
A/D _OOV_/N proposal/N has/V been/V made/V in/I the/D W./N Herbert/N _OOV_/N case/N although/I he/P and/C the/D _OOV_/N are/V at/I odds/N over/I the/D size/N of/I the/D _OOV_/J debt/N he/P would/M have/V to/T pay/V to/T the/D government/N from/I future/J earnings/N ./.
In/I both/D cases/N ,/, _OOV_/N and/C Manufacturers/N _OOV_/N have/V been/V fighting/J ferociously/N over/I their/P shares/N of/I the/D pie/N ./.
With/J support/N from/I the/D _OOV_/N ,/, Manufacturers/N _OOV_/N has/V filed/V suit/N asking/I Judge/N _OOV_/N to/T subordinate/V _OOV_/N 's/P claim/N to/T those/V of/I _OOV_/N _OOV_/N and/C the/D _OOV_/N ./.
_OOV_/N has/V threatened/V a/D ``/J volcano/N ''/' of/I litigation/N if/I the/D Manufacturers/N _OOV_/N Corp./N unit/N attempts/V to/T force/N such/V a/D plan/N through/I the/D court/N ./.
_OOV_/N said/V it/P would/M n't/R pursue/V such/J litigation/N if/I its/P settlement/J plan/N in/I the/D W./N Herbert/N _OOV_/N case/N is/V approved/V by/I Judge/N _OOV_/N ,/, who/W will/M consider/V the/D proposal/N at/I a/D hearing/J next/J week/N ./.
_OOV_/N attorney/N Thomas/N _OOV_/N _OOV_/N the/D plan/N as/I one/C step/N toward/I an/D overall/J settlement/N of/I the/D W./N Herbert/N _OOV_/N case/N but/C Hugh/N Ray/N ,/, attorney/N for/I Manufacturers/N _OOV_/N ,/, called/V it/P ``/J silly/N ''/' and/C said/V he/P would/M fight/V it/P in/I court/N ./.
``/` The/D thing/N is/V so/P fluid/N right/V now/R that/I there/E 's/V really/V no/D way/J to/T say/V what/V will/M happen/V ,/, ''/' says/V Justice/N Department/N attorney/N _OOV_/N _OOV_/N III/N ,/, who/W represents/V the/D _OOV_/N in/I the/D case/N ./.
``/N Developments/N like/R this/D are/V hard/J to/T predict/V ./.
Banc/R One/, Corp./N said/V it/P agreed/V in/I principle/V to/T buy/V five/C branch/J offices/N from/I _OOV_/N Inc./N ,/, Toledo/N ,/, Ohio/N ,/, following/V the/D planned/N merger/N of/I _OOV_/N into/I Society/N Corp./N ,/, Cleveland/N ./.
The/D five/C offices/N in/I Erie/N and/C _OOV_/N counties/N in/I northern/J Ohio/N have/V total/J assets/N of/I about/I $/$ 88/C million/C ,/, Banc/N One/, said/V ./.
The/D purchase/N price/N will/M be/V established/V after/I Banc/N One/N has/V an/D opportunity/N to/T study/V the/D quality/N of/I the/D assets/N ,/, Banc/N One/N said/V ./.
Society/N Corp./N already/R has/V branches/N in/I the/D area/N ,/, and/C selling/V the/D _OOV_/N offices/N could/M avoid/V a/D problem/N with/I regulators/N over/I excessive/J concentration/N of/I banking/N in/I the/D two/C counties/N after/I the/D merger/N of/I _OOV_/N into/I Society/N ,/, according/V to/T industry/N sources/N ./.
The/D merger/N is/V scheduled/V to/T take/V place/R in/I the/D 1990/N first/J quarter/N ./.
_OOV_/N fears/V and/C relatively/J more/J attractive/J interest/N rates/N pushed/I _OOV_/N mutual/J fund/N assets/N up/V $/$ _OOV_/C billion/C in/I the/D latest/J week/N ,/, the/D sharpest/J increase/N in/I almost/J two/C years/N ./.
The/D _OOV_/J funds/N tracked/N by/I the/D Investment/N Company/N Institute/N ,/, a/D _OOV_/J trade/N group/N ,/, rose/V to/T $/$ _OOV_/C billion/C ,/, a/D record/N ./.
The/D $/$ _OOV_/C billion/C increase/N was/V the/D strongest/J weekly/N inflow/N since/I January/N 1988/C ./.
The/D increase/N was/V spread/R fairly/J evenly/N among/I all/D three/C types/N of/I funds/N ./.
Individual/J investors/N ,/, represented/V in/I the/D _OOV_/N and/C broker-dealer/N fund/N categories/N ,/, pulled/V money/N from/I the/D stock/N market/N after/I its/P big/J drop/N last/J Friday/N and/C put/V the/D money/N into/I funds/N ,/, said/V _OOV_/N _OOV_/N ,/, vice/N president/N and/C chief/J economist/N of/I the/D Institute/N ./.
``/N _OOV_/N investors/N ,/, on/I the/D other/J hand/N ,/, reacted/V to/T the/D steep/J decline/N in/I yields/N on/I direct/J _OOV_/N instruments/N following/V the/D _OOV_/J decline/N last/J Friday/N ,/, ''/' Mr./N _OOV_/N said/V ./.
Yields/N on/I money/N funds/N dropped/V in/I the/D week/N ended/V Tuesday/N ,/, according/V to/T _OOV_/N 's/P Money/N Fund/N Report/N ,/, a/D _OOV_/N ,/, Mass./N ,/, newsletter/N ./.
The/D average/N _OOV_/N compounded/V yield/N fell/V to/T _OOV_/C %/N from/I 8.60/C %/N the/D week/N earlier/R ,/, _OOV_/N 's/P said/V ./.
At/I the/D auction/N of/I six-month/N U.S./N Treasury/N bills/V on/I Monday/N ,/, the/D average/J yield/N fell/V to/T _OOV_/C %/N from/I _OOV_/C %/N ./.
Likewise/N ,/, certificates/N of/I deposit/N on/I average/N posted/V lower/J yields/N in/I the/D week/N ended/V Tuesday/N ./.
The/D _OOV_/N _OOV_/N money/V funds/N rose/V $/$ _OOV_/C billion/C to/T $/$ _OOV_/C billion/C ./.
The/D _OOV_/N _OOV_/N funds/N increased/V $/$ _OOV_/C billion/C to/T $/$ _OOV_/C billion/C ,/, while/I 96/N broker-dealer/N funds/N increased/V $/$ 1.3/C billion/C to/T $/$ _OOV_/C billion/C ./.
Domestic/J lending/N for/I real/J estate/N and/C property/J development/N was/V the/D source/N of/I Bank/N _OOV_/N Malaysia/N _OOV_/N 's/P most/J recent/J spate/N of/I financial/N troubles/V ,/, the/D institution/N 's/P executive/J chairman/N ,/, _OOV_/N _OOV_/N _OOV_/N ,/, said/V ./.
Speaking/N to/T reporters/V this/D week/N after/I Bank/N _OOV_/N 's/P shareholders/N approved/V a/D rescue/J plan/N ,/, _OOV_/N _OOV_/N _OOV_/N said/V heavy/J lending/N to/T the/D property/J sector/N rocked/V the/D bank/N when/V property/J prices/N in/I Malaysia/J plummeted/N in/I _OOV_/N ./.
He/P said/V the/D bank/N could/M n't/R wait/V any/V longer/R for/I prices/N to/T recover/V and/C for/I borrowers/N to/T service/V their/P loans/N ./.
So/I the/D bank/N 's/P board/N decided/V to/T make/V 1.23/C billion/C _OOV_/J dollars/N -LRB-/N US$/N _OOV_/C million/C -RRB-/N in/I provisions/N for/I interest/J payments/N from/I loans/N previously/I recorded/N as/I revenue/N but/C never/V actually/R received/V by/I the/D bank/N ,/, and/C to/T submit/V a/D bailout/N package/N to/T replenish/V the/D bank/N 's/P _OOV_/J capital/N ./.
The/D predicament/N ,/, he/P added/V ,/, was/V similar/V to/T the/D Hong/N Kong/N _OOV_/N _OOV_/N collapse/N ,/, which/W exposed/V the/D involvement/N of/I Bank/N _OOV_/N 's/P former/J subsidiary/N in/I the/D colony/N in/I the/D largest/J banking/N scandal/N in/I Malaysia/N 's/P history/N ./.
The/D subsidiary/N ,/, _OOV_/N Malaysia/N Finance/N Ltd./N ,/, was/V left/V with/I _OOV_/N _OOV_/C billion/C in/I bad/J loans/N made/V to/T Hong/N Kong/N property/N speculators/N ./.
Both/J episodes/N wiped/V out/I Bank/N _OOV_/N 's/P shareholders/N '/P funds/N ./.
Each/J time/N ,/, the/D bank/N 's/P 90/N %/N shareholder/N --/: _OOV_/N _OOV_/N _OOV_/N ,/, or/C _OOV_/N ,/, the/D national/J oil/N company/N --/: has/V been/V called/V upon/I to/T rescue/V the/D institution/N ./.
In/I five/C years/N ,/, _OOV_/N ,/, which/W became/V the/D dominant/J shareholder/N in/I a/D 1984/N rescue/V exercise/N ,/, has/V spent/N about/I _OOV_/N 3.5/C billion/C to/T prop/V up/I the/D troubled/J bank/N ./.
_OOV_/N _OOV_/N _OOV_/N said/V the/D capital/N restructuring/N plan/N has/V been/V approved/V by/I Malaysia/N 's/P Capital/N _OOV_/N Committee/N and/C central/J bank/N ./.
Malaysia/N 's/P High/N Court/N is/V expected/V to/T approve/V the/D plan/N ./.
Once/C the/D plan/N is/V approved/N ,/, _OOV_/N _OOV_/N _OOV_/N said/V ,/, most/J of/I Bank/N _OOV_/N 's/P _OOV_/J loans/N will/M have/V been/V fully/J provided/N for/I and/C the/D bank/N will/M be/V on/I track/N to/T report/V a/D pretax/J profit/N of/I between/J _OOV_/N 160/C million/C and/C _OOV_/N 170/C million/C for/I the/D fiscal/J year/N ending/V March/N 31/N ./.
For/I the/D previous/J financial/J year/N ,/, the/D bank/N would/M have/V reported/V a/D pretax/J profit/N of/I _OOV_/N _OOV_/C million/C if/I it/P had/V n't/R made/V provisions/N for/I the/D _OOV_/J loans/N ,/, he/P said/V ./.
Malaysia/N 's/P Banking/N _OOV_/N Act/N prohibited/V the/D bank/N from/I identifying/J delinquent/N borrowers/N ,/, said/V _OOV_/N _OOV_/N _OOV_/N ./.
But/C public/J documents/N indicate/V 10/C %/N or/C more/J of/I the/D bank/N 's/P provisions/N were/V made/V for/I foregone/N interest/N on/I a/D _OOV_/N 200/C million/C loan/N to/T Malaysia/N 's/P dominant/J political/J party/N ,/, the/D United/N _OOV_/N National/N Organization/N ,/, to/T build/V its/P convention/N and/C headquarters/J complex/N in/I _OOV_/N _OOV_/N ./.
The/D loan/N to/T _OOV_/N was/V made/V in/I September/N 1983/C ./.
``/N We/, lent/R a/D lot/N of/I money/V all/D over/I the/D place/N ,/, ''/' said/V _OOV_/N _OOV_/N _OOV_/N ,/, who/W refused/V to/T discuss/V the/D bank/N 's/P outstanding/J loans/N to/T
As/D well/J as/I the/D _OOV_/N 1.23/C billion/C in/I provisions/N announced/N on/I Oct./N 6/N ,/, the/D restructuring/N package/N covers/V an/D additional/J _OOV_/N _OOV_/C million/C in/I provisions/N made/V in/I earlier/J years/N but/C never/R reflected/J in/I a/D reduction/N of/I the/D bank/N 's/P _OOV_/J capital/N ./.
At/I the/D end/N of/I the/D exercise/N ,/, the/D cash/N injection/N from/I _OOV_/N will/M increase/V the/D bank/N 's/P _OOV_/J capital/N to/T _OOV_/N 1.15/C billion/C after/I virtually/V being/R wiped/V out/I by/I the/D new/J provisions/N ./.
_OOV_/N _OOV_/N might/M have/V stepped/V from/I a/D recruiting/J poster/N for/I young/J Republicans/N ./.
White/N ,/, 24/C years/N old/N ,/, a/D singer/N in/I her/P church/N choir/R ,/, she/P symbolizes/V a/D generation/N that/W gave/V its/P heart/N and/C its/P vote/N to/T Ronald/N Reagan/N ./.
``/` I/P felt/V kind/N of/I safe/N ,/, ''/' she/P says/V ./.
No/D longer/N ./.
When/I the/D Supreme/N Court/N opened/V the/D door/N this/D year/N to/T new/J restrictions/N on/I abortion/N ,/, Ms./N _OOV_/N opened/N her/P mind/V to/T Democratic/N politics/N ./.
Then/I a/D political/J novice/N ,/, she/P stepped/V into/I a/D whirl/N of/I ``/N _OOV_/N ''/' marches/V ,/, house/J parties/N and/C _OOV_/N ./.
Now/I she/P leads/V a/D grassroots/J _OOV_/N campaign/N in/I _OOV_/N County/N for/I _OOV_/N Democratic/N gubernatorial/N candidate/V James/N _OOV_/N ./.
``/` This/D is/V one/C where/W I/P cross/J party/J lines/N ,/, ''/' she/P says/V ,/, rejecting/V the/D _OOV_/N stance/N of/I Rep./N _OOV_/N 's/P opponent/N ,/, _OOV_/N Rep./N James/N _OOV_/N ./.
``/` People/D my/J age/N thought/V it/P was/V n't/R going/V to/T be/V an/D issue/N ./.
Now/I it/P has/V --/: especially/R for/I people/N my/P age/N ./. ''/'
_OOV_/N bear/V out/I this/D warning/N ,/, but/C after/I a/D decade/N of/I increased/N Republican/N influence/I here/J ,/, the/D new/J politics/N of/I abortion/N have/V contributed/V to/T a/D world/J turned/N upside/V down/R for/I Mr./N _OOV_/N ./.
Unless/I he/P closes/V the/D gap/J ,/, Republicans/N risk/N losing/V not/D only/R the/D governorship/N but/C also/R the/D assembly/J next/J month/N ./.
Going/N into/I the/D 1990s/N ,/, the/D _OOV_/N is/V paying/V a/D price/N for/I the/D same/J conservative/J social/N agenda/V that/I it/P used/V to/T torment/V Democrats/N in/I the/D past/J ./.
This/D change/N comes/V less/R from/I a/D shift/N in/I public/J opinion/N ,/, which/W has/V n't/R changed/V much/R on/I abortion/N over/I the/D past/J decade/N ,/, than/R in/I the/D boundaries/N of/I the/D debate/N ./.
New/N Jersey/N 's/P own/J highest/N court/N remains/I a/D liberal/J bulwark/N against/I major/J restrictions/N on/I abortion/N ,/, but/C the/D U.S./N Supreme/N Court/N ruling/N ,/, Webster/N vs./N Missouri/N ,/, has/V engaged/V voters/N across/V the/D nation/N who/W had/V been/V insulated/V from/I the/D issue/N ./.
Before/I July/N ,/, _OOV_/N voters/N could/M safely/V make/J political/J decisions/N without/T focusing/N narrowly/V on/I abortion/N ./.
Now/R ,/, the/D threat/N of/I further/J restrictions/N adds/V a/D new/J dimension/N ,/, bringing/V an/D upsurge/N in/I political/J activity/N by/I _OOV_/J forces/N ./.
A/D recent/J _OOV_/N rally/V in/I _OOV_/N drew/J thousands/N ,/, and/C in/I a/D major/N reversal/W ,/, Congress/N is/V defying/V a/D presidential/J veto/N and/C demanding/V that/I _OOV_/J abortions/N be/M permitted/V in/I cases/N of/I rape/N and/C incest/N ./.
``/` If/I Webster/N had/V n't/R happened/V ,/, you/P would/M n't/R be/V here/R ,/, ''/' _OOV_/N _OOV_/N tells/V a/D reporter/N in/I the/D _OOV_/N office/N of/I the/D National/J Organization/N for/I Women/N ./.
``/` We/P could/M have/V shouted/V from/I the/D rooftops/N about/I _OOV_/N and/C no/D one/N would/M have/V heard/V us/N ./. ''/'
New/N Jersey/N is/V a/D proving/N ground/V for/I this/D aggressive/J _OOV_/N movement/V this/D year/N ./.
The/D infusion/N of/I activists/N can/M bring/V a/D clash/N of/I cultures/J ./.
In/I _OOV_/N Hill/N ,/, the/D National/J _OOV_/N Rights/N Action/N League/N ,/, whose/D goal/N is/V to/T sign/V up/I 50,000/N _OOV_/N voters/N ,/, targets/V a/D union/J breakfast/N to/T build/V labor/J support/N for/I its/P cause/N ./.
The/D league/J organizers/N seem/V more/R a/D fit/J with/I a/D convention/J next/J door/N of/I young/J aerobics/J instructors/N in/I _OOV_/N than/I the/D _OOV_/N union/N leaders/N ;/: ``/` I/P wish/V I/P could/M go/V work/V out/R ,/, ''/' says/V a/D slim/J activist/N ./.
A/D labor/J chief/N speaks/V sardonically/N of/I having/V to/T ``/N man/V and/C woman/N ''/' Election/N Day/N phones/N ./.
No/D age/N group/N is/V more/J sensitive/N than/I younger/J voters/N ,/, like/J Ms./N _OOV_/N ./.
A/D year/N ago/I this/D fall/N ,/, New/N Jersey/N voters/V under/I 30/N favored/I George/N Bush/N by/I 56/C %/N to/T 39/C %/N over/I Michael/N _OOV_/N ,/, according/V to/T a/D survey/N then/V by/I _OOV_/N University/N 's/P _OOV_/N Institute/N ./.
A/D matching/J _OOV_/N _OOV_/N _OOV_/N poll/V last/J month/N showed/V a/D complete/N reversal/D ./.
_OOV_/N in/I the/D same/J age/N group/N backed/V Democrat/N _OOV_/N 55/N %/N to/T 29/C %/N over/I Republican/N _OOV_/N ./.
_OOV_/N alone/W ca/V n't/R explain/V this/D shift/N ,/, but/C New/N Jersey/N is/V a/D model/N of/I how/V so/P personal/V an/D issue/N can/M become/V a/D baseline/N of/I sorts/N in/I judging/V a/D candidate/N ./.
By/I a/D _OOV_/J ratio/N ,/, voters/N appear/R more/J at/I ease/N with/I Mr./N _OOV_/N 's/P stance/N on/I abortion/N ,/, and/C polls/N indicate/V his/P lead/J widens/N when/V the/D candidates/N are/V specifically/J linked/N to/T the/D issue/N ./.
``/` The/D times/N are/V my/V times/R ,/, ''/' says/V Mr./N _OOV_/N ./.
The/D _OOV_/N County/N congressman/N still/V carries/V himself/V with/I a/D trademark/N ``/N _OOV_/N ''/' intensity/J ,/, but/C at/I a/D pause/N in/I _OOV_/N 's/P Columbus/N Day/N parade/J recently/N ,/, he/P was/V dancing/N with/I his/P wife/N in/I the/D middle/N of/I the/D avenue/N in/I the/D city/N 's/P old/J _OOV_/N ward/N ./.
After/N losing/V by/I fewer/J than/I 1,800/J votes/N in/I the/D 1981/N governor/N 's/P race/J ,/, he/P has/V prepared/V himself/P methodically/V for/I this/D moment/N ,/, including/J deciding/N in/I recent/J years/N he/P could/M no/V longer/J support/N curbs/V on/I federal/J funding/N for/I _OOV_/J abortions/N ./.
``/` If/I you/P 're/V going/V to/T be/V consistent/J and/C say/V it/P is/V a/D constitutionally/J protected/J right/N ,/, ''/' he/P asks/V ,/, ``/N how/W are/V you/P going/V to/T say/V an/D upscale/J woman/N who/W can/M drive/V to/T the/D hospital/N or/C clinic/N in/I a/D nice/J car/N has/V a/D constitutional/J right/N and/C someone/V who/W is/V not/R in/I great/J shape/N financially/V does/V not/R ?/. ''/'
Mr./N _OOV_/N ,/, by/I comparison/J ,/, seems/V a/D shadow/N of/I the/D confident/J hawk/N who/W defended/V Oliver/N North/N before/I national/J cameras/N at/I Iran-Contra/N hearings/V two/C years/N ago/R ./.
Looking/R back/R ,/, he/P says/V he/P erred/V by/I stating/N his/P ``/J personal/N ''/' opposition/N to/T abortion/V instead/N of/I assuring/J voters/N that/I he/P would/M n't/R impose/V his/P views/N on/I ``/N policy/N ''/' as/I governor/N ./.
It/P is/V a/D distinction/N that/I satisfies/V neither/D side/N in/I the/D debate/N ./.
``/N He/P does/V n't/R know/V himself/P ,/, ''/' _OOV_/N _OOV_/N of/I the/D _OOV_/N Rights/N League/N says/V of/I Mr./N _OOV_/N 's/P position/N ./.
Even/R abortion/J opponents/N ,/, however/V angry/V with/I Mr./N _OOV_/N ,/, ca/M n't/R hide/V their/P frustration/V with/I the/D Republican/N 's/P ambivalence/N ./.
``/N He/P does/V n't/R want/V to/T lead/V the/D people/N ,/, ''/' says/V Richard/N _OOV_/N ,/, president/N of/I New/N Jersey/N Right/N to/T Life/V ./.
Moreover/N ,/, by/I stepping/N outside/I the/D state/N 's/P _OOV_/J tradition/N ,/, Mr./N _OOV_/N _OOV_/N fears/V that/I he/P is/V too/V conservative/J as/I well/J on/I more/J pressing/N concerns/N such/J as/I auto/N insurance/N rates/N and/C the/D environment/N ./.
He/P hurt/V himself/V further/I this/D summer/N by/I bringing/V homosexual/J issues/N into/I the/D debate/N ;/: and/C by/I wavering/N on/I this/D issue/N and/C abortion/N ,/, he/P has/V weakened/I his/P credibility/N in/I what/N is/V already/V a/D _OOV_/J campaign/N on/I both/D sides/N ./.
_OOV_/N to/T Congress/N in/I 1978/N ,/, the/D _OOV_/N Mr./N _OOV_/N is/V part/N of/I a/D generation/N of/I young/J conservatives/N who/W were/V once/R very/R much/J in/I the/D lead/N of/I the/D _OOV_/N shift/V under/I Mr./N Reagan/N ./.
Like/R many/J of/I his/P colleagues/N ,/, he/P did/V n't/R serve/V in/I Vietnam/N in/I the/D 1960s/N yet/V embraced/V a/D _OOV_/J defense/N and/C foreign/J policy/N --/: even/R voting/V against/I a/D 1984/J resolution/J critical/N of/I the/D U.S./J mining/N of/I _OOV_/C harbors/N ./.
Jack/N Kemp/N and/C the/D writers/J _OOV_/N Kristol/N and/C George/N _OOV_/N were/V influences/R ,/, and/C Mr./N _OOV_/N 's/P own/V conservative/J credentials/N proved/J useful/N to/T the/D current/J New/N Jersey/N _OOV_/N governor/N ,/, Thomas/N _OOV_/N ,/, in/I the/D 1981/N Republican/N primary/N here/R ./.
The/D same/J partnership/N is/V now/R crucial/V to/T Mr./N _OOV_/N 's/P fortunes/V ,/, but/C the/D abortion/J issue/N is/V only/R a/D reminder/N of/I the/D gap/J between/N his/P record/N and/C that/I of/I the/D more/J moderate/N ,/, _OOV_/N Gov./N _OOV_/N ./.
While/I the/D _OOV_/N County/N congressman/N pursued/V an/D _OOV_/N ,/, _OOV_/N agenda/V in/I Washington/N ,/, Gov./N _OOV_/N was/V approving/V increased/J income/N and/C sales/J taxes/N at/I home/N and/C overseeing/V a/D near/I doubling/N in/I the/D size/N of/I New/N Jersey/N 's/P budget/N in/I his/P eight/C years/N in/I office/N ./.
_OOV_/N forces/N play/V down/I any/D differences/J with/I Mr./N _OOV_/N ,/, but/C this/D history/J makes/N it/R harder/J for/I the/D conservative/J to/T run/V against/I government/N ./.
Mr./N _OOV_/N 's/P free-market/J plan/N to/T bring/V down/I auto/N insurance/N rates/N met/V criticism/N from/I Gov./N _OOV_/N 's/P own/J insurance/N commissioner/N ./.
Mr./N _OOV_/N is/V further/V hobbled/I by/I a/D record/N of/I votes/N opposed/V to/T government/V regulation/N on/I behalf/N of/I consumers/N ./.
_OOV_/N in/I Spanish/N from/I his/P days/N in/I the/D Peace/N _OOV_/N ,/, Mr./N _OOV_/N actively/J courts/N minority/J voters/N but/C seems/J oddly/N over/I his/P head/N ./.
He/P is/V warm/J and/C polished/N before/I a/D Puerto/N _OOV_/N Congress/N in/I _OOV_/N Park/N ./.
Yet/R minutes/V after/I promising/V to/T appoint/V _OOV_/N to/T high/J posts/N in/I state/J government/N ,/, he/P is/V unable/V to/T say/V whether/I he/P has/V ever/V employed/J any/N in/I his/P congressional/J office/N ./.
``/` I/P do/V n't/R think/V we/P do/V now/R ,/, ''/' he/P says/V ./.
``/` I/P think/V we/P did/V ./. ''/'
Asked/V the/D same/J question/N after/I his/P appearance/N ,/, Democrat/N _OOV_/N identifies/V a/D staff/J member/N by/I name/N and/C explains/V her/P whereabouts/V today/J ./.
When/I he/P is/V presented/V with/I a/D poster/N celebrating/V the/D organization/N 's/P 20th/N anniversary/N ,/, he/P recognizes/V a/D photograph/N of/I one/C of/I the/D founders/J and/C recalls/V time/J spent/N together/N in/I _OOV_/N ./.
Details/N and/C _OOV_/N are/V essential/J _OOV_/N ./.
_OOV_/N to/T Congress/N as/I a/D ``/N Watergate/N baby/N ''/' in/I 1974/N ,/, he/P ran/V for/I governor/N three/C years/N later/V ./.
In/I the/D opinion/N of/I many/J ,/, he/P has/V n't/R stopped/V running/J since/N ,/, even/R though/V he/P declined/V a/D rematch/N with/I Gov./N _OOV_/N in/I 1985/N ./.
His/D base/N in/I South/N Jersey/N and/C on/I the/D House/N Energy/N and/C Commerce/N Committee/N helped/V him/P sustain/V a/D network/N of/I _OOV_/N committees/N to/T preserve/V his/P edge/N ./.
With/N limited/V budgets/N for/I television/N in/I a/D high-priced/J market/N ,/, Mr./N _OOV_/N 's/P higher/J recognition/N than/I his/P rival/N is/V a/D major/J advantage/N ./.
More/N than/I ever/N ,/, his/P _OOV_/N and/C _OOV_/J record/N is/V in/I sync/N with/I the/D state/N ./.
Auto/J insurance/N rates/N are/V soaring/V ./.
A/D _OOV_/N fire/V destroyed/J part/N of/I an/D interstate/N highway/N this/D summer/N ./.
In/I _OOV_/N ,/, an/D important/J swing/J area/N ,/, Republican/N _OOV_/N now/J run/N on/I a/D slogan/N promising/V to/T keep/V the/D county/N ``/N clean/N and/C green/N ./. ''/'
Mr./N _OOV_/N _OOV_/V this/D vindication/N ,/, but/C at/I age/N 52/C ,/, the/D congressman/N is/V also/R a/D product/N of/I his/P times/J and/C losses/N ./.
He/P speaks/V for/I the/D death/J penalty/N as/I if/D reading/N from/I _OOV_/N 21/N ;/: to/T increase/V state/J revenue/N he/P focuses/N not/V on/I ``/J taxes/N ''/' but/C on/I ``/N audits/N ''/' to/T cut/V waste/N ./.
_OOV_/N consultants/N match/V ads/N with/I Mr./N _OOV_/N 's/P team/N ,/, and/C Mr./N _OOV_/N _OOV_/N himself/V as/I the/D lean/N ,/, mean/P Democratic/N fighting/I machine/N of/I the/D 1990s/N ./.
_OOV_/N to/T a/D young/J audience/N ,/, he/P scraps/V an/D old/J reference/N to/T _OOV_/N and/C _OOV_/N and/C instead/R quotes/V the/D _OOV_/N _OOV_/N ./.
The/D lyric/J chosen/N --/: ``/` long/R strange/J night/N ''/' --/: may/M be/V an/D apt/N footnote/V to/T television/J spots/N by/I both/D candidates/N intended/I to/T portray/V each/D other/J as/I a/D liar/N ./.
The/D Democratic/N lawmaker/N fits/V a/D pattern/N of/I younger/N reformers/I arising/N out/I of/I old/J machines/N ,/, but/C his/P ties/J to/T _OOV_/N remain/T a/D sore/N point/V because/I of/I the/D county/N 's/P past/J corruption/N ./.
His/P campaign/J hierarchy/N is/V chosen/R from/I elsewhere/N in/I the/D state/N ,/, and/C faced/V with/I criticism/N of/I a/D sweetheart/N bank/N investment/N ,/, he/P has/V so/R far/R blunted/V the/D issue/N by/I donating/V the/D bulk/N of/I his/P profits/N to/T his/P alma/N mater/N ,/, _OOV_/N State/N College/N ./.
Mr./N _OOV_/N 's/P _OOV_/N on/I the/D abortion/N issue/V after/I the/D Webster/N ruling/I divides/N some/N of/I his/P old/J constituency/N ./.
_OOV_/N _OOV_/N ,/, an/D unlikely/V but/R enthusiastic/V pipe/J major/N in/I an/D _OOV_/N County/N Irish/N bagpipe/J band/N ,/, speaks/V sadly/V of/I Mr./N _OOV_/N ./.
``/` I/P am/V a/D devout/N _OOV_/N ,/, ''/' says/V Mr./N _OOV_/N ,/, a/D 40-year-old/J health/N officer/N ./.
``/` I/P ca/V n't/R support/V him/P because/V of/I abortion/N ./. ''/'
Bill/N _OOV_/N Sr./N ,/, 72/N ,/, is/V _OOV_/` too/P ,/, but/C _OOV_/N by/I Mr./N _OOV_/N 's/V stand/R on/I abortion/N ./.
A/D security/N guard/V at/I a/D cargo/N terminal/N ,/, he/P wears/V a/D Sons/N of/I Italy/N jacket/N and/C cap/N celebrating/V ``/` The/D US/N 1/N _OOV_/N ./. ''/'
``/` I/P still/V think/V the/D woman/N has/V the/D right/N to/T do/V with/I her/P body/V as/I she/P pleases/N ,/, ''/' he/P says/V ./.
``/` If/I you/P want/V more/J opinions/N ask/V my/P wife/N ./.
She/P has/V lots/N of/I opinions/N ./.
Consumer/N prices/N rose/V a/D surprisingly/N moderate/V 0.2/C %/N in/I September/N ,/, pushed/I up/R mostly/J by/I a/D jump/N in/I clothing/J costs/N ,/, the/D Labor/N Department/N reported/N ./.
Energy/N costs/N ,/, which/W drove/V wholesale/N prices/N up/V sharply/R during/V the/D month/N ,/, continued/V to/T decline/V at/I the/D retail/N level/N ,/, pulling/V down/I transportation/N and/C helping/V to/T ease/V housing/J costs/N ./.
The/D report/N was/V the/D brightest/J news/N the/D financial/J markets/N had/V seen/V since/V before/I the/D stock/N market/N plunged/V more/J than/I 190/C points/J last/J Friday/N ./.
The/D Dow/N Jones/N Industrial/N Average/N rallied/V on/I the/D news/N ,/, closing/V _OOV_/C points/J higher/N at/I _OOV_/C ./.
Bond/J prices/N also/R jumped/V as/I traders/J appeared/N to/T read/V the/D data/N as/I a/D sign/N that/I interest/J rates/N may/M fall/V ./.
But/C many/J economists/N were/V not/R nearly/V as/I jubilant/N ./.
The/D climb/N in/I wholesale/N energy/N prices/N is/V certain/V to/T push/V up/I retail/N energy/N prices/N in/I the/D next/J few/J months/N ,/, they/P warned/V ./.
They/P also/R said/V the/D dollar/N is/V leveling/V off/R after/I a/D rise/J this/D summer/N that/W helped/V to/T reduce/V the/D prices/N of/I imported/J goods/N ./.
``/` I/P think/V inflation/N is/V going/V to/T pick/V up/R through/I the/D fall/N ,/, ''/' said/V Joel/N _OOV_/N ,/, a/D specialist/N on/I inflation/N who/W runs/V an/D economic/J consulting/N firm/N here/R ./.
``/` It/P has/V been/V in/I what/N I/P would/M describe/V as/I a/D lull/N for/I the/D past/J several/J months/N ./. ''/'
``/` We/P 've/V had/V _OOV_/J declines/N in/I consumer/N energy/N prices/N in/I each/N of/I the/D past/J three/C months/N ,/, and/C at/I the/D wholesale/N level/N those/W are/V fully/V behind/J us/N now/R ,/, ''/' said/V Jay/N _OOV_/N ,/, chief/J domestic/N economist/N at/I Bankers/N Trust/N Co./N in/I New/N York/N ./.
Because/R wholesale/V energy/J prices/N shot/V up/R by/I a/D steep/J 6.5/C %/N last/J month/N ,/, many/J analysts/N expected/V energy/J prices/N to/T rise/V at/I the/D consumer/N level/N too/V ./.
As/I a/D result/N ,/, many/J economists/N were/V expecting/V the/D consumer/N price/N index/V to/T increase/V significantly/J more/J than/I it/P did/V ./.
But/C retail/V energy/I prices/N declined/V 0.9/C %/N in/I September/N ./.
Though/D analysts/N say/V competition/V will/P probably/V hold/T down/V increases/N in/I retail/N energy/N prices/N ,/, many/V expect/R some/V of/I the/D wholesale/N rise/J to/T be/V passed/V along/R to/T the/D consumer/N before/I the/D end/N of/I the/D year/N ./.
Still/R ,/, some/D analysts/N insisted/V that/I the/D worst/N of/I the/D inflation/N is/V behind/R ./.
``/` It/P increasingly/V appears/J that/I _OOV_/N was/V a/D temporary/V inflation/J _OOV_/N and/C not/V the/D beginning/N of/I a/D cyclical/J inflation/N problem/N ,/, ''/' argued/V Edward/N _OOV_/N ,/, chief/J economist/N at/I Prudential-Bache/N Securities/N Inc./N in/I New/N York/N ./.
In/I both/D 1987/N and/C 1988/N ,/, consumer/N prices/N rose/V _OOV_/C %/N ./.
A/D run-up/N in/I world/J oil/N prices/N last/J winter/N sent/V consumer/N prices/N soaring/V at/I a/D _OOV_/N %/N annual/N rate/N in/I the/D first/J five/C months/N of/I this/D year/N ,/, but/C the/D subsequent/J decline/N in/I energy/J prices/N has/V pulled/V the/D annual/J rate/N back/R down/I to/T _OOV_/C %/N ./.
Mr./N _OOV_/N predicted/V that/I world/J business/N competition/V will/P continue/V to/T restrain/V prices/N ./.
``/` The/D bottom/J line/N is/V ,/, it/P seems/V to/T me/V that/I the/D economic/J environment/N has/V become/V very/R ,/, very/R _OOV_/J for/I a/D lot/N of/I businesses/N ,/, ''/' he/P said/V ./.
``/N Back/N in/I _OOV_/N ,/, business/N was/V operating/V at/I fairly/J tight/N capacity/N ,/, so/P businesses/N felt/V they/P could/M raise/V prices/N ./. ''/'
Now/R ,/, he/P said/V ,/, a/D slowdown/N in/I economic/J activity/N has/V _OOV_/J demand/N ./.
The/D mild/J inflation/N figures/R renewed/V investors/V '/P hopes/V that/I the/D Federal/N Reserve/N will/M ease/V its/P interest-rate/J stance/N ./.
The/D steep/J climb/N in/I producer/N prices/N reported/V last/J Friday/N fostered/J pessimism/N about/I lower/J interest/N rates/N and/C contributed/V to/T the/D stock/N market/N 's/P 6.9/N %/N plunge/N that/I day/N ./.
In/I the/D past/J several/J days/N ,/, however/V ,/, the/D U.S./N 's/P central/J bank/N has/V allowed/V a/D key/J interest/N rate/V to/T fall/V slightly/N to/T try/V to/T stabilize/V the/D markets/N ./.
Analysts/N say/V Fed/J policy/N makers/N have/V been/V wary/V of/I relaxing/J credit/N too/V much/R because/I they/P were/V still/R uncertain/J about/I the/D level/N of/I inflation/N in/I the/D economy/N ./.
Excluding/V the/D volatile/J categories/N of/I energy/N and/C food/N --/: leaving/V what/V some/D economists/N call/V the/D core/J inflation/N rate/N --/: consumer/N prices/N still/V rose/V only/R 0.2/C %/N in/I September/N ./.
Transportation/J costs/N actually/R fell/V 0.5/C %/N ,/, and/C housing/N costs/N gained/I only/R 0.1/C %/N ./.
Apparel/J prices/N _OOV_/C up/R 1.7/C %/N ,/, but/C that/W was/V after/I three/C months/N of/I declines/N ./.
Medical/N costs/N continued/V their/P steep/J ascent/N ,/, rising/V _OOV_/C %/N after/I four/C consecutive/J months/N of/I 0.7/C %/N increases/N ./.
Car/J prices/N ,/, another/D area/N that/I contributed/J to/T the/D steep/J rise/N in/I the/D wholesale/N index/V last/J month/N ,/, still/V showed/J declines/N at/I the/D consumer/N level/N ./.
They/P dropped/V _OOV_/C %/N as/I dealers/N continued/V to/T offer/V rebates/N to/T attract/V customers/N ./.
Food/J prices/N rose/V 0.2/C %/N for/I the/D second/J month/N in/I a/D row/N ,/, far/R slower/J than/I the/D monthly/J rises/N earlier/R in/I the/D year/N ./.
Separately/N ,/, the/D Labor/N Department/N reported/V that/D average/N weekly/J earnings/N rose/V 0.3/C %/N in/I September/N ,/, after/V adjusting/J for/I inflation/N ,/, following/V a/D 0.7/N %/N decline/N in/I August/N ./.
All/I the/D numbers/N are/V adjusted/V for/I seasonal/J fluctuations/N ./.
Here/R are/V the/D seasonally/J adjusted/J changes/N in/I the/D components/N of/I the/D Labor/N Department/N 's/P consumer/N price/N index/V for/I September/N ./.
After/P watching/N interest/N in/I the/D sport/J plummet/N for/I years/N ,/, the/D ski/J industry/N is/V trying/V to/T give/V itself/V a/D lift/N ./.
_OOV_/V the/D country/N ,/, resorts/N are/V using/J everything/N from/I fireworks/N to/T _OOV_/N concerts/N to/T attract/V new/J customers/N ./.
Some/R have/V built/J health/N _OOV_/N ,/, business/N centers/N and/C shopping/J villages/N so/P visitors/N have/V more/J to/T do/V than/I ski/N ./.
And/C this/D week/N ,/, the/D industry/N 's/P efforts/N will/M go/V national/J for/I the/D first/J time/N when/W it/R unveils/V a/D $/$ 7/C million/C advertising/N campaign/V ./.
Such/J efforts/N --/: unheard/V of/I only/R a/D few/J years/N ago/I --/: are/V the/D latest/J attempts/N to/T revive/V the/D sagging/N $/$ 1.76/C billion/C U.S./J ski/N industry/N ./.
Since/I the/D start/N of/I the/D decade/N ,/, _OOV_/N sales/N have/V grown/R only/R 3/C %/N a/D year/N on/I average/N ,/, compared/V with/I 16/C %/N annual/J growth/N rates/N in/I the/D _OOV_/N and/C _OOV_/N ./.
Last/J season/N ,/, _OOV_/N sales/N fell/V for/I the/D first/J time/N in/I seven/C years/N ./.
By/I some/D estimates/N ,/, nearly/I a/D fourth/N of/I all/D U.S./N ski/N areas/N have/V been/V forced/V to/T shut/V down/R since/I the/D early/J _OOV_/C ./.
Competition/N and/C mounting/J insurance/N and/C equipment/N costs/N have/V been/V the/D undoing/N of/I many/J resorts/N ./.
But/C another/D big/J problem/N has/V been/V the/D aging/N of/I baby/J boomers/N ./.
_OOV_/N ,/, after/I all/D ,/, has/V mainly/R been/V for/I the/D young/N and/C daring/V and/C many/J baby/N boomers/N have/V outgrown/J skiing/N or/C have/V too/V many/J family/N responsibilities/N to/T stick/V with/I the/D sport/N ./.
In/I its/P new/J ad/J campaign/N ,/, created/V by/I _OOV_/N _OOV_/N _OOV_/N &/C _OOV_/N Inc./N ,/, Chicago/N ,/, the/D ski/J industry/N is/V trying/V to/T change/V its/P image/N as/I a/D sport/J primarily/N for/I young/J white/N people/N ./.
One/I _OOV_/N TV/: spot/N features/V a/D diverse/J group/N of/I skiers/N gracefully/I gliding/N down/I _OOV_/N slopes/N :/: senior/J citizens/N ,/, minorities/N ,/, families/V with/I children/N --/: even/V a/D blind/J skier/N ./.
``/N _OOV_/N school/N is/V great/R ,/, ''/' cries/V out/I a/D tot/N ,/, bundled/N in/I a/D _OOV_/N as/I he/P plows/V down/I a/D bunny/J slope/N ./.
``/N You/V 'll/P never/V _OOV_/` you/P try/V ,/, ''/' says/V a/D black/J skier/N ./.
``/N We/, used/V to/T show/V some/D _OOV_/N skier/N in/I his/P twenties/V or/C thirties/R going/V over/I the/D edge/N of/I a/D cliff/N ,/, ''/' says/V _OOV_/N _OOV_/N ,/, a/D spokeswoman/N for/I the/D United/N _OOV_/N Industries/N Association/N ,/, the/D trade/N group/N sponsoring/V the/D campaign/N ./.
_OOV_/J promotions/N have/V traditionally/R avoided/V the/D touchy/N issue/N of/I safety/N ./.
But/C the/D new/J commercials/N deal/V with/I it/P indirectly/V by/I showing/N a/D woman/N smiling/V as/I she/P tries/V to/T get/V up/R from/I a/D fall/N ./.
``/` We/P wanted/V to/T show/V it/P 's/V okay/V if/I you/P fall/V ,/, ''/' says/V Ms./N _OOV_/N ./.
``/` Most/J people/N think/V if/I you/P slip/V ,/, you/P 'll/V wind/J up/N in/I a/D body/J cast/N ./. ''/'
The/D ad/J campaign/N represents/V an/D unusual/J spirit/N of/I cooperation/N among/J resorts/N and/C ski/J equipment/N makers/N ;/: normally/R ,/, they/P only/R run/J ads/N hyping/N their/P own/V products/N and/C facilities/N ./.
But/C in/I these/D crunch/J times/N for/I the/D ski/J industry/N ,/, some/D resorts/N ,/, such/J as/I the/D _OOV_/N Fire/N ,/, Red/N River/N and/C _OOV_/N ski/N areas/N in/I New/N Mexico/N ,/, have/V even/R started/V _OOV_/J skiers/N to/T each/D other/J 's/J slopes/N and/C next/J year/N plan/V to/T sell/V tickets/N good/V for/I all/D local/J lifts/N ./.
Many/J resorts/N also/R are/V focusing/J more/J on/I the/D service/J side/N of/I their/P business/N ./.
Since/I 40/C %/N of/I skiers/N are/V parents/P ,/, many/J slopes/N are/V building/V nurseries/N ,/, expanding/J ski/J schools/N and/C adding/J entertainment/N for/I kids/N ./.
_OOV_/N ,/, Colo./N ,/, now/R has/V a/D _OOV_/N that/W looks/V like/R an/D old/J mining/J town/N ;/: kids/V can/D ski/N through/I and/C pan/N for/I fool/N 's/P gold/N ./.
For/D $/$ 15/C ,/, they/P can/M enjoy/V their/P own/V nightly/J entertainment/N ,/, with/I dinner/N ,/, without/M mom/V and/C dad/N ./.
A/D few/J years/N ago/R ,/, parents/N usually/M had/V to/T hire/V a/D sitter/N or/C take/M turns/V skiing/N while/V one/C spouse/N stayed/V with/I the/D children/N ./.
``/` Most/J parents/N who/W had/V to/T go/V through/I that/W never/V came/V back/R ,/, ''/' says/V Michael/N _OOV_/N ,/, president/N of/I _OOV_/N Associates/N Inc./N ,/, which/W owns/N and/C operates/N the/D _OOV_/N and/C nearby/N Beaver/N _OOV_/N resorts/N ./.
To/D make/N skiing/V more/J convenient/N for/I _OOV_/J visitors/N ,/, several/J resorts/N are/V buying/N or/C starting/V their/P own/V travel/J agencies/N ./.
In/I one/C phone/N call/V ,/, ski/N buffs/N can/M make/V hotel/N and/C restaurant/J reservations/N ,/, buy/V lift/J tickets/N ,/, rent/V ski/N equipment/N and/C sign/J up/N for/I lessons/N ./.
And/C resorts/N are/V adding/V other/J amenities/N ,/, such/J as/I pricey/N restaurants/N ,/, health/N _OOV_/N and/C vacation/N packages/N with/I a/D twist/N ./.
During/N _OOV_/N Carnival/N week/N ,/, for/I example/N ,/, visitors/V at/I Sunday/N River/N in/I Maine/N can/M take/V a/D _OOV_/J balloon/N ride/N ./.
``/` People/D these/J days/N want/P something/V else/R to/T do/V besides/J ski/N and/C sit/V in/I the/D bar/N ,/, ''/' says/V Don/N _OOV_/N ,/, executive/J director/N of/I _OOV_/N Fire/N ,/, _OOV_/N 's/P Chamber/N of/I Commerce/N ./.
The/D ski/J industry/N hopes/V to/T increase/V the/D number/N of/I skiers/N by/I 3.5/C million/C to/T about/V _OOV_/C million/C in/I the/D next/J five/C years/N with/I its/P latest/J ads/N and/C promotions/N ./.
But/C some/D think/J that/W 's/V being/R overly/J optimistic/N ./.
For/D one/C thing/N ,/, it/P may/M be/V tough/V to/T attract/V people/N because/I skiing/N is/V still/R expensive/R :/: a/D lift/N ticket/V can/D cost/N up/V to/T $/$ 35/C a/D day/N and/C equipment/N prices/N are/V rising/V ./.
And/C most/J _OOV_/N still/R prefer/V a/D warm/J climate/N for/I their/P winter/N excursions/N ./.
An/D American/N Express/N Co./N survey/N of/I its/P travel/J agents/N revealed/V that/I only/R 34/C %/N believe/V their/P clients/N will/M pick/V a/D trip/N this/D winter/N based/V on/I the/D availability/N of/I winter/N sports/R ,/, as/I opposed/N to/T 69/C %/N who/W think/V that/I _OOV_/J sports/N will/M be/V the/D deciding/J factor/N ./.
``/N Even/V if/I they/P could/M bring/V in/I that/D many/J new/J skiers/N ,/, I/P do/V n't/R know/V if/I -LCB-/` the/D industry/N -RCB-/N could/M handle/V that/D kind/N of/I an/D increase/N ,/, ''/' says/V _OOV_/N William/N Berry/N ,/, editor/N and/C publisher/N of/I the/D _OOV_/N Industry/N Letter/N in/I _OOV_/N ,/, _OOV_/N ./.
``/` Most/J people/N will/M come/V on/I the/D weekend/N ,/, the/D slopes/N will/M be/V overcrowded/V and/C then/V these/D -LCB-/J new/J skiers/J -RCB-/N wo/M n't/R come/V back/R ./.
They/P did/V n't/R play/V the/D third/J game/N of/I the/D World/N Series/N on/I Tuesday/N night/N as/I scheduled/N ,/, and/C they/P did/V n't/R play/V it/R on/I Wednesday/N or/C Thursday/N either/V ./.
But/C you/P knew/V that/W ,/, did/V n't/R you/V ?/.
They/P are/V supposed/V to/T play/V the/D game/N next/J Tuesday/N ,/, in/I _OOV_/N Park/N here/N ./.
The/D theory/N is/V that/I the/D stadium/N ,/, damaged/V by/I Tuesday/N 's/P earthquake/N ,/, will/M be/V repaired/V by/I then/N ,/, and/C that/D people/N will/M be/V able/J to/T get/V there/R ./.
Like/R just/V about/R everything/V else/R ,/, that/W remains/V to/T be/V seen/J ./.
_OOV_/N could/M intervene/V ./.
But/C ,/, at/I least/N ,/, the/D law/N of/I averages/N should/M have/V swung/V to/T the/D favorable/J side/N ./.
It/P may/M seem/V trivial/V to/T worry/V about/I the/D World/N Series/N amid/V the/D destruction/J to/T the/D Bay/N Area/N wrought/V by/I Tuesday/N 's/P quake/N ,/, but/C the/D name/N of/I this/D column/N is/V ``/C On/N Sports/N ,/, ''/' so/P I/P feel/V obliged/N to/T do/V so/P ./.
You/P might/M be/V interested/V to/T know/V that/I baseball/N ,/, not/D survival/N ,/, appeared/V to/T be/V the/D first/J thought/N of/I most/J of/I the/D crowd/N of/I _OOV_/N that/W had/V gathered/V at/I _OOV_/N at/I _OOV_/N p.m./N Tuesday/N ,/, a/D half-hour/N before/I game/V time/J ,/, when/W the/D quake/N struck/V ./.
As/P soon/V as/I the/D tremor/J passed/N ,/, many/J people/N spontaneously/V arose/I and/C cheered/N ,/, as/R though/V it/P had/V been/V a/D novel/N kind/N of/I _OOV_/N show/N ./.
One/J fan/N ,/, seated/V several/J rows/N in/I front/N of/I the/D open/N ,/, _OOV_/N auxiliary/J press/N section/N where/W I/P was/V stationed/N ,/, faced/V the/D assembled/J _OOV_/N and/C _OOV_/N shouted/V ,/, ``/N We/, arranged/V that/I just/R for/I you/P guys/M ''/' I/P thought/V and/J ,/, I/P 'm/V sure/R ,/, others/V did/R :/: ``/N You/P should/M n't/R have/V bothered/D ./. ''/'
I/P 'd/M slept/V through/I my/P only/R previous/J brush/N with/I natural/J disaster/N ,/, a/D tornado/N 15/N or/C so/R summers/J ago/N near/I _OOV_/C City/N ,/, Mich./N ,/, so/P I/P was/V unprepared/V for/I one/C reaction/N to/T such/J things/N :/: the/D urge/N to/T talk/V about/I them/P ./.
Perhaps/P primed/V by/I the/D daily/N diet/N of/I radio/N and/C TV/: reporters/V thrusting/V microphones/V into/I people/N 's/P faces/N and/C asking/V how/V they/P ``/N feel/V ''/' about/I one/C calamity/N or/C another/N ,/, fellow/V reporters/N and/C civilians/N who/W spied/V my/P press/N _OOV_/N were/V eager/V to/T chat/N ./.
``/` It/P felt/V like/V I/P was/V on/I a/D station/N platform/N and/C a/D train/N went/V by/I ,/, ''/' said/V one/C man/N ,/, describing/V my/P own/V reaction/N ./.
A/D women/N said/V she/P saw/V the/D park/N 's/P light/J standards/N sway/V ./.
A/D man/N said/V he/P saw/V the/D upper/J rim/N _OOV_/C ./.
I/P saw/V neither/R ./.
_OOV_/N of/I good/J sense/N to/T the/D contrary/N not/M withstanding/V ,/, the/D general/J inclination/N was/V to/T believe/V that/I the/D disturbance/N would/M be/V brief/V and/C that/I ball/N would/M be/V played/V ./.
``/` I/P was/V near/I the/D top/N of/I the/D stadium/N ,/, and/C saw/V a/D steel/J _OOV_/` bow/R six/C feet/N from/I where/D I/J sat/N ,/, but/C I/P stayed/V put/V for/I 10/N or/C 15/J minutes/N ,/, ''/' confessed/V a/D friend/N ./.
``/` I/P guess/V I/P thought/V ,/, `/N This/N is/V the/D World/N Series/N and/C I/P 'm/V not/R gon/V na/N wimp/V out/R '/. ''/'
Here/R in/I the/D Global/N _OOV_/N ,/, though/R ,/, folks/M do/V not/R stay/V uninformed/V for/I long/J ./.
_OOV_/J power/N was/V out/R in/I _OOV_/N _OOV_/N Park/N ,/, but/C _OOV_/C radios/N and/C television/J sets/N were/I plentiful/N ./.
Within/I a/D few/J minutes/N ,/, the/D true/N extent/I of/I the/D catastrophe/N was/V becoming/V clear/P ./.
Its/I _OOV_/N _OOV_/N measurement/N was/V reported/V as/I 6.5/N ,/, then/V 6.9/N ,/, then/V _OOV_/N ./.
A/D section/N of/I the/D Bay/N Bridge/N had/V collapsed/V ,/, as/R had/V a/D part/N of/I Interstate/N Highway/N 880/N in/I _OOV_/N ./.
People/D had/J died/N ./.
At/I _OOV_/N p.m./N ,/, scheduled/N game/V time/R having/V passed/V ,/, some/D fans/N chanted/V ``/N Let/V 's/P Play/N Ball/N ./. ''/'
No/D longer/J innocent/N ,/, they/P qualified/V as/D fools/N ./.
The/D stadium/N was/V ordered/V evacuated/N soon/V afterward/V ;/: the/D announcement/N ,/, made/V over/I police/J _OOV_/N ,/, cited/V the/D power/N outage/N ,/, but/C it/P later/V was/V revealed/V that/I there/E also/R had/V been/V damage/V of/I the/D sort/J reported/N by/I my/P friend/N ./.
Outside/N ,/, I/P spotted/V two/C young/N men/W _OOV_/J blocks/N of/I concrete/J ./.
``/N _OOV_/N of/I _OOV_/N ,/, ''/' they/P said/V ./.
The/D crowd/N remained/V good/V natured/J ,/, even/J bemused/N ./.
TV/J reporters/N interviewed/V fans/N in/I the/D parking/J lots/N while/V ,/, a/D few/J feet/N away/R ,/, others/N watched/V the/D interviews/N on/I their/P portable/N TVs/N ./.
The/D only/R frenzy/V I/P saw/V was/V commercial/N :/: _OOV_/N selling/V World/N Series/N commemorative/V stamps/N and/C dated/N _OOV_/N were/V besieged/V by/I fledgling/J speculators/N who/W saw/V future/J profit/N in/I the/D items/N ./.
The/D traffic/N jam/V out/I of/I the/D park/N was/V monumental/V ./.
It/P took/V me/V a/D half-hour/N to/T move/V 10/J feet/N from/I my/P parking/N spot/N in/I an/D outer/N lot/V to/T an/D aisle/N ,/, and/C an/D additional/J hour/N to/T reach/V an/D inner/J roadway/N a/D _OOV_/` away/R ./.
The/D _OOV_/N trip/V to/T my/P airport/N hotel/N that/W had/V taken/I 20/N minutes/V earlier/J in/I the/D day/N took/V more/J than/I three/C hours/N ./.
At/I my/P hotel/N ,/, the/D _OOV_/N ,/, power/N was/V out/R ,/, some/D interior/J plaster/N had/V broken/V loose/R and/C there/E had/V been/V water/J damage/N ,/, but/C little/V else/R ./.
With/N _OOV_/N randomness/N ,/, a/D hotel/N across/V the/D street/N ,/, the/D _OOV_/N ,/, had/V been/V hit/J harder/N :/: A/D large/J sheet/N of/I its/P concrete/J facade/N and/C several/J window/N _OOV_/N were/V torn/V away/R ./.
The/D _OOV_/N staff/N had/V ,/, kindly/V ,/, set/V out/I lighted/N candles/V in/I the/D ballroom/N ,/, prepared/V a/D _OOV_/J buffet/N and/C passed/V around/J pillows/N and/C blankets/N ./.
I/P fell/V asleep/V on/I the/D lobby/J floor/N ,/, next/V to/T a/D man/N wearing/V a/D Chicago/N _OOV_/N jacket/N ./.
I/P expected/V him/P to/T say/V ,/, ``/N I/P told/V you/P so/P ,/, ''/' but/C he/P already/V was/V snoring/N ./.
The/D journalistic/J consensus/N was/V that/I the/D earthquake/N made/V the/D World/N Series/N seem/V unimportant/W ./.
My/J response/N was/V that/V sports/V rarely/R are/V important/J ,/, only/R diverting/V ,/, and/C the/D quake/J merely/N highlighted/I that/W fact/V ./.
Should/I the/D rest/N of/I the/D Series/N be/M played/V at/I all/D ?/.
The/D quake/N and/C baseball/N were/V n't/R related/J ,/, unlike/V the/D massacre/N of/I athletes/N that/W attended/V the/D 1972/N _OOV_/N ./.
That/W heavily/V politicized/J event/N learned/V nothing/R from/I the/D horrifying/J experience/N ,/, and/C seems/R doomed/V to/T repeat/V it/P ./.
Two/N _OOV_/N _OOV_/N ./.
This/D has/N been/V widely/R dubbed/V the/D BART/N Series/N ,/, after/I the/D local/J subway/N line/N ,/, and/C the/D Bay/N Bridge/N Series/N ./.
_OOV_/J fly/N at/I _OOV_/N for/I the/D death/N of/I _OOV_/N _OOV_/N ,/, the/D late/J baseball/N commissioner/N ,/, and/C now/I the/D Bay/N Bridge/N lies/N in/I ruins/J ./.
A/D Series/N that/W was/V shaping/V up/R as/I the/D _OOV_/N since/I the/D _OOV_/N _OOV_/N _OOV_/N go/V of/I 1984/N has/V become/J memorable/N in/I the/D least/N fortunate/M way/V ./.
Still/R ,/, its/P edge/N is/V lost/V ./.
It/P now/R will/M be/V played/V mostly/J for/I the/D record/N ,/, and/C should/M be/V wrapped/V up/R as/R quickly/J as/I possible/J ,/, without/T ``/C off/N ''/' days/N ./.
And/C I/P will/M never/V again/R complain/V about/I a/D _OOV_/N ./.
The/D disarray/N in/I the/D junk-bond/J market/N that/W began/V last/J month/N with/I a/D credit/N crunch/V at/I Campeau/N Corp./N has/V offered/V commercial/N banks/V a/D golden/J opportunity/N to/T play/V a/D greater/J role/N in/I financing/N _OOV_/N takeovers/N ./.
But/C two/C big/J New/N York/N banks/N seem/V to/T have/V kicked/V those/D chances/J away/N ,/, for/I the/D moment/N ,/, with/I the/D embarrassing/J failure/N of/I _OOV_/N and/C Chase/N Manhattan/N Corp./N to/T deliver/V $/$ 7.2/C billion/C in/I bank/J financing/N for/I a/D leveraged/J buy-out/N of/I United/N Airlines/N parent/N UAL/N Corp/N ./.
For/R more/J than/I a/D decade/N ,/, banks/N have/V been/V pressing/V Congress/N and/C banking/N regulators/N for/I expanded/J powers/N to/T act/V like/J securities/N firms/N in/I playing/J Wall/N Street/N 's/P lucrative/J takeover/N game/N ,/, from/I giving/P mergers/N advice/V all/D the/D way/J to/T selling/V and/C trading/J high-yield/N junk/N bonds/N ./.
Those/R expanded/V powers/R reached/V their/P zenith/N in/I July/N when/V Bankers/N Trust/N New/N York/N Corp./N provided/N mergers/N advice/N ,/, an/D equity/J investment/N and/C bank/J loans/N for/I the/D $/$ _OOV_/C billion/C leveraged/N buy-out/N of/I _OOV_/N Airlines/N parent/N _OOV_/N Inc/N ./.
One/N of/I the/D major/J selling/N points/J used/N by/I Los/N Angeles/N financier/N Alfred/N _OOV_/N in/I getting/V the/D takeover/N approved/N was/V that/I the/D deal/N did/V n't/R include/V any/D junk/N bonds/N ./.
That/W was/V seen/V as/I an/D advantage/N in/I lobbying/J airline/N employees/N and/C Washington/N regulators/N for/I approval/N of/I the/D contested/J takeover/N ./.
All/D $/$ _OOV_/C billion/C in/I debt/N for/I the/D deal/N was/V supplied/V by/I banks/N ./.
Charles/N _OOV_/N ,/, _OOV_/N of/I mergers/N and/C acquisitions/N at/I Salomon/N Brothers/N Inc./N ,/, says/V it/P is/V natural/J for/I banks/N to/T try/V to/T expand/V beyond/I their/P _OOV_/J business/N of/I providing/V senior/J debt/N for/I _OOV_/N ./.
But/C the/D UAL/J collapse/N ,/, he/P says/V ,/, ``/N may/M tell/V you/P it/P 's/V not/R going/V to/T work/V that/I easily/C ./. ''/'
David/N _OOV_/N ,/, a/D mergers/J adviser/N in/I La/N _OOV_/N ,/, Calif./N ,/, who/W aided/V Los/N Angeles/N investor/N Marvin/N Davis/N on/I the/D bids/N which/W put/V both/D UAL/N and/C _OOV_/N in/I play/N as/I takeover/N candidates/V this/D year/N ,/, says/V that/D banks/N have/V been/V ``/J preparing/N to/T play/V a/D larger/J and/C larger/R role/V in/I acquisition/N financing/N ./. ''/'
Mr./N _OOV_/N says/V that/I in/I the/D past/J ,/, banks/N would/M normally/V have/V loaned/V 65/C %/N of/I a/D total/N buy-out/C price/N ,/, with/I the/D loans/N secured/V by/I the/D target/N company/N 's/P assets/N ./.
Another/D 20/N %/N of/I the/D borrowed/J funds/N would/M come/V from/I the/D sale/N to/T investors/V of/I junk/N bonds/N ,/, which/W offer/V less/I security/N and/C typically/J carry/N higher/J yields/N than/R bank/J loans/N ./.
Mr./N _OOV_/N 's/P purchase/N of/I _OOV_/N ,/, Mr./N _OOV_/N notes/N ,/, ``/N was/V probably/V the/D most/J aggressive/N to/T date/N ,/, ''/' with/I bank/J debt/N at/I 85/C %/N of/I the/D purchase/N price/N ./.
But/C Mr./N _OOV_/N says/V that/I _OOV_/N 's/P ``/J failure/N to/T deliver/V ''/' on/I its/P promise/N to/T raise/V the/D UAL/N bank/N debt/N for/I a/D labor-management/N buy-out/N group/N ``/N is/V very/R distressing/V to/T potential/J users/N of/I a/D `/N _OOV_/N '/P letter/N from/I commercial/J banks/N ./. ''/'
His/P client/N ,/, Mr./N Davis/N ,/, used/V just/R such/V a/D letter/N from/I _OOV_/N in/I pursuing/N UAL/N ;/: _OOV_/N later/V agreed/V to/T work/V with/I a/D competing/N UAL/N buy-out/N group/N ./.
Executives/N of/I _OOV_/N and/C Chase/N Manhattan/N declined/V to/T comment/V on/I either/V the/D UAL/J situation/N ,/, or/C on/I the/D changing/J nature/N of/I banks/V '/P role/N in/I financing/J takeovers/N ./.
In/I the/D wake/N of/I Campeau/N 's/P problems/N ,/, prices/N of/I junk/N bonds/N tumbled/N ,/, throwing/R into/I doubt/V the/D ability/N of/I corporate/J _OOV_/N to/T finance/V large/J takeovers/N with/I the/D help/N of/I junk/N bond/N sales/N ./.
Mark/N _OOV_/N ,/, senior/J managing/N director/N at/I Manufacturers/N _OOV_/N Trust/N Co./N ,/, says/V the/D _OOV_/N in/I junk/N bonds/N may/M yet/V open/V new/J business/N opportunities/N to/T banks/V in/I structuring/N takeovers/V ./.
But/C he/P warns/V that/D banks/N will/M have/V ``/V to/T have/V enough/R discipline/J ''/' not/V to/T make/V loans/N that/W are/V too/P risky/V ./.
In/I fact/N ,/, Manufacturers/N _OOV_/N said/V in/I its/P third-quarter/J earnings/N report/N that/W fees/N from/I _OOV_/N loans/N to/T other/J banks/N dropped/V 48/C %/N ,/, to/T $/$ 21/C million/C ./.
``/` We/P did/V n't/R take/M part/V in/I a/D lot/N of/I deals/N because/I their/P credit/N quality/N was/V poor/V ,/, ''/' says/V a/D bank/J spokesman/N ./.
James/N B./N Lee/N ,/, head/N of/I _OOV_/N and/C private/J placements/N at/I Chemical/N Banking/N Corp./N ,/, said/V he/P believes/V banks/N can/M still/V make/V a/D credible/J offer/N of/I _OOV_/N shopping/N for/I takeover/N finance/N ./.
As/D evidence/N ,/, he/P cites/N yesterday/N 's/P arrangement/N for/I the/D final/J financing/N of/I a/D $/$ 3/C billion/C bid/N for/I American/N Medical/N International/N Inc./N in/I which/D Chemical/N served/N as/V both/I the/D lead/J bank/N and/C an/D equity/J investor/N ./.
Beyond/V the/D current/J weakness/N in/I the/D junk/N bond/N market/N ,/, banks/N have/V another/V advantage/R over/I investment/N banks/N in/I financing/N contested/V takeovers/J ./.
Arthur/N _OOV_/N Jr./N ,/, a/D takeover/N lawyer/N at/I Fried/N Frank/N Harris/N _OOV_/N &/C _OOV_/N ,/, notes/V that/I ``/` a/D political/N and/C emotional/J bias/N ''/' has/V developed/N against/I junk/N bonds/N ./.
One/D hostile/J bidder/N who/W deliberately/V avoided/J using/N junk/N bonds/N was/V Paramount/N Communications/N Inc./N in/I its/P initial/J offer/N to/T acquire/V Time/J Inc./N for/I $/$ _OOV_/C billion/C ,/, or/C $/$ 175/C a/D share/N ./.
A/D Paramount/N spokesman/N says/V that/I decision/N was/V based/V on/I the/D financial/N ,/, not/D political/N ,/, drawbacks/N of/I junk/N bonds/N ./.
But/C some/D observers/N believe/V Paramount/N Chairman/N Martin/N Davis/N wanted/V to/T avoid/V the/D possible/J taint/N of/I being/V perceived/J as/I a/D corporate/N raider/V in/I his/P controversial/N bid/V for/I Time/N ./.
In/I the/D end/N ,/, Mr./N Davis/N used/N junk/N bonds/N so/C that/I he/P could/M raise/V Paramount/N 's/P bid/V to/T $/$ 200/C a/D share/N ./.
Some/D _OOV_/N quarterbacks/N said/V the/D initial/J lower/J bid/N ,/, without/D junk/N bonds/N ,/, was/V a/D factor/N in/I his/P losing/V the/D company/N ./.
Time/R eluded/V Paramount/N by/I acquiring/J Warner/N Communications/N Inc/N ./.
The/D success/N of/I the/D _OOV_/J financing/N ,/, and/C the/D failure/N of/I the/D UAL/J deal/N ,/, also/R seem/V to/T highlight/V the/D important/J new/J role/N in/I takeover/N financing/N being/V played/V by/I Japanese/J banks/N ./.
Japanese/J banks/N accounted/N for/I 50/C %/N of/I the/D _OOV_/N bank/N debt/N ,/, according/V to/T a/D report/N by/I Transportation/N Secretary/N Samuel/N _OOV_/N ./.
But/C it/P was/V _OOV_/J rejection/N by/I Japanese/J banks/N that/W helped/V seal/V the/D fate/N of/I the/D attempt/N to/T buy/V UAL/N ./.
_OOV_/N and/C Chase/N are/V attempting/V to/T put/V together/V a/D new/J ,/, lower/J bid/N ./.
_OOV_/N _OOV_/N ,/, chief/J economist/N of/I the/D Institute/N for/I Financial/N Affairs/N Inc./N ,/, a/D Tokyo/J research/N center/V on/I finance/N and/C economics/N ,/, says/V ,/, ``/` The/D junk/N bond/N market/N became/V very/R _OOV_/N ,/, and/C there/E 's/V a/D fear/N of/I a/D coming/J recession/N and/C the/D possible/J bankruptcy/N of/I _OOV_/J companies/N ./.
_OOV_/N Inc./N filed/N suit/V in/I federal/J court/N here/R ,/, alleging/V that/I a/D group/N that/I holds/D _OOV_/N %/N of/I its/P stock/N made/V ``/J false/N ,/, deceptive/J and/C misleading/N ''/' statements/N in/I recent/J regulatory/J filings/N and/C public/J announcements/N ./.
_OOV_/N 's/P complaint/N claims/V that/I the/D group/N ,/, led/V by/I investor/N Malcolm/N _OOV_/N _OOV_/N ,/, violated/V securities/N laws/V by/I failing/N to/T disclose/V plans/N to/T purchase/V 15/N %/N of/I the/D company/N 's/P shares/J outstanding/N and/C that/W when/V the/D required/N Hart-Scott-Rodino/N filing/N eventually/V was/V made/V ,/, it/P did/V n't/R disclose/V the/D group/N 's/P alleged/N earlier/J violation/N of/I the/D so-called/N _OOV_/N requirements/N of/I the/D law/N ./.
Mr./N _OOV_/N could/M n't/R immediately/V be/V reached/V to/T comment/N ./.
But/C when/R _OOV_/C last/J week/N publicly/N questioned/V the/D legality/N of/I the/D group/N 's/P filing/N procedures/N ,/, the/D Rochester/N ,/, N.Y./N ,/, investor/N said/V ``/` we/P complied/V with/I every/J law/N ,/, ''/' and/C he/P denied/V any/D wrongdoing/N ./.
The/D _OOV_/N group/N said/V in/I a/D Securities/N and/C Exchange/N Commission/N filing/N in/I early/J October/N that/I it/P may/M seek/V a/D controlling/J interest/N in/I _OOV_/N ,/, or/C seek/V representation/V on/I the/D company/N 's/P board/N ./.
_OOV_/N has/V said/V it/P does/V n't/R intend/V to/T be/V acquired/V by/I the/D _OOV_/N group/N or/C any/V other/J party/N ./.
Inland/N Steel/N Industries/N Inc./N ,/, battered/V by/I lower/J volume/N and/C higher/J costs/N ,/, posted/V a/D 75/N %/N drop/V in/I third-quarter/J earnings/N ./.
The/D nation/N 's/P _OOV_/N steelmaker/N earned/V $/$ _OOV_/C million/C ,/, or/C 43/C cents/N a/D share/N ,/, compared/V with/I $/$ 61/C million/C ,/, or/C $/$ _OOV_/C a/D share/N ,/, a/D year/N earlier/R ,/, when/W the/D industry/N was/V enjoying/J peak/I demand/N and/C strong/J pricing/N ./.
Sales/N fell/V to/T $/$ _OOV_/C million/C from/I $/$ 1.02/C billion/C ./.
The/D earnings/N also/R mark/V a/D significant/J drop/N from/I the/D second/J quarter/N 's/P $/$ _OOV_/C million/C or/C $/$ 1.25/C a/D share/N ./.
Moreover/N ,/, the/D earnings/N were/V well/R below/J analysts/N '/' expectations/N of/I about/I $/$ _OOV_/C a/D share/N ./.
In/I composite/J trading/N on/I the/D New/N York/N Stock/N Exchange/N ,/, Inland/C closed/N yesterday/V at/I $/$ _OOV_/C a/D share/N ,/, down/I $/$ 1/C ./.
The/D company/N attributed/V the/D earnings/N drop/V to/T lower/V volume/J related/N to/T seasonal/J demand/N and/C the/D soft/J consumer/N durable/J market/N ,/, especially/R in/I the/D automotive/N sector/N ./.
However/R ,/, the/D company/N also/R lost/V orders/N because/I of/I prolonged/N labor/N talks/V in/I the/D second/J quarter/N ./.
Third-quarter/J shipments/N slipped/V 7/C %/N from/I the/D year-ago/J period/N ,/, and/C 17/C %/N from/I this/D year/N 's/P second/J quarter/N ./.
Profit/N of/I steel/J shipped/N for/I the/D company/N 's/P steel/J segment/N slid/V to/T $/$ 26/C a/D ton/N ,/, from/I $/$ 66/C a/D ton/N a/D year/N earlier/R and/C $/$ 57/C a/D ton/N a/D quarter/N earlier/R ./.
Analysts/N noted/V that/I the/D disappointing/N results/N do/V n't/R reflect/J lower/J prices/N for/I steel/J products/N ./.
Charles/N Bradford/N ,/, an/D analyst/N with/I Merrill/N Lynch/N Capital/N Markets/N ,/, said/V higher/J prices/N for/I galvanized/J and/C _OOV_/N products/N offset/V lower/J prices/N for/I bar/N ,/, _OOV_/N and/C structural/J steel/N ./.
Structural/N steel/N ,/, which/W primarily/J serves/N the/D construction/N market/N ,/, was/V especially/R hurt/V by/I a/D 15/N %/N price/N drop/R ,/, Mr./N Bradford/N said/V ./.
The/D company/N said/V its/P integrated/N steel/J sector/N was/V also/R hurt/V by/I higher/J raw/J material/N ,/, repair/N and/C maintenance/N ,/, and/C labor/J costs/N ./.
The/D increased/N labor/N costs/N became/I effective/J Aug./N 1/N under/I terms/N of/I the/D four-year/J labor/N agreement/N with/I the/D United/N _OOV_/N union/N ./.
Meanwhile/N ,/, the/D company/N 's/P service/J center/J segment/N ,/, which/W saw/V operating/V profit/N drop/V to/T $/$ 11.5/C million/C from/I $/$ _OOV_/C million/C a/D year/N ago/R ,/, experienced/V much/J of/I the/D same/J demand/N and/C cost/N problems/N ,/, as/I well/J as/I start-up/J costs/N associated/R with/I a/D coil/N processing/N facility/N in/I Chicago/N and/C an/D upgraded/N computer/N information/N system/N ./.
Inland/N Chairman/N Frank/N W./N _OOV_/N said/V the/D company/N 's/P short-term/N outlook/N is/V ``/N clouded/V by/I uncertainties/N in/I the/D economy/N and/C financial/J markets/N ./. ''/'
However/R ,/, he/P noted/V that/I steel/J mill/N bookings/N are/V up/R from/I early/J summer/N levels/N ,/, and/C that/I he/P expects/V the/D company/N to/T improve/V its/P cost/N performance/N in/I the/D fourth/J quarter/N ./.
In/I the/D first/J nine/C months/N ,/, profit/N was/V $/$ 113/C million/C ,/, or/C $/$ _OOV_/C a/D share/N ,/, on/I sales/N of/I $/$ _OOV_/C billion/C ,/, compared/V with/I $/$ _OOV_/C million/C ,/, or/C $/$ _OOV_/C a/D share/N ,/, on/I sales/N of/I $/$ _OOV_/C billion/C ,/, a/D year/N earlier/R ./.
The/D ``/J seismic/N ''/' activity/N of/I a/D financial/J market/N bears/V a/D resemblance/N to/T the/D seismic/N activity/N of/I the/D earth/N ./.
When/W things/V are/V quiet/R -LRB-/V low/J volatility/N -RRB-/N ,/, the/D structures/J on/I which/D markets/N stand/R can/M be/V relatively/J inefficient/N and/C still/J perform/N their/V functions/J adequately/N ./.
However/R ,/, when/V powerful/I forces/N start/R shaking/V the/D market/N 's/P structure/N ,/, the/D more/J ``/N _OOV_/N ''/' it/P is/V ,/, the/D better/N its/I chance/N for/I survival/N ./.
America/N 's/P financial/J markets/N do/V not/R yet/V have/V all/R the/D required/N modern/R features/J required/N to/T make/V them/P fully/J ``/N _OOV_/N ./. ''/'
Investors/J lack/N equal/V access/N to/T the/D markets/N '/P trading/N arena/V and/C its/P information/N ./.
That/D structural/J lack/N is/V crucial/V because/I investors/N are/V the/D only/J source/N of/I market/N liquidity/N ./.
And/C liquidity/N is/V what/J markets/N need/V to/T damp/V quakes/N and/C aftershocks/N ./.
In/I today/N 's/P markets/N ,/, specialists/J -LRB-/N on/I the/D New/N York/N Stock/N Exchange/N -RRB-/N and/C ``/N upstairs/N ''/' market/N makers/V -LRB-/N in/I the/D over-the-counter/J market/N -RRB-/N are/V the/D only/J market/N participants/V allowed/V to/T play/V a/D direct/J role/N in/I the/D _OOV_/J process/N ./.
When/I they/P halt/V trading/N ,/, all/D market/N liquidity/N is/V gone/V ./.
And/C when/V any/D component/N of/I the/D market/N --/: cash/N ,/, futures/N or/C options/N --/: loses/V liquidity/N ,/, the/D price/N discovery/N system/N -LRB-/V the/D way/J prices/N are/V determined/V -RRB-/N becomes/V flawed/N or/C is/V lost/V entirely/R for/I a/D time/J ./.
Last/N Friday/I the/D 13th/N -LRB-/N as/I well/J as/I two/C years/N ago/I this/D week/N -RRB-/C the/D markets/N became/I _OOV_/N ./.
When/I that/D happened/J ,/, ``/J seismic/N ''/' tremors/N of/I fear/N --/: much/R like/V the/D shock/J waves/N created/V by/I an/D earthquake/N --/: _OOV_/C through/I the/D market/N and/C increased/V the/D market/N 's/P volatility/N ./.
_OOV_/N of/I important/J ,/, needed/J information/N can/M cause/V fear/V ./.
_OOV_/N is/V the/D father/N of/I panic/N ./.
_OOV_/N frequently/V results/N in/I irrational/N behavior/V ./.
And/C in/I financial/J markets/N ,/, irrational/V behavior/N is/V sometimes/J translated/N into/I catastrophe/N ./.
When/P market/N tremors/V start/N ,/, it/P is/V crucial/V that/I as/R much/J information/N about/I transaction/N prices/N and/C the/D _OOV_/J curve/N -LRB-/C buy/N and/C sell/J orders/N at/I various/J prices/N -RRB-/N be/V made/J available/N to/T all/D ,/, not/M just/V to/T market/V makers/N ./.
Because/R of/I a/D lack/N of/I information/N and/C access/N ,/, many/J investors/N --/: including/V the/D very/J ones/J whose/J buying/N power/N could/M restore/V stability/N and/C damp/J volatility/N --/: are/V forced/V to/T stand/V on/I the/D sidelines/N when/I they/P are/V most/J needed/N ,/, because/I of/I their/P ignorance/N of/I important/J market/N information/N ./.
To/D add/J _OOV_/N power/V to/T America/N 's/P markets/N ,/, a/D modern/J ,/, electronic/J trading/N system/N should/M be/V implemented/V that/W permits/V equal/J access/N to/T the/D trading/N arena/V -LRB-/N and/C the/D information/N that/W would/M automatically/V accompany/J such/J access/N -RRB-/N by/I investors/N --/: particularly/J institutional/J investors/N ./.
_OOV_/N to/T some/D opinions/N ,/, the/D trading/J activities/N of/I specialists/N and/C other/J market/N makers/N do/V not/D provide/N liquidity/V to/T the/D market/N as/I a/D whole/J ./.
What/D market/N makers/N provide/N is/V immediacy/V ,/, a/D very/J valuable/J service/N ./.
_OOV_/N is/V not/R a/D service/N ./.
It/P is/V a/D market/N attribute/V --/: the/D ability/N to/T absorb/V selling/J orders/N without/T causing/V significant/J price/N changes/V in/I the/D absence/N of/I news/N ./.
Market/D makers/N buy/N what/V investors/N wish/V to/T sell/V ;/: their/P business/N is/V _OOV_/V these/D unwanted/N positions/I as/J quickly/N as/I possible/J to/T other/J investors/N ,/, and/C at/I a/D profit/N ./.
As/I a/D result/N ,/, while/V any/J one/C customer/N may/I purchase/N immediacy/V by/I selling/N to/T a/D market/N maker/V -LRB-/N which/W is/V _OOV_/N for/I the/D investor/N -RRB-/N ,/, the/D market/N as/I a/D whole/J remains/N in/I the/D same/J circumstances/N it/P was/V before/I the/D transaction/N :/: The/D unwanted/N position/R is/V still/R an/D unwanted/N position/R ;/: only/R the/D identity/N of/I the/D seller/N has/V changed/J ./.
In/I fact/V it/P can/M be/V argued/V that/I increasing/J capital/N commitments/V by/I market/N makers/N -LRB-/V a/D result/N of/I some/D _OOV_/N crash/V studies/J -RRB-/N also/R increases/J market/N volatility/N ,/, since/I the/D more/J securities/N are/V held/V by/I market/N makers/N at/I any/D given/J time/N ,/, the/D more/J selling/N pressure/N is/V overhanging/V the/D market/N ./.
In/I an/D open/J electronic/N system/N ,/, any/D investor/J wishing/N to/T pay/V for/I real-time/J access/N to/T the/D trading/N arena/V through/I a/D registered/N broker-dealer/N would/M be/V able/J to/T see/V the/D entire/J _OOV_/N curve/N -LRB-/C buy/N and/C sell/J orders/N at/I each/D price/N -RRB-/N entered/V by/I dealers/N and/C investors/N alike/N ,/, and/C to/T enter/P and/C execute/J orders/N ./.
Current/J quotations/N would/M reflect/V the/D combined/J financial/N judgment/N of/I all/D market/N participants/V --/: not/R just/V those/D of/I intermediaries/N who/W become/V extremely/J _OOV_/N during/V times/R of/I crisis/N ./.
Investors/N and/C professionals/N alike/V would/R compete/V on/I the/D level/N playing/V field/J Congress/J sought/N and/C called/V a/D ``/N national/J market/N system/N ''/' -LRB-/N not/M yet/V achieved/J -RRB-/N almost/R 15/C years/N ago/R when/I it/P passed/V the/D Securities/N Reform/N Act/N of/I _OOV_/N ./.
Last/N Friday/N 's/P market/N _OOV_/N did/V not/D result/N in/I severe/V ``/J aftershocks/N ./. ''/'
Were/N we/P smart/N or/C just/R lucky/V ?/.
I/P 'm/V not/D certain/N ./.
But/C I/P am/V sure/I we/P need/V to/T maximize/N our/V ``/C earthquake/N ''/' protection/N by/I making/J certain/N that/I our/P market/N structures/N let/P investors/N add/V their/P mighty/V _OOV_/J power/N to/T our/V nation/V 's/P markets/N ./.
Mr./N _OOV_/N is/V chairman/N of/I his/P own/V consulting/J company/N in/I _OOV_/N ,/, N.J/N ./.
NOW/J YOU/N _OOV_/N IT/N ,/, now/R you/P do/V n't/R ./.
The/D recession/N ,/, that/W is/V ./.
The/D economy/N 's/P _OOV_/N steps/V leave/P investors/N wondering/V whether/D things/N are/V slowing/V down/I or/C speeding/V up/R ./.
So/R often/J are/N government/V statistics/J revised/N that/I they/P seem/V to/T resemble/V a/D spinning/J weather/J vane/N ./.
For/I the/D past/J seven/C years/N ,/, investors/N have/V had/V the/D wind/N at/I their/P backs/N ,/, in/I the/D form/N of/I a/D generally/J growing/J economy/N ./.
Some/P may/M have/V forgotten/V --/: and/C some/D younger/N ones/V may/J never/N have/V experienced/V --/: what/V it/P 's/V like/R to/T invest/V during/I a/D recession/N ./.
_OOV_/J tactics/N are/V called/V for/I ,/, as/R losing/V money/N becomes/V easier/J and/C making/J money/N becomes/V tougher/N ./.
For/I those/D investors/N who/W believe/V --/: or/C fear/V --/: that/I 1990/N will/M be/V a/D recession/N year/N ,/, many/J economists/N and/C money/V managers/J agree/N on/I steps/N that/W can/M be/V taken/V to/T lower/V the/D risks/N in/I a/D portfolio/N ./.
In/I a/D nutshell/N ,/, pros/J advise/N investors/N who/W expect/V a/D slowdown/N to/T hold/V fewer/R stocks/V than/R usual/J and/C to/T favor/V shares/N of/I big/J companies/N in/I ``/N defensive/V ''/J industries/N ./.
A/D heavy/J dose/N of/I cash/N is/V prescribed/N ,/, along/V with/I a/D _OOV_/N allotment/N to/T bonds/N --/: preferably/J government/N bonds/N ./.
It/P 's/V tempting/V to/T think/V these/V defensive/V steps/N can/M be/V delayed/V until/I a/D recession/N is/V clearly/D at/J hand/N ./.
But/C that/W may/V not/R be/V possible/J ,/, because/I recessions/J often/N take/M investors/V by/I surprise/V ./.
``/` They/P always/R seem/V to/T come/V a/D bit/J later/N than/I you/P expect/V ./.
When/I they/P do/V hit/J ,/, they/P hit/V fast/N ,/, ''/' says/V David/N A./N _OOV_/N ,/, chief/J financial/N economist/N at/I the/D Data/N Resources/N division/N of/I McGraw-Hill/N Inc/N ./.
Though/V he/P himself/V does/V n't/R expect/V a/D recession/N soon/V ,/, Mr./N _OOV_/N advises/N people/N who/W do/V that/I ``/V the/D best/J thing/N to/T be/V in/I is/V long/R that/W is/V ,/, _OOV_/N to/T 30-year/N Treasury/N bonds/N ./. ''/'
The/D reason/N is/V simple/J ,/, Mr./N _OOV_/N says/V :/: ``/N Interest/N rates/N almost/R always/J decline/N during/V recession/N ./. ''/'
As/I surely/R as/I a/D _OOV_/N tilts/N ,/, falling/I interest/N rates/V force/N up/V the/D price/N of/I previously/I issued/N bonds/N ./.
They/P are/V worth/R more/J because/I they/P pay/V higher/J interest/N than/I newly/J issued/N bonds/N do/V ./.
That/W effect/V holds/D true/N for/I both/D short-term/N and/C long-term/N bonds/N ./.
But/C short-term/N bonds/N ca/M n't/R rise/R too/V much/R ,/, because/I everyone/V knows/V they/P will/M be/V redeemed/V at/I a/D preset/J price/N fairly/R soon/V ./.
_OOV_/N bonds/N ,/, with/I many/J years/N left/V before/J maturity/N ,/, swing/R more/J widely/N in/I price/N ./.
But/P not/M just/V any/D bonds/N will/M do/V ./.
Corporate/N bonds/N ``/N are/V usually/V not/R a/D good/J bet/N in/I a/D recession/N ,/, ''/' Mr./N _OOV_/N says/V ./.
As/D times/J get/N tougher/V ,/, investors/N fret/N about/I whether/D companies/N will/M have/V enough/R money/V to/T pay/V their/P debts/N ./.
This/D hurts/V the/D price/N of/I corporate/N bonds/N ./.
Also/D ,/, he/P notes/N ,/, ``/N most/J corporate/N bonds/N are/V _OOV_/N ./. ''/'
That/W means/V that/I a/D corporation/N ,/, after/I a/D specified/J amount/N of/I time/J has/J passed/N ,/, can/M buy/V back/R its/I bonds/N by/I paying/N investors/V the/D face/N value/J -LRB-/N plus/N ,/, in/I some/D cases/N ,/, a/D sweetener/N -RRB-/N ./.
When/P interest/J rates/N have/V dropped/V ,/, it/R makes/J sense/N for/I corporations/N to/T do/V just/R that/I ;/: they/P then/V save/V on/I interest/J costs/N ./.
But/C the/D investors/N are/V left/V stranded/V with/I money/N to/T _OOV_/C at/I a/D time/J when/W interest/J rates/N are/V _OOV_/N ./.
If/I corporate/N bonds/N are/V bad/V in/I recessions/N ,/, junk/N bonds/N are/V likely/R to/T be/V the/D worst/N of/I all/D ./.
It/P 's/V an/D ``/N absolute/V necessity/J ''/' to/T get/V out/R of/I junk/N bonds/N when/W a/D recession/N is/V in/I the/D _OOV_/N ,/, says/V _OOV_/N _OOV_/N ,/, professor/N of/I finance/N at/I Cornell/N University/N ./.
``/N Such/N bonds/N are/V very/R sensitive/J to/T the/D downside/N ,/, and/C this/D could/M be/V a/D disaster/N ./. ''/'
Municipal/N bonds/N are/V generally/V a/D bit/J safer/N than/I corporate/N bonds/N in/I a/D recession/N ,/, but/C not/R as/I safe/N as/I bonds/N issued/V by/I the/D federal/J government/N ./.
During/I an/D economic/J slump/N ,/, local/J tax/N revenues/N often/V go/R down/R ,/, raising/V the/D risks/N associated/J with/I at/I least/J some/J _OOV_/N ./.
And/C ,/, like/J corporates/N ,/, many/J municipal/N bonds/N are/V _OOV_/N ./.
But/C a/D few/J experts/N ,/, going/V against/I the/D consensus/N ,/, do/V n't/R think/V bonds/N would/M help/V investors/N even/V if/I a/D recession/N is/V in/I the/D _OOV_/N ./.
One/N of/I these/D is/V Jeffrey/N L./N Beach/N ,/, director/N of/I research/N for/I _OOV_/N _OOV_/N &/C Co./N ,/, a/D brokerage/N house/N in/I Houston/N ,/, who/W thinks/V that/I ``/` we/P 're/V either/V in/I a/D recession/N or/C about/V to/T go/V into/I one/C ./. ''/'
What/N 's/P more/J ,/, he/P thinks/V this/D could/M be/V a/D _OOV_/J recession/N than/I usual/N :/: ``/N Once/C the/D downturn/N comes/R ,/, it/P 's/V going/V to/T be/V very/R hard/J to/T reverse/V ./. ''/'
Investors/N ,/, he/P advises/N ,/, ``/N should/M be/V cautious/V ,/, ''/' holding/P fewer/J stocks/N than/R usual/J and/C also/J shunning/N bonds/N ./.
Because/I he/P sees/V ``/N 5/N %/N to/T 6/C %/N base/N rate/N of/I inflation/N in/I the/D economy/N ,/, ''/' he/P doubts/V that/I interest/J rates/N will/M fall/V much/J any/M time/V soon/V ./.
Instead/R ,/, Mr./N Beach/N says/V ,/, investors/N ``/N probably/R should/M be/V carrying/V a/D very/J high/J level/N of/I cash/N ,/, ''/' by/I which/W he/P means/V such/J so-called/N cash/N equivalents/N as/I _OOV_/J funds/N and/C Treasury/J bills/N ./.
_OOV_/N _OOV_/N ,/, president/N of/I _OOV_/N Financial/N Inc./N in/I _OOV_/N ,/, Pa./N ,/, also/J recommends/N that/W investors/N go/V heavily/R for/I cash/N ./.
He/P is/V n't/R sure/V a/D recession/N is/V coming/R ,/, but/C says/V the/D other/J likely/I alternative/N --/: _OOV_/C inflation/N --/: is/V just/R as/I bad/N ./.
``/` This/D late/N in/I an/D expansion/N ,/, ''/' the/D economy/N tends/I to/T veer/V off/N either/V into/I damaging/N inflation/N or/C into/I a/D recession/N ,/, Mr./N _OOV_/N says/V ./.
The/D Federal/N Reserve/N Board/N 's/P plan/N for/I a/D ``/J soft/N landing/N ,/, ''/' he/P says/V ,/, requires/V the/D Fed/N to/T navigate/V ``/N an/I _OOV_/C corridor/N ./. ''/'
A/D soft/N landing/N is/V n't/R something/V that/W can/M be/V achieved/I once/P and/C for/I all/D ,/, Mr./N _OOV_/N adds/V ./.
It/P has/V to/T be/V engineered/V over/I and/C over/I again/N ,/, month/N after/I month/N ./.
He/P believes/V that/I the/D task/N facing/I Fed/N Chairman/N Alan/N Greenspan/N is/V so/P difficult/V that/I it/P resembles/J ``/N juggling/V a/D _OOV_/J ax/N and/C a/D buzz/N saw/V ./. ''/'
And/C ,/, in/I a/D sense/N ,/, that/W 's/V the/D kind/N of/I task/J individuals/N face/V in/I deciding/N what/V to/T do/V about/I stocks/N --/: the/D mainstay/N of/I most/J serious/J investors/N '/P portfolios/N ./.
It/P comes/V down/R to/T a/D question/N of/I whether/N to/T try/V to/T ``/C time/J ''/' the/D market/N ./.
For/J people/N who/W can/M ride/V out/I market/N waves/N through/I good/P times/J and/C bad/J ,/, stocks/N have/V been/V rewarding/J long-term/N investments/N ./.
Most/J studies/N show/V that/I _OOV_/J investors/N historically/N have/V earned/V an/D annual/N return/V from/I stocks/N of/I 9/C %/N to/T 10/C %/N ,/, including/V both/D dividends/N and/C price/N appreciation/N ./.
That/W 's/V well/R above/V what/J bonds/N or/C bank/J certificates/N have/V paid/V ./.
Moreover/N ,/, because/I no/D one/N knows/V for/I sure/V just/R when/V a/D recession/N is/V coming/R ,/, some/D analysts/N think/J investors/N should/M n't/R even/V worry/V too/P much/J about/I timing/N ./.
``/N _OOV_/N to/T time/V the/D economy/N is/V a/D mistake/N ,/, ''/' says/V David/N Katz/N ,/, chief/J investment/N officer/N of/I Value/N Matrix/N Management/N Inc./N in/I New/N York/N ./.
Mr./N Katz/N notes/V that/I some/D economists/N have/V been/V predicting/V a/D recession/N for/I at/I least/J two/C years/N ./.
Investors/N who/W listened/V ,/, and/C lightened/V up/R on/I stocks/N ,/, ``/N have/V just/R hurt/V themselves/P ,/, ''/' he/P says/V ./.
Mr./N Katz/N adds/V that/I people/N who/W jump/V in/I and/C out/I of/I the/D stock/N market/N need/V to/T be/V right/V about/I 70/C %/N of/I the/D time/J to/T beat/V a/D _OOV_/J strategy/N ./.
_OOV_/J trading/N runs/N up/R high/J commission/N costs/N ./.
And/C the/D _OOV_/N might/M miss/V the/D sudden/J _OOV_/N that/W account/V for/I much/J of/I the/D stock/N market/N 's/P gains/N over/I time/J ./.
Still/R ,/, few/J investors/N are/V able/J to/T sit/V tight/V when/I they/P are/V convinced/V a/D recession/N is/V coming/R ./.
After/I all/D ,/, in/I all/D five/C recessions/N since/I _OOV_/N ,/, stocks/J declined/N ./.
According/N to/T _OOV_/N Davis/N ,/, president/N of/I _OOV_/N Davis/N Research/N Inc./N in/I _OOV_/N ,/, _OOV_/N ,/, the/D average/J drop/N in/I the/D Dow/N Jones/N Industrial/N Average/N was/V about/I 21/C %/N ,/, and/C the/D decrease/N began/I an/D average/N of/I six/C months/N before/I a/D recession/N officially/V started/V ./.
By/I the/D time/V a/D recession/N is/V ``/J official/N ''/' -LRB-/C two/C consecutive/J quarters/N of/I declining/J gross/N national/J product/N -RRB-/N ,/, much/J of/I the/D damage/N to/T stocks/N has/V already/R been/V _OOV_/N ,/, in/I the/D typical/J case/N ,/, the/D recession/N is/V already/R half/V over/R ./.
About/I six/C months/N before/I a/D recession/N ends/N ,/, stocks/J typically/N begin/V to/T rise/V again/R ,/, as/I investors/N anticipate/V a/D recovery/N ./.
The/D average/J recession/N lasts/N about/I a/D year/N ./.
Unfortunately/N ,/, though/R ,/, recessions/N vary/V enough/R in/I length/N so/C that/I the/D average/N ca/M n't/R reliably/J be/N used/V to/T guide/V investors/N in/I timing/J stock/N sales/N or/C purchases/N ./.
But/P whatever/V their/P advice/N about/V timing/J ,/, none/N of/I these/D experts/N recommend/V _OOV_/J stocks/N entirely/W during/V a/D recession/N ./.
For/I the/D portion/N of/I an/D investor/N 's/P portfolio/N that/W stays/V in/I stocks/N ,/, professionals/N have/V a/D number/N of/I suggestions/N ./.
Mr./N Katz/N advocates/J issues/N with/I low/J _OOV_/J ratios/N --/: that/W is/V ,/, low/J prices/N in/I relation/N to/T the/D company/N 's/P earnings/N per/N share/N ./.
``/N _OOV_/N _OOV_/N ''/' stocks/N ,/, he/P says/V ,/, vastly/V outperform/J others/J ``/N during/V a/D recession/N or/C bear/J market/N ./. ''/'
In/I good/V times/R ,/, he/P says/V ,/, they/P lag/V a/D bit/J ,/, but/C overall/V they/P provide/N superior/V performance/N ./.
Prof./N _OOV_/N urges/V investors/N to/T discard/V stocks/V in/I small/J companies/N ./.
_OOV_/J shares/N typically/M fall/V more/J than/I _OOV_/J stocks/N in/I a/D recession/N ,/, he/P says/V ./.
And/C in/I any/D case/N ,/, he/P argues/N ,/, stocks/N of/I small/J companies/N are/V ``/V almost/R as/I overpriced/N as/I they/P were/V Sept./N 30/N ,/, 1987/N ,/, just/R before/I the/D crash/N ./. ''/'
For/D example/N ,/, Mr./N _OOV_/N says/V ,/, stocks/N of/I small/J companies/N are/V selling/V for/I about/I 19/C times/J cash/N flow/N ./.
_OOV_/N flow/N ,/, basically/J earnings/N plus/N depreciation/N ,/, is/V one/C common/J gauge/N of/I a/D company/N 's/P financial/J health/N ./. -RRB-/N
That/D ratio/N is/V dangerously/V close/J to/T the/D ratio/N of/I _OOV_/N that/W prevailed/V before/I the/D 1987/N _OOV_/N crash/N ,/, Mr./N _OOV_/N says/V ./.
And/C it/P 's/V way/R above/V the/D ratio/N -LRB-/N _OOV_/N times/J cash/N flow/N -RRB-/C that/I bigger/J companies/N are/V selling/V for/I ./.
Another/D major/J trick/N in/I making/V a/D portfolio/N _OOV_/N is/V choosing/J stocks/N in/I ``/N defensive/V ''/J industries/N ./.
Food/N ,/, tobacco/N ,/, drugs/N and/C utilities/N are/V the/D classic/J examples/N ./.
Recession/N or/C not/R ,/, people/J still/J eat/N ,/, smoke/N ,/, and/C take/M medicine/V when/I they/P 're/V sick/P ./.
George/N _OOV_/N III/N ,/, editor/N of/I _OOV_/N Letter/N in/I Boston/N ,/, offers/N one/C final/J tip/N for/I _OOV_/J investors/N ./.
``/N Keep/V some/D money/N available/N for/I opportunities/N ,/, ''/' he/P says/V ./.
``/` If/I the/D recession/N does/V hit/J ,/, there/E will/M be/V some/D great/J investment/N opportunities/N just/V when/R things/V seem/R the/D blackest/N ./. ''/'
Mr./N Dorfman/N covers/V investing/N issues/N from/I The/J Wall/N Street/N Journal/N 's/P New/N York/N bureau/N ./.
Some/D industry/N groups/N consistently/V weather/R the/D storm/J better/N than/I others/N ./.
The/D following/N shows/V the/D number/N of/I times/J these/J industries/N outperformed/V the/D Standard/N &/C Poor/N 's/P _OOV_/N Index/N during/V the/D first/J six/C months/N of/I the/D past/J seven/C recessions/N ./.
Bond/J prices/N posted/V strong/J gains/N as/I investors/N went/V on/I a/D bargain/J hunt/N ./.
But/P while/V the/D overall/J market/N improved/N ,/, the/D _OOV_/N junk-bond/N market/N continued/V to/T count/V casualties/N ,/, even/R as/I junk-bond/J prices/N rose/V ./.
Yesterday/J ,/, Prudential-Bache/N Securities/N Inc./N said/V it/P postponed/V a/D $/$ _OOV_/C million/C senior/N subordinated/I _OOV_/N offering/N by/I York/N International/N Corp/N ./.
And/C Donaldson/N ,/, Lufkin/N &/C Jenrette/N Securities/N Corp./N scrambled/N to/T restructure/V and/C improve/V the/D potential/N returns/V on/I a/D $/$ _OOV_/C million/C _OOV_/N offering/N by/I Chicago/N &/C North/N Western/N Acquisition/N Corp./N that/W was/V still/R being/V negotiated/V late/R last/J night/N ./.
The/D issue/N by/I Chicago/N &/C North/N Western/N is/V one/C of/I the/D so-called/N good/V junk-bond/N offerings/R on/I the/D _OOV_/J calendar/N ./.
Some/D analysts/N said/V the/D restructuring/N of/I the/D railroad/N concern/N 's/P issue/J shows/N how/W tough/V it/P is/V for/I underwriters/N to/T sell/V even/I the/D junk/N bonds/N of/I a/D company/N considered/R to/T be/V a/D relatively/J good/J credit/N risk/N ./.
Since/I last/J week/N 's/P junk-bond/J market/N debacle/V ,/, many/J new/J issues/N of/I high-yield/N ,/, high-risk/N corporate/N bonds/N have/V either/V been/V scaled/V back/R ,/, delayed/N or/C dropped/V ./.
On/J Wednesday/N ,/, Drexel/N Burnham/N Lambert/N Inc./N had/V to/T slash/V the/D size/N of/I Continental/N Airlines/N '/: junk-bond/N offering/N to/T $/$ 71/C million/C from/I $/$ 150/C million/C ./.
Salomon/N Brothers/N Inc./N has/V delayed/V Grand/N Union/N Co./N 's/P $/$ _OOV_/C billion/C junk-bond/N offering/N while/V it/R _OOV_/V the/D transaction/N ./.
Last/J week/N ,/, the/D Grand/N Union/N offering/N was/V sweetened/N to/T include/J warrants/N that/W allow/V _OOV_/N to/T acquire/V common/J stock/N ./.
Prudential-Bache/N said/V the/D York/J issue/N was/V delayed/V because/I of/I market/N conditions/N ./.
``/J Everything/N is/V going/V through/I _OOV_/N right/V now/R ,/, and/C -LCB-/N Chicago/N &/C North/N Western/N -RCB-/N is/V no/D exception/N ,/, ''/' said/V _OOV_/N _OOV_/N ,/, vice/N president/N ,/, high-yield/N research/N ,/, at/I _OOV_/N ./.
_OOV_/N managers/N say/V sweeteners/N like/J equity/N kickers/N and/C stricter/J protective/J covenants/N may/V increasingly/N be/V required/V to/T sell/V junk-bond/N deals/N ./.
Dan/N _OOV_/N ,/, managing/N director/N of/I high-yield/J investments/N at/I Chancellor/N Capital/N Management/N ,/, said/V the/D Chicago/N &/C North/N Western/N offering/N was/V restructured/V in/I part/N because/I ``/N several/V large/J insurance/N buyers/N right/V now/R are/V demanding/V equity/N as/I part/N of/I the/D package/N ./.
If/I you/P 're/V going/V to/T take/V the/D risk/N in/I this/D market/N ,/, you/P want/V something/J extra/N ./. ''/'
Mr./N _OOV_/N likes/V the/D offering/N ./.
But/P several/V mutual-fund/J managers/N ,/, nervous/N about/I the/D deteriorating/N quality/N of/I their/P junk-bond/N portfolios/N and/C shy/N about/I buying/V new/J issues/N ,/, said/V they/P 're/V staying/V away/R from/I any/D junk/N security/N that/W is/V n't/R considered/V first/J rate/N for/I its/P class/N ./.
While/I they/P consider/V the/D Chicago/N &/C North/N Western/N issue/V to/T be/V good/J ,/, they/P do/V n't/R view/I it/P as/V the/D best/N ./.
To/D lure/N buyers/N to/T the/D Chicago/N &/C North/N Western/N bonds/N ,/, portfolio/V managers/N said/V Donaldson/N Lufkin/N sweetened/V the/D transaction/N by/I offering/N the/D bonds/N with/I a/D _OOV_/J interest/N rate/N and/C a/D 10/N %/N equity/N kicker/N ./.
The/D bonds/N are/V expected/V to/T have/V a/D 14/N %/N coupon/N rate/N ./.
The/D equity/N arrangement/V apparently/W would/M allow/V _OOV_/N to/T buy/V a/D total/N of/I 10/C %/N of/I the/D stock/N of/I _OOV_/N Corp./N ,/, Chicago/N &/C North/N Western/N 's/P parent/N company/N ./.
Donaldson/N Lufkin/N declined/V to/T comment/V on/I the/D restructuring/N ./.
According/N to/T some/D analysts/N familiar/V with/I the/D negotiations/N ,/, the/D 10/N %/N of/I equity/N would/M come/V directly/R from/I Donaldson/N Lufkin/N and/C a/D fund/N affiliated/N with/I the/D investment/N bank/V _OOV_/N Group/N ,/, which/W would/M reduce/V their/P _OOV_/J equity/N holdings/V by/I 5/C %/N each/C ./.
That/W would/M leave/V the/D _OOV_/J fund/N with/I a/D 60/N %/N stake/V and/C Donaldson/N Lufkin/N with/I 15/C %/N ./.
Despite/I the/D problems/N with/I new/J issues/N ,/, high-yield/N bonds/N showed/J gains/N in/I the/D secondary/N ,/, or/C resell/N ,/, market/N ./.
_OOV_/N bonds/N ended/V about/I one-half/C point/J higher/N with/I so-called/N high-quality/N issues/N from/I RJR/N Capital/N Holdings/N Corp./N and/C _OOV_/N Gas/N Service/N Limited/N _OOV_/N rising/V one/C point/N ./.
In/I the/D Treasury/J market/N ,/, the/D benchmark/J 30-year/N bond/N rose/I _OOV_/C point/N ,/, or/C $/$ 8.75/C for/I each/D $/$ 1,000/C face/N amount/N ./.
The/D gain/N reflects/I fresh/J economic/N evidence/N that/I inflation/N is/V moderating/V while/I the/D economy/J slows/N ./.
That/D raised/N hopes/V that/D interest/J rates/N will/M continue/V to/T move/V lower/R ./.
The/D Labor/N Department/N reported/V that/I consumer/N prices/N rose/V just/R 0.2/C %/N last/J month/N ,/, slightly/J lower/N than/I some/D economists/N had/V expected/V ./.
But/C there/R were/V also/R rumors/J yesterday/N that/V several/J Japanese/J institutional/N investors/N were/V shifting/V their/P portfolios/N and/C buying/J long-term/N bonds/N while/V selling/J _OOV_/N Treasurys/N ./.
Short-term/N Treasury/N securities/N ended/V narrowly/V mixed/J ,/, with/I two-year/N notes/N posting/N slight/J declines/N while/I three-year/J notes/N were/V slightly/J higher/N ./.
Yesterday/J ,/, the/D Fed/N executed/V four-day/N matched/J sales/N ,/, a/D technical/J trading/N operation/N designed/N to/T drain/N reserves/N from/I the/D banking/J system/N ./.
The/D move/N was/V interpreted/V by/I some/D economists/N as/I a/D sign/N that/I the/D Fed/N does/V n't/R want/V the/D federal/J funds/N rate/N to/T move/V any/D lower/N than/I the/D 8/N %/N at/I which/W it/P has/V been/V hovering/V around/R during/I the/D past/J week/N ./.
The/D closely/J watched/N funds/N rate/N is/V what/J banks/N charge/V each/D other/J on/I overnight/N loans/N ./.
It/P is/V considered/I an/D early/J signal/N of/I Fed/J credit/N policy/N changes/V ./.
``/` The/D fact/J that/I they/P did/V four-day/V matched/J sales/N means/V they/P are/V not/R in/I a/D mood/N to/T ease/V aggressively/N ./.
They/P are/V telling/J us/N that/I -LCB-/N 8/N %/N -RCB-/N is/V as/I low/J as/I they/P want/V to/T see/V the/D fed/N funds/N rate/N ,/, ''/' said/V Robert/N _OOV_/N at/I _OOV_/N Bank/N PLC/N ./.
The/D benchmark/J 30-year/N bond/N was/V quoted/V late/R at/I a/D price/N of/I 101/N to/T yield/V _OOV_/C %/N ,/, compared/V with/I 100/N to/T yield/V _OOV_/C %/N Wednesday/N ./.
The/D latest/J 10-year/N notes/N were/V quoted/V late/R at/I 100/C to/T yield/V _OOV_/C %/N ,/, compared/V with/I 99/N to/T yield/V _OOV_/C %/N ./.
Short-term/J rates/N rose/V yesterday/N ./.
The/D discount/N rate/N on/I three-month/N Treasury/N bills/N rose/V to/T _OOV_/C %/N from/I _OOV_/C %/N Wednesday/N ,/, while/V the/D rate/N on/I six-month/J bills/N rose/V to/T _OOV_/C %/N from/I _OOV_/C %/N ./.
Meanwhile/N ,/, the/D Treasury/N sold/V $/$ _OOV_/C billion/C of/I _OOV_/J bills/N yesterday/N ./.
The/D average/J yield/N on/I the/D bills/N was/V _OOV_/C %/N ,/, down/R from/I _OOV_/C %/N at/I the/D previous/J _OOV_/N bill/N auction/I Sept./N 21/N ./.
Yesterday/N 's/P yield/N was/V the/D lowest/N since/I _OOV_/C %/N on/I July/N 27/N ./.
Here/R are/V details/V of/I the/D auction/N :/:
Rates/N are/V determined/V by/I the/D difference/N between/V the/D purchase/N price/N and/C face/V value/J ./.
Thus/R ,/, higher/J bidding/N narrows/I the/D investor/N 's/P return/V while/V lower/J bidding/N widens/I it/P ./.
The/D percentage/N rates/N are/V calculated/V on/I a/D 360-day/J year/N ,/, while/V the/D coupon-equivalent/J yield/N is/V based/V on/I a/D 365-day/J year/N ./.
_OOV_/N bond/N price/N climbed/N yesterday/N despite/V skittishness/N in/I the/D _OOV_/J market/N for/I high-yield/J securities/N ./.
Dealers/N said/V junk/N bond/N issues/N on/I average/N were/V up/R by/I to/T point/V with/I so-called/J quality/N issues/N from/I RJR/N Capital/N Holdings/N Corp./N and/C _OOV_/N Gas/N Service/N Limited/N _OOV_/N posting/V _OOV_/J gains/N ./.
_OOV_/N Gas/N Service/N 's/P 13/N %/N debentures/N traded/V at/I 102/C ,/, after/I trading/N around/I par/N earlier/V this/D week/N ,/, and/C RJR/N 's/P 13/N %/N subordinated/I debentures/N of/I 2001/N were/V at/I 101/N after/I trading/N at/I below/N par/N earlier/V this/D week/N ./.
Investment-grade/N bonds/N were/V unchanged/R ./.
Activity/N was/V brisk/V in/I the/D _OOV_/N general/J obligation/N market/N ,/, as/I a/D series/N of/I sell/J lists/N hit/V the/D Street/N and/C capped/N upward/V price/N movement/N in/I the/D sector/N ./.
Traders/J estimated/N that/W more/V than/R $/$ 140/C million/C of/I _OOV_/N bonds/N was/V put/V up/R for/I sale/N via/I _OOV_/N lists/N circulated/V by/I a/D handful/N of/I major/J brokers/N ./.
There/E was/V speculation/V that/I the/D supply/N was/V coming/V from/I a/D commercial/J bank/N 's/P portfolios/N ./.
According/N to/T market/N participants/N ,/, the/D bonds/N were/V met/V with/I decent/J bids/N ,/, but/C the/D volume/N of/I paper/N left/V high/J grades/N in/I the/D 10-year/N and/C under/I maturity/N range/V unchanged/J to/T _OOV_/C percentage/N point/J higher/N in/I yield/N ./.
_OOV_/N from/I the/D general/J obligation/N sector/N ,/, activity/N was/V modest/V ./.
Long/J dollar/N bonds/N were/V flat/R to/T up/V point/N ./.
New/N Jersey/N _OOV_/N Authority/N 's/P 7.20/N %/N issue/N of/I _OOV_/N was/V up/R at/I 98/N bid/V to/T yield/N about/I 7.32/C %/N ,/, down/I _OOV_/C percentage/N point/N ./.
The/D debt/N of/I some/D California/N issuers/N pulled/V off/I lows/N reached/V after/I Tuesday/N 's/P massive/J earthquake/N ,/, although/D traders/N said/V market/N participants/V remained/I cautious/N ./.
California/N expects/V to/T rely/V on/I federal/J emergency/N funds/N and/C its/P $/$ _OOV_/C billion/C in/I general/J fund/N reserves/N to/T meet/V the/D estimated/N $/$ 500/C million/C to/T $/$ 1/C billion/C in/I damages/N resulting/N from/I the/D quake/N ,/, according/V to/T a/D state/J official/N ./.
It/P 's/V also/R unclear/V precisely/V how/V the/D state/N will/M rebuild/V its/P reserve/N ,/, said/V _OOV_/N Katz/N ,/, assistant/N director/N of/I California/N 's/P department/N of/I finance/N ,/, although/I she/P noted/V that/I a/D bond/N offering/N for/I that/D purpose/N is/V n't/R anticipated/V ./.
Meanwhile/N ,/, new/J issuance/N was/V slow/J ./.
The/D largest/J sale/N in/I the/D competitive/N arena/V was/V a/D $/$ _OOV_/C million/C issue/N of/I school/J financing/N bonds/N from/I the/D _OOV_/N Public/N School/N Authority/N ./.
A/D balance/N of/I $/$ _OOV_/C million/C remained/V in/I late/J _OOV_/C ,/, according/V to/T the/D lead/J manager/N ./.
Mortgage/J securities/N generally/R ended/V to/T point/V higher/J ,/, but/C lagged/V gains/N in/I the/D Treasury/J market/N because/I of/I a/D shift/N in/I the/D shape/N of/I the/D Treasury/J yield/N curve/N and/C rumored/V mortgage/J sales/N by/I thrifts/N ./.
Premium/I Government/N National/N Mortgage/N Association/N securities/N with/I coupon/N rates/N of/I 13/C %/N and/C higher/J actually/N declined/V amid/V concerns/N about/V increased/V prepayments/C because/I of/I a/D plan/N being/V considered/R by/I Congress/N to/T speed/V the/D refinancing/N of/I _OOV_/N mortgages/N ./.
Ginnie/N Mae/N 13/N %/N securities/N were/V down/R about/I at/I _OOV_/C ./.
If/I the/D refinancing/N plan/N clears/N Congress/N ,/, there/E could/M be/V fairly/R heavy/J prepayments/N on/I the/D premium/N securities/N ,/, hurting/V any/D investor/N paying/V much/R above/J par/N for/I them/P ./.
In/I the/D _OOV_/J sector/N ,/, a/D shift/N in/I the/D Treasury/J yield/N curve/V resulting/N from/I the/D better/N performance/N of/I _OOV_/J issues/N over/I _OOV_/N securities/N hurt/V major/J coupons/N because/I it/P will/M become/V more/J difficult/N to/T structure/J new/J derivative/N securities/N offerings/R ./.
Ginnie/N Mae/N 9/N %/N securities/N ended/V at/I 98/N ,/, up/R 9/C ,/, 9/C %/N
%/N to/T a/D 12-year/J average/N life/J assumption/N ,/, as/I the/D spread/N above/V the/D Treasury/N 10-year/N note/N widened/I _OOV_/C percentage/N point/V to/T _OOV_/C ./.
While/I Remic/N issuance/N may/M slow/V in/I the/D coming/J days/N because/I of/I the/D shift/N in/I the/D Treasury/J yield/N curve/N ,/, underwriters/N continued/V to/T crank/V out/I new/J real/N estate/V mortgage/J investment/N conduits/N structured/V when/I the/D yield/J curve/N was/V more/J favorable/N ./.
Two/J new/J _OOV_/C totaling/N $/$ 900/C million/C were/V announced/V by/I Freddie/N Mac/N yesterday/N ./.
British/J government/N bonds/N ended/V little/V changed/D as/J investors/N awaited/V an/D economic/J policy/N address/V last/J night/N by/I Chancellor/N of/I the/D _OOV_/N Nigel/N _OOV_/N ./.
The/D Treasury/N 11/N %/N bond/N due/N was/V down/R at/I 111/C to/T yield/V _OOV_/C %/N ,/, while/V the/D 11/N %/N notes/V due/J 1991/N were/V unchanged/V at/I 98/C to/T yield/V _OOV_/C %/N ./.
In/I Japan/N ,/, the/D bellwether/N No./N 111/N 4.6/N %/N bond/N of/I 1998/N ended/V off/R _OOV_/C at/I _OOV_/N ,/, to/T yield/V _OOV_/C %/N ,/, and/C in/I West/N Germany/N ,/, the/D 7/N %/N benchmark/N issue/V due/J October/N 1999/N ended/V _OOV_/C point/J lower/N at/I _OOV_/C to/T yield/V _OOV_/C %/N ./.
