``/N We/V 're/P strongly/J recommending/N that/I anyone/N who/I has/P eaten/C in/I the/D cafeteria/N this/D month/N have/I the/D shot/N ,/, ''/' Mr./N _OOV_/N added/V ,/, ``/N and/C that/P means/V virtually/R everyone/V who/R works/V here/N ./.
I/P was/V appalled/V to/T read/V the/D _OOV_/N of/I facts/N in/I your/$ Oct./C 13/J editorial/N ``/N _OOV_/N 's/P _OOV_/N _OOV_/N ./. ''/'
It/P is/V the/D _OOV_/N guerrillas/N who/R are/V aligned/R with/I the/D drug/N traffickers/N ,/, not/I the/D left/N wing/P ./.
This/D information/N was/V gleaned/V from/R your/, own/I news/J stories/N on/I the/D region/N ./.
Past/J _OOV_/N government/N tolerance/N of/I the/D ``/N _OOV_/N ''/N was/V due/V to/T the/D drug/N lords/T '/C history/N of/I wiping/N out/I leftists/N in/I the/D hinterlands/N ./.
Mary/N _OOV_/N Palo/N Alto/N ,/, Calif/N ./.
I/P suggest/V that/I The/D Wall/N Street/N Journal/V -LRB-/` as/P well/V as/P other/V U.S./C news/J publications/N of/I like/J mind/N -RRB-/N should/M put/V its/P money/V where/V its/P mouth/N is/V :/P _OOV_/J computer/N equipment/N to/T replace/V that/I damaged/N at/I El/J _OOV_/N ,/, buy/V ad/R space/V ,/, publish/N stories/N under/V the/D _OOV_/N of/I El/C _OOV_/N journalists/N ./.
Perhaps/P an/V arrangement/I could/P be/M worked/V out/I to/T ``/C sponsor/N ''/' El/C _OOV_/N journalists/V and/C staff/N by/I paying/R for/I added/I security/N in/I exchange/N for/I exclusive/N stories/N ./.
_OOV_/N El/N _OOV_/N 's/P courage/C with/R real/I support/N ./.
Douglas/N B./N Evans/N
_OOV_/N Co/N ./. -LRB-/- Atlanta/N -RRB-/N --/: _OOV_/N _OOV_/N and/C George/N _OOV_/N were/W elected/V vice/J presidents/N of/I this/D _OOV_/N company/N ./.
Mr./N _OOV_/N ,/, 46/C years/J old/N ,/, is/V the/D company/N 's/P director/N of/I quality/N assurance/N ;/: most/I recently/N ,/, he/P served/N as/I vice/J president/N ,/, operations/N ,/, for/I Coca-Cola/N _OOV_/N ./.
Mr./N _OOV_/N ,/, 48/N ,/, is/V manager/N for/I corporate/N manufacturing/N operations/N ;/: he/P was/V assistant/J vice/N president/N at/I the/D company/N ./.
In/I the/D wake/N of/I a/D slide/N in/I sterling/N ,/, a/D tailspin/N in/I the/D stock/J market/N ,/, and/C a/D string/N of/I problematic/J economic/N indicators/N ,/, British/N Chancellor/N of/I the/D _OOV_/N Nigel/N _OOV_/N promised/V gradual/C improvement/N in/I the/D U.K./N economy/N ./.
In/I a/D speech/N prepared/N for/I delivery/N to/T London/C 's/P financial/N community/N ,/, Mr./N _OOV_/N summed/I up/D current/N economic/N policy/N as/I a/D battle/N to/T _OOV_/C inflation/N out/I of/I the/D British/N economy/N ,/, using/I high/J interest/N rates/N as/I ``/` the/D essential/J instrument/J ''/N to/T carry/V out/I the/D campaign/N ./.
Two/J weeks/N after/I boosting/J base/N rates/N to/T 15/C %/N ,/, he/P pledged/N that/I ``/J rates/N will/M have/V to/T remain/V high/J for/N some/V time/I to/T come/V ./. ''/'
Mr./N _OOV_/N also/I made/R it/I clear/P that/I he/P would/P be/M watching/V exchange/N rates/N carefully/N ./.
A/D sinking/N pound/N makes/D imports/N more/R expensive/V and/C increases/N businesses/N '/C expectations/N of/I future/D inflation/N ,/, he/P argued/N ./.
In/I an/D apparent/I warning/N to/T currency/V traders/N who/I have/J lately/N been/V selling/I the/D British/N currency/N ,/, he/P stated/V that/I the/D exchange/N rates/N will/M have/I a/D ``/J major/J role/N in/I the/D assessment/N of/I monetary/N conditions/N ./. ''/'
In/I reaffirming/N the/D current/N monetary/N policy/N of/I using/N high/J interest/N rates/N to/T fight/V inflation/N and/C shore/N up/I the/D pound/N ,/, Mr./N _OOV_/N dismissed/N other/J approaches/N to/T managing/V the/D economy/N ./.
He/P said/V he/P monitors/V the/D _OOV_/N figures/V ,/, but/P does/V n't/P give/V them/P paramount/V importance/C ,/, as/I some/D private/N and/C government/N economists/N have/I suggested/N ./.
Mr./N _OOV_/N also/I dismissed/V the/D possibility/N of/I imposing/J direct/N credit/V controls/N on/I Britain/C 's/P financial/N system/N ./.
Mr./N _OOV_/N 's/P speech/N ,/, delivered/N at/I the/D Lord/N Mayor/N of/I London/C 's/P annual/J dinner/N at/I _OOV_/C House/N ,/, came/V on/I the/D heels/N of/I a/D grueling/N period/I for/I the/D U.K./N economy/N ./.
Two/J weeks/N ago/V ,/, in/I a/D campaign/N to/T blunt/V inflation/N at/I home/N and/C arrest/N a/D world-wide/N plunge/V in/I the/D pound/N ,/, he/P raised/V base/N rates/N a/D full/J percentage/N point/I to/T 15/C %/N ./.
Despite/I the/D increase/N ,/, the/D British/N currency/N slid/I below/I a/D perceived/J threshold/N of/I three/J marks/N early/I last/J week/N ./.
It/P was/V quoted/R at/I _OOV_/N marks/V in/I late/J New/N York/N trading/N Wednesday/N ./.
_OOV_/` up/P to/T the/D speech/N was/V a/D _OOV_/N of/I economic/J statistics/N suggesting/V that/I the/D British/N war/I on/J inflation/N will/M be/V more/R bruising/V than/I previously/R assumed/V ./.
_OOV_/N in/I September/N dropped/V to/T _OOV_/C ,/, the/D lowest/J level/N since/I 1980/N ./.
While/I lower/J _OOV_/N is/V generally/I good/J news/N ,/, the/D hefty/N drop/I last/J month/N indicates/V that/I the/D economy/N is/V n't/P slowing/V down/P as/R much/I as/P hoped/R --/: despite/V a/D doubling/N of/I interest/J rates/N over/I the/D last/J 16/N months/N ./.
Meanwhile/V ,/, average/J earnings/N in/I Britain/N were/V up/I 8.75/C %/N in/I August/N over/I the/D previous/J year/N ./.
Another/N inflationary/J sign/N came/V in/I a/D surge/N in/I _OOV_/J lending/N to/T a/D record/J #/N _OOV_/C billion/C -LRB-/C $/$ _OOV_/C billion/C -RRB-/C last/J month/N ,/, a/D much/J higher/N level/N than/I economists/N had/V predicted/R ./.
In/I a/D separate/J speech/N prepared/N for/I delivery/N at/I the/D dinner/N ,/, Robin/N _OOV_/N ,/, Bank/N of/I England/C governor/N ,/, conceded/V that/I ``/C demand/J pressures/N were/I even/D more/J buoyant/N than/I had/P been/V appreciated/I ''/N when/I the/D British/N economy/N was/V heating/V up/D last/J year/N ./.
He/P added/V that/I ``/N there/V 's/P no/D _OOV_/N solution/N ''/' to/T the/D economic/N woes/V ,/, and/C said/P ``/C tight/J monetary/N policy/N is/V the/D right/J approach/N ./. ''/'
_OOV_/` the/D recent/J slide/N in/I stock/J prices/N ,/, the/D central/N bank/N governor/N stated/V that/I ``/` the/D markets/N now/V appear/R to/T have/V _OOV_/C ''/N after/I the/D ``/J nasty/N jolt/V ''/N of/I the/D _OOV_/N plunge/V in/I the/D Dow/N Jones/N Industrial/N Average/N a/D week/N ago/V ./.
Although/I the/D New/N York/N market/N plunge/V prompted/V a/D _OOV_/N drop/V in/I the/D London/N Financial/N Times-Stock/N Exchange/N 100/N Share/N Index/N ,/, Mr./N _OOV_/N declared/V ``/N that/I the/D experience/J owed/N nothing/V to/T the/D particular/J problems/N of/I the/D British/N economy/N ./. ''/'
Specifically/N ,/, he/P pointed/V out/P that/V compared/I with/I the/D U.S./N market/N ,/, the/D U.K./N has/P far/V fewer/I highly/J leveraged/N junk-bond/N _OOV_/N ./.
_OOV_/` future/D monetary/N arrangements/V ,/, Mr./N _OOV_/N repeated/I the/D Thatcher/N government/N 's/P commitment/N to/T join/V the/D exchange/N rate/N mechanism/N of/I the/D European/N _OOV_/C System/N ,/, but/I he/P did/V n't/P indicate/V when/P ./.
C./` Olivetti/C &/C Co./N ,/, claiming/R it/I has/P won/V the/D race/N in/I Europe/C to/T introduce/V computers/N based/N on/I a/D powerful/J new/J microprocessor/N chip/N ,/, unveiled/V its/P _OOV_/C computer/N yesterday/V ./.
The/D product/N is/V the/D first/N from/I a/D European/N company/N based/N on/I Intel/J Corp./N 's/P new/J _OOV_/N _OOV_/N microprocessor/N ,/, which/D works/N several/I times/N faster/M than/V previously/I available/J chips/N ./.
Hewlett-Packard/J Co./N became/I the/D first/J company/N world-wide/N to/T announce/V a/D product/N based/N on/I the/D chip/N earlier/I this/D month/N ,/, but/I it/P wo/V n't/P start/D shipping/N the/D computers/N until/V early/I next/J year/N ./.
An/N Olivetti/N spokesman/N said/V the/D company/N 's/P factories/N are/V already/D beginning/J to/T produce/V the/D machine/N ,/, and/C that/I it/P should/M be/V available/N in/I Europe/` by/D December/N ./.
``/` What/I this/D means/N is/V that/I _OOV_/N will/M have/V these/I machines/N in/I their/P offices/V before/I Americans/N do/V ,/, ''/' the/D spokesman/N said/P ./.
The/D new/J chip/N ``/N is/V a/D very/J big/N step/D in/I computing/N ,/, and/C it/P is/V important/R that/I Olivetti/C be/J one/N of/I the/D first/V out/P on/I the/D market/N with/I this/D product/N ,/, ''/' said/V _OOV_/N _OOV_/N Davis/N ,/, an/D analyst/N at/I James/J _OOV_/N &/C Co./N in/I London/N ./.
Executives/N at/I Olivetti/N ,/, whose/C earnings/N have/V been/V steadily/C sliding/N over/I the/D past/J couple/N of/I years/N ,/, have/I acknowledged/D that/J in/I the/D past/J they/I have/J lagged/N at/I getting/J new/J technology/N to/T market/N ./.
Ms./I Davis/N said/V the/D new/J machines/N could/M steal/V some/D sales/N away/R from/I Olivetti/` 's/P own/J minicomputers/N ,/, but/P would/M bring/P new/J sales/N among/I professionals/J such/N as/I engineers/N ,/, _OOV_/N and/C medical/N doctors/N ./.
Although/I Olivetti/C 's/P profits/J tumbled/N 40/N %/N in/I the/D first/N half/I of/I this/D year/N ,/, she/R believes/V Olivetti/` 's/P restructuring/N last/I fall/D and/C its/P introduction/N of/I new/J products/N will/V begin/I to/T bear/C fruit/N with/I an/D earnings/N rebound/C next/J year/N ,/, especially/C if/N it/P can/M fulfill/V its/P promise/N to/T deliver/V the/D new/J machines/N by/I December/N ./.
``/J We/N think/V the/D worst/N is/V over/I ''/N in/I the/D European/N _OOV_/N market/N ,/, she/V said/P ./.
Depending/N on/I the/D type/N of/I software/N and/C peripherals/N used/V ,/, the/D machines/N can/M serve/V either/V as/I the/D main/J computer/N in/I a/D network/N of/I many/J terminals/N -LRB-/` a/D role/N usually/V filled/R by/I a/D minicomputer/N -RRB-/N ,/, as/I a/D technical/J workstation/N or/N as/I a/D very/J fast/N personal/V computer/N ./.
``/` It/P 's/V the/D missing/J link/N ''/N in/I Olivetti/C 's/P product/N line/N between/V small/R personal/V computers/N and/C _OOV_/N minicomputers/N ,/, the/D Olivetti/N spokesman/N said/P ./.
He/P added/V that/I Olivetti/N will/M continue/V making/R its/I _OOV_/C minicomputer/J line/N ./.
The/D machines/N will/M cost/V around/I $/$ _OOV_/C on/I average/N in/I Europe/N ./.
The/D Intel/N _OOV_/N chip/N can/M process/V 15/C million/C instructions/J per/N second/V ,/, or/V _OOV_/N ,/, while/D Intel/N 's/V previous/D _OOV_/N chip/N could/M handle/I only/D 3/N to/T 6/C _OOV_/N ./.
Olivetti/N also/I plans/N to/T sell/V the/D _OOV_/N computer/N in/I the/D U.S./J starting/N next/J year/N through/C Olivetti/N USA/N and/C through/C its/C _OOV_/N unit/N ,/, which/D specializes/N in/I automating/J _OOV_/N networks/N ./.
_OOV_/N Inc./N said/V it/P received/V approval/N from/I the/D French/N government/N for/I its/P proposed/V $/$ _OOV_/C million/C acquisition/N of/I _OOV_/C _OOV_/N ./.
The/D approval/N satisfies/N the/I remaining/D conditions/N of/I the/D purchase/N ,/, which/D is/J expected/N to/T close/P within/V two/C weeks/N ./.
_OOV_/N ,/, the/D second-largest/J maker/N of/I food/J cans/N in/I France/N ,/, had/W 1988/C sales/N of/I $/$ 150/C million/C ./.
_OOV_/` has/P _OOV_/N workers/N at/I four/C canning/N manufacturing/N plants/N and/C one/C plastic/C container/N facility/N ./.
_OOV_/` makes/D flexible/J packaging/N films/V and/C machinery/N ,/, and/C materials/N for/I the/D food/N and/C pharmaceutical/N industries/N ./.
Social/N Security/N benefits/N will/M rise/I _OOV_/C %/N next/V year/R to/T keep/P pace/V with/I inflation/N ,/, boosting/V the/D average/J monthly/N benefit/V to/T $/$ _OOV_/C from/I $/$ _OOV_/C ,/, the/D Department/N of/I Health/N and/C Human/N Services/N announced/N ./.
The/D higher/N payments/N will/M start/I with/D Social/N Security/C checks/N received/V on/I Jan./N 3/N ,/, 1990/N ./.
_OOV_/N Security/N Income/N payments/N to/T the/D disabled/N also/R will/V rise/I _OOV_/C %/N ,/, starting/V with/I checks/N received/V on/I Dec./N 29/N ,/, 1988/N ,/, increasing/V the/D maximum/N _OOV_/C payment/N to/T $/$ _OOV_/C from/I $/$ _OOV_/C a/D month/N ./.
The/D inflation/J adjustment/N also/I means/N that/I the/D maximum/N annual/V level/N of/I earnings/N subject/V to/T the/D wage/N tax/N that/I generates/J revenue/N for/I the/D Social/N Security/N trust/N fund/N will/M rise/V to/T $/$ _OOV_/C in/I 1990/N from/I $/$ _OOV_/C this/D year/N ./.
As/C mandated/N by/I law/N ,/, the/D tax/N rate/N will/M rise/V to/T _OOV_/C %/N in/I 1990/N from/I _OOV_/C %/N and/C wo/V n't/P rise/R any/M further/V in/I the/D future/N ./.
This/$ means/V that/I the/D maximum/N yearly/J Social/N Security/N tax/N paid/V by/I workers/N and/C employers/N each/D will/J rise/I $/$ _OOV_/C next/J year/N to/T $/$ _OOV_/C ./.
_OOV_/C aged/C 65/N through/C 69/N will/M be/V able/I to/T earn/V $/$ _OOV_/C without/J losing/I any/D Social/N Security/N benefits/N in/I 1990/N ,/, up/R from/I $/$ _OOV_/C this/D year/N ./.
The/D exempt/N amount/N for/I beneficiaries/N under/V 65/N will/M rise/V to/T $/$ _OOV_/C from/I $/$ _OOV_/C ./.
The/D adjustments/N reflect/I the/D increase/N in/I the/D consumer/N price/N index/N for/I urban/D wage/N earners/N and/C clerical/J workers/N from/I the/D third/J quarter/N of/I last/J year/N to/T the/D third/J quarter/N of/I this/D year/N ./.
_OOV_/N companies/N should/M get/V healthier/N in/I the/D third/J quarter/N ./.
_OOV_/J houses/N are/V expected/V to/T report/J earnings/N increases/N of/I about/N 15/C %/N on/I average/N for/I the/D third/J quarter/N ,/, despite/P sales/V increases/N of/I less/J than/I 10/C %/N ,/, analysts/N say/V ./.
To/T offset/V sluggish/J sales/N growth/N ,/, companies/N have/I been/R cutting/V staff/N ,/, mostly/C through/C attrition/N ,/, and/C slowing/V the/D growth/N in/I research/N and/C development/J spending/N ./.
Sales/J growth/N in/I the/D quarter/J was/J slowed/N by/I mounting/N pressure/N from/I groups/N of/I buyers/N ,/, such/N as/I hospitals/N ,/, to/T hold/V down/P prices/N ./.
_OOV_/` were/D also/J hurt/N by/I the/D stronger/J U.S./N dollar/N ,/, which/D makes/J sales/N abroad/I more/J difficult/N ./.
In/I some/D cases/N ,/, competition/V has/P squeezed/P margins/V ./.
_OOV_/N ,/, _OOV_/C &/C Co./N ,/, for/I example/N ,/, faces/I stiff/J competition/N from/I a/D Japanese/N supplier/N in/I the/D important/N syringe/C market/N ./.
The/D Franklin/N Lakes/N ,/, N.J./N ,/, company/N is/V expected/V to/T report/V sales/N growth/N of/I only/D 5/N %/N to/T 6/C %/N ,/, but/P should/M still/V maintain/J earnings/N growth/N of/I 10/C %/N ,/, says/V _OOV_/N E./N _OOV_/N ,/, an/D analyst/N with/I Duff/C &/C Phelps/N Inc/N ./.
Among/V the/D first/J of/I the/D group/N to/T post/V results/N ,/, Abbott/N Laboratories/N said/V third-quarter/C net/J income/N jumped/I 14/C %/N to/T $/$ _OOV_/C million/C ,/, or/V 88/C cents/N a/D share/N ,/, from/I $/$ _OOV_/C million/C ,/, or/V _OOV_/C cents/N a/D share/N ,/, a/D year/J earlier/N ./.
Sales/` for/I the/D company/N ,/, based/N in/I Abbott/J Park/N ,/, Ill./N ,/, rose/V _OOV_/C %/N to/T $/$ 1.31/C billion/C from/I $/$ _OOV_/C billion/C ./.
_OOV_/C International/N Inc./N yesterday/I reported/J net/N climbed/V 20/C %/N in/I the/D third/N period/I to/T $/$ 102/C million/C ,/, or/V 34/C cents/N a/D share/N ,/, from/I $/$ 85/C million/C ,/, or/V 28/C cents/N a/D share/N ,/, a/D year/J earlier/N ./.
Sales/` for/I the/D _OOV_/N ,/, Ill./N ,/, company/N rose/V 5.8/C %/N to/T $/$ _OOV_/C billion/C from/I $/$ 1.71/C billion/C ./.
But/V not/P every/V company/N expects/V to/T report/V increased/J earnings/N ./.
C.R./N Bard/N Inc./N yesterday/I said/P third-quarter/C net/N plunged/I 51/C %/N to/T $/$ _OOV_/C million/C ,/, or/V 18/C cents/N a/D share/N ,/, from/I $/$ 20/C million/C ,/, or/V 35/C cents/N a/D share/N ,/, a/D year/J earlier/N ./.
Sales/` fell/D 1.2/N %/N to/T $/$ _OOV_/C million/C from/I $/$ _OOV_/C million/C ./.
The/D Murray/N Hill/N ,/, N.J./N ,/, company/N said/V full-year/J earnings/N may/M be/V off/I 33/C cents/N a/D share/N because/I the/D company/N removed/V a/D catheter/N from/I the/D market/N ./.
In/I 1988/N ,/, the/D company/N earned/V $/$ _OOV_/C a/D share/N ./.
The/D Food/N and/C Drug/N Administration/N had/I raised/J questions/N about/I the/D device/N 's/P design/N ./.
Some/D analysts/N add/V that/I _OOV_/J pressures/N to/T reduce/V health/N costs/N will/M continue/V to/T _OOV_/C companies/N '/C bottom/N lines/N ./.
Takeover/J speculation/N ,/, which/I has/P been/V _OOV_/N stocks/N of/I supply/N houses/N ,/, may/V also/I ease/N ,/, says/V Peter/N _OOV_/N ,/, an/D analyst/N with/I Drexel/J Burnham/N Lambert/N Inc/N ./.
``/C As/C that/I _OOV_/N ,/, you/V 're/P going/V to/T see/V the/D stocks/J probably/J wane/N as/I well/R ,/, ''/' he/P says/V ./.
_OOV_/N companies/N ,/, meanwhile/N ,/, are/V reporting/J improved/N earnings/N ./.
_OOV_/` by/D strong/J performances/N by/I its/P psychiatric/N hospitals/N ,/, National/N Medical/N _OOV_/N Inc./N ,/, Los/N Angeles/N ,/, reported/V net/N income/N of/I $/$ 50/C million/C ,/, or/V 65/C cents/N a/D share/N ,/, for/I the/D first/J quarter/N ended/I Aug./N 31/N ,/, up/R from/I $/$ 41/C million/C ,/, or/V 56/C cents/N a/D share/N ,/, a/D year/J earlier/N ./.
_OOV_/N Inc./N ,/, Louisville/N ,/, Ky./N ,/, also/I reported/N favorable/V results/N ,/, with/I net/J income/N of/I $/$ 66.7/C million/C ,/, or/V 66/C cents/N ,/, in/I the/D fourth/J quarter/N ended/I Aug./N 31/N ,/, up/R from/I $/$ _OOV_/C million/C ,/, or/V 59/C cents/N ,/, a/D year/J earlier/N ./.
Analysts/N say/V the/D handful/J of/I hospital/C companies/N that/P are/V still/D publicly/J traded/N are/V benefiting/N from/I several/J trends/N ./.
Most/I important/N ,/, hospital/C admission/N rates/N are/V stabilizing/N after/V several/I years/N of/I decline/N ./.
Moreover/N ,/, companies/N have/I sold/R off/V many/R of/I their/P smaller/V ,/, less-profitable/N hospitals/N and/C have/J completed/N painful/V _OOV_/N ./.
_OOV_/` 's/P revenues/N ,/, for/I example/N ,/, are/V being/D boosted/N by/I large/J increases/N in/I enrollments/N in/I the/D company/N 's/P health/N maintenance/N organizations/N ./.
_OOV_/N _OOV_/N _OOV_/N ,/, an/D analyst/N with/I _OOV_/J _OOV_/N _OOV_/N :/: ``/` The/D shakeout/N in/I the/D publicly/N traded/V companies/N is/V over/P ./.
Initial/N claims/N for/I regular/D state/N unemployment/N benefits/N rose/V to/T a/D seasonally/J adjusted/N _OOV_/N during/I the/D week/N ended/V Oct./N 7/N from/I _OOV_/` the/D previous/J week/N ,/, the/D Labor/N Department/N said/P ./.
The/D number/J of/I people/J receiving/N regular/I state/J benefits/N in/I the/D week/N ended/V Sept./` 30/C decreased/C to/T a/D seasonally/J adjusted/N _OOV_/N ,/, or/V 2.2/C %/N of/I those/D covered/J by/I unemployment/J insurance/N ,/, from/I _OOV_/` the/D previous/J week/N ,/, when/I the/D insured/N unemployment/N rate/N also/I was/D 2.2/N %/N ./.
_OOV_/` all/D state/N and/C federal/N benefit/V programs/N ,/, the/D number/J of/I people/J receiving/N unemployment/N benefits/N in/I the/D week/N ended/V Sept./N 30/N fell/V to/T _OOV_/C from/I _OOV_/` a/D week/N earlier/N ./.
These/I figures/N are/V n't/P seasonally/C adjusted/N ./.
A/D Labor/N Department/N spokesman/N said/V the/D unusually/N high/V number/R of/I initial/J claims/N for/I state/J unemployment/N benefits/N reflects/I the/D impact/N of/I Hurricane/C Hugo/N on/I southern/N states/N ,/, particularly/C North/N Carolina/N and/C South/N Carolina/N ./.
The/D figure/N also/R may/V reflect/I initial/J claims/N filed/N by/I striking/J _OOV_/N Corp./N workers/N who/R have/I become/P eligible/V for/I unemployment/J benefits/N ,/, the/D official/N said/P ./.
Digital/J Equipment/N Corp./N reported/V a/D 32/N %/N decline/C in/I net/J income/N on/I a/D modest/J revenue/N gain/V in/I its/P fiscal/N first/V quarter/R ,/, causing/N some/I analysts/N to/T predict/V weaker/M results/V ahead/V than/I they/P had/V expected/P ./.
Although/I the/D second-largest/N computer/N maker/V had/P prepared/V Wall/N Street/N for/I a/D poor/J quarter/N ,/, analysts/N said/V they/P were/V troubled/R by/I signs/J of/I flat/J U.S./N orders/V and/C a/D slowdown/N in/I the/D rate/N of/I gain/N in/I foreign/N orders/P ./.
The/D Maynard/N ,/, Mass./N ,/, company/N is/V in/I a/D transition/N in/I which/D it/N is/V trying/V to/T reduce/V its/P reliance/N on/I _OOV_/N machines/V and/C establish/N a/D presence/N in/I workstations/N and/C mainframes/N ./.
Net/N for/I the/D quarter/J ended/I Sept./N 30/N fell/V to/T $/$ _OOV_/C million/C ,/, or/V $/$ _OOV_/C a/D share/N ,/, from/I $/$ _OOV_/C million/C ,/, or/V $/$ 1.71/C a/D share/N ,/, a/D year/J ago/N ./.
Revenue/N rose/V 6.4/C %/N to/T $/$ _OOV_/C billion/C from/I $/$ _OOV_/C billion/C ./.
Digital/N said/V a/D shift/J in/I its/P product/N mix/V toward/I _OOV_/C products/N and/C strong/J growth/N in/I workstation/J sales/N yielded/I lower/J gross/N margins/I ./.
A/D spokesman/N also/I said/P margins/V for/I the/D company/N 's/P service/N business/N narrowed/V somewhat/I because/P of/I heavy/J investments/N made/V in/I that/D sector/N ./.
The/D lack/N of/I a/D strong/J product/N at/I the/D high/N end/V of/I Digital/N 's/P line/N was/V a/D significant/C drag/N on/I sales/N ./.
Digital/N hopes/V to/T address/, that/I with/I the/D debut/N of/I its/P first/V _OOV_/C computers/N next/V Tuesday/P ./.
The/D new/J line/N is/V aimed/R directly/V at/I International/J Business/N Machines/N Corp/N ./.
``/N Until/V the/D new/J mainframe/N products/N kick/N in/V ,/, there/R wo/V n't/P be/M a/D lot/N of/I revenue/N contribution/N at/I the/D high/N end/V ,/, and/C that/I 's/P hurt/C us/N ,/, ''/' said/V Mark/N _OOV_/N ,/, Digital/V 's/P director/N of/I investor/N relations/N ./.
He/V said/P unfavorable/V currency/N translations/V were/R also/I a/D factor/N in/I the/D quarter/J ./.
_OOV_/J shares/N rose/V $/$ 1.375/C to/T $/$ _OOV_/C apiece/V in/I consolidated/J New/N York/N Stock/V Exchange/N trading/N yesterday/V ./.
But/R analysts/V said/P that/V against/I the/D backdrop/N of/I a/D nearly/J _OOV_/N rise/R in/I the/D Dow/N Jones/N Industrial/N Average/N ,/, that/P should/M n't/P necessarily/M be/V taken/R as/I a/D sign/N of/I great/J strength/N ./.
Some/D cut/J their/I earnings/J estimates/N for/I the/D stock/N this/D year/N and/C predicted/I more/R efforts/V to/T control/V costs/N ahead/V ./.
``/` I/P think/V the/D next/N few/I quarters/N will/M be/M difficult/V ,/, ''/' said/V Steven/N _OOV_/N of/I First/N Boston/N ./.
``/N _OOV_/N will/M remain/T under/V pressure/N ,/, and/C when/I the/D new/J mainframe/N does/M ship/V ,/, I/P 'm/P not/P sure/V it/P will/M be/V a/D big/N winner/P ./.
''/I Mr./N _OOV_/N said/V he/P was/V revising/N his/P estimate/N for/I _OOV_/C 's/P current/N year/N from/I $/$ 8.20/C a/D share/N to/T ``/C well/R below/I $/$ 8/C ,/, ''/N although/I he/P has/V n't/P settled/V on/I a/D final/J number/N ./.
One/J troubling/J aspect/N of/I _OOV_/C 's/P results/N ,/, analysts/V said/P ,/, was/V its/P performance/N in/I Europe/N ./.
_OOV_/` said/P its/C overseas/J business/N ,/, which/W now/V accounts/C for/I more/J than/I half/R of/I sales/N ,/, improved/N in/I the/D quarter/J ./.
It/P even/V took/I the/D unusually/N frank/V step/D of/I telling/J analysts/N in/I a/D morning/J conference/N call/V that/P orders/V in/I Europe/N were/I up/R in/I ``/C double/J digits/N ''/N in/I foreign-currency/J terms/N ./.
That/P gain/V probably/R translated/R into/V about/I 5/C %/N to/T 7/C %/N in/I dollar/N terms/N ,/, well/V below/I recent/N quarters/V '/C gains/N of/I above/N 20/C %/N ,/, reckons/V Jay/N _OOV_/N of/I _OOV_/C _OOV_/N _OOV_/N ./.
``/` That/P was/V a/D disappointment/C ''/' and/C a/D sign/N of/I overall/N _OOV_/N softness/V in/I Europe/N ,/, Mr./N _OOV_/N said/P ./.
Marc/N _OOV_/N ,/, with/I _OOV_/C Securities/N in/I New/N York/N ,/, dropped/V his/P estimate/N of/I _OOV_/C 's/P full-year/C net/N to/T $/$ _OOV_/C a/D share/N from/I $/$ 8/C ./.
Although/I overall/N revenues/N were/I stronger/C ,/, Mr./N _OOV_/N said/V ,/, _OOV_/N ``/N drew/V down/P its/P European/N backlog/N ''/' and/C had/P flat/V world-wide/C orders/J overall/N ./.
``/` The/D bottom/N line/N is/V that/I it/I 's/P more/I hand/P to/T mouth/V than/I it/I has/P been/V before/R ,/, ''/' he/V said/P ./.
Mr./N _OOV_/N said/V he/P believes/V that/I the/D _OOV_/N of/I _OOV_/C 's/P new/J mainframe/N will/M ``/C occur/J somewhat/I more/I leisurely/C ''/N than/I many/R of/I his/P investment/N colleagues/N expect/M ./.
He/V said/P current/N expectations/N are/V for/I an/D entry/J level/N machine/N to/T be/M shipped/V in/I December/N ,/, with/W all/V of/I the/D more/J sophisticated/N versions/V out/R by/I June/N ./.
For/N reasons/V he/P would/P n't/. elaborate/J on/N ,/, he/P said/V he/P 's/P sure/V that/I schedule/N wo/V n't/P be/M met/V ,/, meaning/V less/I profit/J impact/N from/I the/D product/N for/I _OOV_/N in/I the/D next/N few/I quarters/N ./.
John/N R./N _OOV_/N contributed/V to/T this/D article/N ./.
Colgate/N _OOV_/N Co./N reported/V third-quarter/C net/J income/N rose/V 27/C %/N ,/, bolstered/V by/I strong/J sales/N in/I its/P Latin/N American/' business/N and/C surprisingly/D healthy/J profits/N from/I U.S./J operations/N ./.
Colgate/` said/P net/N income/N for/I the/D quarter/J rose/N to/T $/$ _OOV_/C million/C ,/, or/V $/$ _OOV_/C a/D share/N ,/, on/I sales/N that/I increased/J 6/N %/N to/T $/$ 1.3/C billion/C ./.
In/I the/D year-earlier/N period/V ,/, Colgate/C posted/J net/N income/N of/I $/$ _OOV_/C million/C ,/, or/V 88/C cents/N a/D share/N ./.
Last/J year/N 's/P results/N included/I earnings/N from/I discontinued/J operations/N of/I $/$ 13.1/C million/C ,/, or/V 19/C cents/N a/D share/N ./.
_OOV_/N Mark/N ,/, chairman/N and/C chief/N executive/J officer/N of/I Colgate/N ,/, said/P earnings/N growth/N was/V fueled/V by/I strong/J sales/N in/I Latin/N America/N ,/, the/D Far/N East/N and/C Europe/N ./.
Results/I were/D also/J bolstered/N by/I ``/` a/D very/J meaningful/J increase/N in/I operating/J profit/N at/I Colgate/C 's/P U.S./C business/N ,/, ''/' he/V said/P ./.
Operating/J profit/N at/I Colgate/C 's/P U.S./N household/V products/N and/C personal/V care/J businesses/N ,/, which/D include/J such/J well-known/N brands/N as/I Colgate/J toothpaste/N and/C _OOV_/N laundry/V detergent/N ,/, jumped/I more/R than/I 40/C %/N ,/, the/D company/N said/P ./.
Mr./N Mark/N attributed/C the/D improvement/N to/T cost/V savings/N achieved/V by/I consolidating/J manufacturing/N operations/N ,/, blending/V together/C two/C sales/N organizations/N and/C more/I carefully/D focusing/N the/D company/N 's/P promotional/J activities/N ./.
``/N We/V 've/P done/V a/D lot/N to/T improve/V -LRB-/N U.S/N ./. -RRB-/- results/N and/C a/D lot/J more/N will/M be/M done/V ,/, ''/' Mr./N Mark/N said/P ./.
``/N _OOV_/N profitability/N of/I U.S./C operations/N is/V an/D extremely/N high/V priority/N in/I the/D company/N ./. ''/'
Colgate/` 's/P results/N were/V at/I the/D high/N end/V of/I the/D range/N of/I analysts/N '/C forecasts/N ./.
The/D scope/N of/I the/D improvement/N in/I the/D U.S./N business/N caught/V some/D analysts/N by/I surprise/T ./.
The/D company/N 's/P domestic/N business/N ,/, especially/C its/P household/V products/N division/N ,/, has/P performed/J poorly/N for/I years/N ./.
Analysts/N say/V the/D earnings/N improvement/N came/V from/I cutting/J costs/N rather/V than/I increasing/J sales/N ./.
For/I the/D nine/J months/N ,/, net/N increased/N 14/C %/N to/T $/$ _OOV_/C million/C ,/, or/V $/$ _OOV_/C a/D share/N ./.
Sales/N rose/V 7/C %/N to/T $/$ 3.8/C billion/C ./.
The/D company/N earned/V $/$ _OOV_/C million/C ,/, or/V $/$ 2.79/C a/D share/N ,/, in/I the/D year-earlier/N period/I ./.
Colgate/` 's/P 1988/C net/J income/N included/I $/$ _OOV_/C million/C ,/, or/V 59/C cents/N a/D share/N ,/, from/I discontinued/J operations/N ./.
Colgate/N sold/V its/P hospital/C supply/N and/C home/J health/N care/N business/J last/J year/N ./.
Separately/N ,/, Colgate/C Wednesday/N finalized/V an/D agreement/N with/I _OOV_/J Corp./N ,/, a/D tiny/J dental/N products/N and/C pharmaceutical/N concern/J based/N in/I _OOV_/N ,/, Mass./N ,/, to/T market/V in/I the/D U.S./N four/C of/I _OOV_/C 's/P _OOV_/N dental/N products/N ./.
The/D products/N --/: _OOV_/C and/C bonding/N materials/M used/R by/I dentists/N --/: all/V contain/C fluoride/N that/P is/V released/V over/I time/D ./.
The/: move/M is/V part/I of/I a/D drive/N to/T increase/V Colgate/C 's/P business/N with/I dentists/N ,/, a/D company/N spokeswoman/N said/P ./.
Terms/N of/I the/D agreement/N were/I n't/P given/P ./.
_OOV_/J Limited/N _OOV_/N said/V it/P completed/V the/D sale/N of/I its/P _OOV_/C restaurant/N franchise/V system/N to/T a/D subsidiary/N of/I _OOV_/C Co./N for/I $/$ 71/C million/C in/I cash/N ./.
_OOV_/N ,/, which/W is/V nearly/C _OOV_/` by/D Sam/N and/C Charles/N _OOV_/N of/I Dallas/N ,/, said/V it/P will/M distribute/V proceeds/N from/I the/D sale/N to/T unit/V holders/N as/I a/D _OOV_/N dividend/N as/I soon/P as/P possible/V ./.
The/D _OOV_/N franchise/V system/N ,/, which/D generates/N about/I $/$ 600/C million/C in/I sales/J annually/N ,/, represented/J substantially/N all/V of/I the/D partnership/N 's/P assets/N ./.
The/D sale/N of/I the/D system/N has/P been/V challenged/R in/I a/D class-action/N suit/N on/I behalf/N of/I unit/N holders/V filed/N last/I week/N in/I a/D Delaware/N court/N ,/, _OOV_/` said/P ./.
The/D company/N said/V it/P believes/V the/D suit/N is/V without/I merit/P ./.
American/I Telephone/N &/C Telegraph/N Co./N unveiled/V a/D sweetened/N pension/N and/C _OOV_/N program/N for/I management/N that/I it/P hopes/V will/M enable/V it/I to/T save/V $/$ _OOV_/C million/C in/I the/D next/J year/N ./.
AT&T/N also/I said/P net/N income/N rose/V 19/C %/N in/I the/D third/J quarter/N ./.
AT&T/` said/P its/C amended/N pension/N program/N will/M nearly/R double/V to/T _OOV_/C the/D number/J of/I managers/J eligible/N to/T retire/V with/W immediate/V pension/N payments/N ./.
AT&T/N said/V that/D based/N on/I studies/N of/I other/J companies/N that/I have/R offered/I retirement/J plans/N ,/, it/R expects/I about/J one-third/N of/I its/P eligible/V managers/N to/T retire/V under/V the/D new/J program/N ./.
AT&T/` said/P third-quarter/C net/J income/N grew/R ,/, despite/P stiff/V competition/V in/I all/R of/I the/D company/N 's/P markets/N ./.
Net/J income/N rose/V to/T $/$ _OOV_/C million/C ,/, or/V 65/C cents/N a/D share/N ,/, from/I the/D year-earlier/N $/$ _OOV_/C million/C or/C 55/C cents/N a/D share/N ./.
Revenue/` edged/P up/V to/T $/$ 8.9/C billion/C from/I $/$ _OOV_/C billion/C ./.
The/D latest/N period/I 's/P net/N was/V reduced/N $/$ 102/C million/C ,/, or/V nine/C cents/N a/D share/N ,/, for/I a/D change/N in/I depreciation/J method/N and/C concurrent/N changes/N in/I estimates/N of/I _OOV_/N lives/V and/C net/N salvage/N for/I certain/J telecommunications/N equipment/N ./.
The/D results/N roughly/I matched/D estimates/N of/I securities/N analysts/N ,/, who/R were/I encouraged/R by/I AT&T/J increasing/N its/I operating/N margin/V to/T 13/C %/N from/I 11/C %/N a/D year/J ago/N ,/, because/V of/I continued/I _OOV_/N efforts/N ./.
Sales/N of/I long-distance/C services/N ,/, an/D extremely/N competitive/V market/N ,/, rose/V 6.4/C %/N ./.
But/I the/D growth/N was/V partly/I offset/N by/I lower/J equipment/N sales/V and/C rentals/N and/C price/N cuts/N on/I some/D products/N ./.
Under/I the/D amended/N pension/N program/N ,/, AT&T/N managers/N who/R have/I at/R least/I five/C years/N of/I service/N will/M have/V five/C years/N added/I to/T their/P age/V and/C length/N of/I service/N for/I pension/N purposes/N ./.
Managers/N who/R retire/V Dec./N 30/N will/M have/V an/D additional/N 15/C %/N added/I to/T their/P monthly/V pension/N for/I as/P long/I as/P five/C years/V or/C age/V 65/N ,/, whichever/R comes/V earlier/R ./.
An/N AT&T/N spokeswoman/N said/V the/D company/N would/I likely/I replace/N about/I one-third/N of/I its/P managers/N who/R choose/V to/T retire/V with/W new/V employees/N ./.
Analysts/N hailed/I the/D sweetened/N pension/N package/N ,/, which/I they/P said/V had/P been/V the/D subject/N of/I rumors/J for/N several/I months/N ./.
``/C This/$ tells/V you/P AT&T/N is/V serious/V about/I continuing/P to/T manage/V their/P cost/N structure/N and/C is/V committed/N to/T _OOV_/C earnings/N growth/N ,/, ''/' said/V Jack/N _OOV_/N ,/, an/D analyst/N with/I PaineWebber/J Inc/N ./.
But/P other/J analysts/N expressed/V disappointment/R that/I the/D _OOV_/N move/M wo/V n't/P result/V in/I even/D greater/C earnings/N growth/N ./.
``/C This/$ is/V a/D good/N move/M ,/, but/P it/I only/D gets/J you/N to/T where/V people/R 's/P expectations/V already/D are/J ,/, ''/N in/I terms/N of/I earnings/N growth/N ,/, said/P Joel/C D./J _OOV_/N ,/, an/D analyst/N with/I Donaldson/N ,/, Lufkin/C &/C Jenrette/N ./.
Mr./N _OOV_/N said/V he/P had/P hoped/V that/I a/D cost/N savings/N of/I $/$ _OOV_/C million/C would/P result/V in/I even/D greater/J growth/N than/I the/D 20/N %/N annual/V earnings/N increase/N AT&T/N has/V told/R analysts/V it/P expects/V in/I the/D future/N ./.
AT&T/N said/V the/D special/N retirement/V option/N will/M increase/V fourth-quarter/C expenses/N ./.
But/I the/D company/N said/V the/D amount/N ca/V n't/P be/M determined/V until/I it/P knows/V how/P many/R managers/V opt/N to/T retire/V ./.
AT&T/N said/V the/D expense/J increase/N will/M be/V largely/I offset/N by/I a/D gain/N from/I its/P previously/V announced/V plan/N to/T swap/V its/P holdings/N in/I Ing/N ./. C./- Olivetti/C &/C Co./N for/I shares/N in/I Cie/N ./. _OOV_/- _OOV_/N ,/, an/D Italian/N holding/V company/N ./.
For/I the/D nine/J months/N ,/, AT&T/` said/P net/N income/N was/V $/$ _OOV_/C billion/C ,/, or/V $/$ 1.85/C a/D share/N ,/, up/I 19/C %/N from/I $/$ _OOV_/C billion/C ,/, or/V $/$ 1.56/C a/D share/N ./.
Revenue/N gained/I 3.1/C %/N to/T $/$ _OOV_/C billion/C from/I $/$ 26/C billion/C ./.
In/I composite/J trading/N yesterday/I on/I the/D New/N York/N Stock/V Exchange/N ,/, AT&T/C shares/J closed/N at/I $/$ _OOV_/C ,/, up/I 87.5/C cents/N ./.
When/V it/P comes/V to/T buying/V and/C selling/J shares/N ,/, _OOV_/N Capital/N Management/N Inc./N takes/I a/D back/J seat/N to/T no/D one/N ./.
Every/D dollar/N 's/P worth/N of/I stock/N in/I the/D Los/N Angeles/N money/V manager/N 's/P portfolio/N is/V traded/V seven/R or/C eight/R times/I a/D year/N ,/, the/D firm/J estimates/N ./.
That/P makes/V it/I the/D most/J active/N trader/N among/P all/V the/D nation/N 's/P investment/N advisers/N ,/, according/V to/T Securities/V and/C Exchange/C Commission/N filings/N ./.
But/P wait/V a/D second/N ./.
_OOV_/N Capital/N is/V an/D index/N fund/N --/: the/D type/N of/I _OOV_/C long-term/N investor/N whose/I goal/D is/J to/T be/V nothing/V more/R than/I average/N ./.
_OOV_/` Capital/C 's/P frenetic/J trading/N reflects/I the/D changes/N sweeping/D through/C the/D previously/J sleepy/N world/N of/I indexing/N ./.
_OOV_/` for/I the/D most/J part/I has/P involved/V simply/R buying/V and/C then/N holding/V stocks/R in/I the/D correct/N mix/I to/T mirror/V a/D stock/J market/N barometer/N ,/, such/N as/I Standard/C &/N Poor/V 's/P 500-stock/C index/N ,/, and/C match/V its/P performance/N ./.
_OOV_/J investors/N have/I poured/J $/$ 210/C billion/C into/C stock/N and/C bond/J indexing/N as/I a/D cheap/N and/C easy/D form/N of/I investment/N management/N that/W promises/V to/T post/V average/J market/N returns/V ./.
These/I big/J investors/N have/I flocked/R to/T indexing/V because/T relatively/C few/I ``/N active/N ''/' stock/J pickers/N have/V been/V able/P to/T consistently/P match/V the/D returns/N of/I the/D S&P/N 500/N or/V other/V _OOV_/N ,/, much/I less/R beat/V it/P ./.
And/I the/D fees/N investors/N pay/N for/I indexing/N run/V a/D few/J pennies/N for/I each/D $/$ 100/C of/I assets/N --/: a/D fraction/N of/I the/D cost/N of/I active/N managers/N ./.
That/I 's/P because/T computers/V do/V most/R of/I the/D work/N ,/, and/C low/C trading/N activity/R keeps/I a/D lid/N on/I commission/N costs/N ./.
But/V today/R ,/, indexing/N is/V moving/V from/I a/D passive/J investment/N strategy/V to/T an/V increasingly/I active/N one/N ./.
Because/J _OOV_/N managers/N are/V no/I longer/D satisfied/J with/W merely/V being/D average/N ,/, they/P have/V developed/R ``/C enhanced/N ''/' indexing/N strategies/V that/P are/V intended/V to/T outperform/V the/D market/N as/I much/J as/I three/J percentage/N points/V ./.
``/N _OOV_/N has/P been/V the/D most/I single/D successful/J investment/N concept/V in/I the/D last/J decade/N ,/, but/I the/D index/N money/V has/P been/V just/R sort/V of/I sitting/N there/V ,/, ''/' says/V _OOV_/N M./N _OOV_/N ,/, president/N of/I _OOV_/C _OOV_/N Investors/N Inc./N ,/, an/D _OOV_/N based/N in/I _OOV_/N ,/, _OOV_/N ./.
``/` Now/I the/D interest/N is/V in/I what/J else/N can/M I/P do/V with/I that/D money/N ./. ''/'
Among/V the/D _OOV_/N indexing/N strategies/V :/P _OOV_/N portfolios/N can/M be/V built/I around/D thousands/C of/I stocks/N ,/, or/V just/V a/D few/J dozen/N ,/, rather/T than/I being/D restricted/N to/T the/D S&P/N 500/N companies/N ./.
They/P can/M ignore/V the/D S&P/N 500/N stocks/N altogether/D and/C focus/N on/I particular/J types/N of/I stocks/N ,/, such/N as/V smaller/I companies/N ,/, those/V paying/I high/J dividends/N or/V companies/N in/I a/D particular/J industry/N ,/, state/N or/C country/N ./.
With/N today/I 's/P _OOV_/C program/N trading/N techniques/N ,/, index/N funds/N can/M trade/N back/V and/C forth/P between/V stock-index/C futures/N and/C the/I actual/D stocks/J making/N up/I indexes/J such/N as/I the/D S&P/N 500/N ./.
Futures/C and/C options/N also/I make/I it/P possible/V to/T build/V ``/N synthetic/N ''/' index/V funds/N that/W do/V n't/P actually/R own/I a/D single/D share/N of/I stock/N ,/, but/P can/M produce/V returns/V that/I match/R or/V exceed/N the/D broad/J stock/J market/N ./.
One/R reason/V for/I these/D hybrids/N is/V that/P indexing/V 's/P rapid/J growth/N is/V slowing/N ,/, particularly/C for/I those/D ``/N plain/N vanilla/N ''/' funds/N that/I mirror/N the/D 500/N ./.
``/J There/N is/V n't/I a/D _OOV_/N -LCB-/N of/I big/N investors/V -RCB-/` out/P there/V still/R waiting/V to/T get/V into/I indexing/N ,/, ''/' says/V P./N James/N _OOV_/N ,/, vice/N president/N of/I _OOV_/C Investment/N Management/N Co./N ,/, Chicago/N ,/, which/D offers/N both/I indexing/N and/C active/N management/N services/N ./.
After/V tripling/R in/I size/J in/I the/D past/J five/J years/N ,/, index/N funds/N now/V hold/V about/I 20/C %/N of/I the/D stock/J owned/N by/I pension/N funds/N ./.
A/D further/J problem/N is/V _OOV_/C profits/N ./.
_OOV_/N funds/N have/I become/P so/V commonplace/R that/I fees/N they/P can/M charge/V have/R plunged/V to/T almost/D nothing/N ,/, and/C in/I some/D cases/N are/V just/V that/P ./.
To/N land/J customers/N for/I their/P _OOV_/C stock/J custodial/N business/N ,/, big/V banks/J sometimes/N will/M throw/V in/I basic/J indexing/N services/N for/I free/N ./.
``/` It/P 's/P like/C getting/V a/D free/N toaster/V when/I you/P open/V an/D account/N ,/, ''/' says/V _OOV_/N _OOV_/N 's/P Mr./N _OOV_/N ./.
As/C a/D result/N ,/, _OOV_/N have/V been/R looking/V for/R ways/V to/T give/V investors/N something/V more/R than/I the/D average/N for/I their/P money/V ./.
And/P many/R have/V been/V successful/P ,/, as/R in/I the/D case/N of/I the/D index/N fund/N operated/N by/I _OOV_/J _OOV_/N Capital/N ./.
_OOV_/N Capital/N has/V used/I enhanced/J indexing/N techniques/N to/T beat/V the/D S&P/N 500/N 's/P returns/V by/I 2.5/C to/T 3/C percentage/N points/V over/I the/D past/J four/J years/N ,/, with/I the/D same/I risk/J level/N as/P holding/V the/D S&P/N 500/N stocks/N ,/, according/V to/T James/C _OOV_/N ,/, the/D firm/N 's/P president/N ./.
_OOV_/N vary/V for/I _OOV_/N Capital/N ,/, which/W has/V $/$ 300/C million/C under/J management/N ./.
The/D firm/N sometimes/R buys/V S&P/N 500/N futures/N when/I they/P are/V selling/V at/I a/D discount/N to/T the/D actual/D stocks/N ,/, and/C will/M switch/V back/R and/C forth/P between/V stocks/R and/C stock-index/N futures/N to/T take/P advantages/N of/I any/D momentary/J price/N _OOV_/N ./.
Mr./N _OOV_/N also/I goes/P through/C periods/R when/I he/P buys/J stocks/N in/I conjunction/N with/I options/N to/T boost/V returns/V and/C protect/N against/P declines/N ./.
And/P in/I some/D months/N ,/, he/P buys/V stock-index/C futures/N and/C not/P stocks/N at/I all/P ./.
``/` By/I their/P nature/V ,/, our/V trades/R are/V very/I short-term/C and/C are/V going/V to/T create/V high/V turnover/N ,/, ''/' Mr./N _OOV_/N adds/N ./.
``/N The/: more/I turnover/N ,/, the/D better/J for/I our/P clients/N ./. ''/'
Big/I _OOV_/N Bankers/C Trust/N Co./N also/I uses/J futures/N in/I a/D strategy/N that/I on/I average/N has/V added/I one/C percentage/N point/I to/T its/P enhanced/N fund/N 's/P returns/N ./.
J./N Thomas/N _OOV_/N ,/, president/N of/I _OOV_/C Advanced/N Investment/N Management/N Inc./N ,/, agrees/N it/I 's/P a/D good/J idea/N to/T jump/V between/I the/D S&P/N 500/N stocks/N and/C futures/N ./.
``/N You/, 're/P buying/V the/D S&P/N ,/, and/C you/V always/P want/V to/T hold/V the/D cheapest/J form/N of/I it/P ,/, ''/' he/P says/V ./.
But/R some/I _OOV_/N make/M little/R or/V no/D use/N of/I futures/N ,/, saying/R that/I these/D instruments/J present/N added/I risks/N for/I investors/N ./.
``/` If/I the/D futures/N markets/N have/I a/D problem/N ,/, then/N those/I products/N could/P have/I a/D problem/N ,/, ''/' says/V John/N _OOV_/N ,/, managing/J director/N of/I Prudential/C Insurance/N Co./N of/I America/C 's/P Investment/J Index/N Technologies/N Inc./N unit/N ./.
Prudential/J currently/N is/V seeking/J approval/N to/T offer/V a/D new/J fund/N offering/I a/D return/J equal/N to/T the/D S&P/N 500/N index/N plus/R of/I a/D percentage/N point/I ./.
An/N added/V feature/R is/V that/I the/D _OOV_/N improved/N return/V would/P be/M guaranteed/V by/I Prudential/N ./.
There/N are/V many/R other/V strategies/V to/T bolster/V the/D returns/N of/I index/N funds/N ./.
They/P include/N :/:
LIMITED/N RISK/C FUNDS/N :/: These/N guarantee/N protection/N against/I stock/J market/N declines/N while/I still/D passing/N along/V most/I gains/N ./.
Here/I a/D fund/N may/N promise/N to/T pay/V back/R ,/, say/V ,/, $/$ 95/C of/I every/N $/$ 100/C invested/N for/I a/D year/N ,/, even/V if/I the/D market/N goes/V much/R lower/V ./.
The/D fund/N could/M invest/V $/$ 87/C for/I one/J year/N in/I Treasury/C bills/N yielding/I 8/C %/N to/T return/V the/D guaranteed/N $/$ 95/C ./.
That/P leaves/N $/$ 13/C ,/, which/I could/P be/M used/V to/T buy/V S&P/N 500/N options/N that/P will/M nearly/V match/R any/M gain/V in/I the/D S&P/N index/N ./.
_OOV_/N _OOV_/N FUNDS/N :/: Say/N a/D big/J investor/N is/V interested/N in/I growth/J stocks/N ./.
Instead/N of/I hiring/J one/N of/I the/D many/J active/N managers/N specializing/N in/I growth/J stocks/N ,/, _OOV_/N can/M design/V a/D portfolio/N around/I the/D same/J stocks/N ;/C the/D portfolio/N will/M be/V maintained/I by/D computer/N ,/, reducing/N both/I fees/N and/C ,/, in/I theory/J ,/, risk/V -LRB-/N because/V of/I the/D large/J number/N of/I stocks/J -RRB-/N ./.
``/J We/N see/V a/D lot/N of/I interest/N in/I those/D kind/N of/I things/N ,/, ''/' says/V Frank/N _OOV_/N ,/, a/D vice/N president/N of/I Bankers/C Trust/N ./.
``/N People/' comfortable/V with/I the/D passive/J approach/N are/V using/I them/P for/N other/V strategies/P ./. ''/'
_OOV_/N FUNDS/N :/: This/$ is/V an/D index/N fund/N with/I a/D bet/N ./.
Instead/N of/I replicating/R the/D S&P/N 500/N or/N some/I other/J index/N exactly/V ,/, some/I stocks/J are/J _OOV_/N or/V _OOV_/N in/I the/D portfolio/N ./.
One/I simple/D approach/N is/V to/T exclude/C S&P/N 500/N companies/N considered/I bankruptcy/N candidates/V ;/C this/D can/M avoid/V weak/N sisters/V ,/, but/P also/R can/M hurt/V when/I a/D company/N like/V Chrysler/N Corp./N rebounds/V ./.
Another/N approach/N :/: An/N investor/N with/I $/$ 100/C million/C might/M use/V $/$ 75/C million/C to/T buy/V the/D S&P/N 500/N index/N and/C spend/V the/D other/J $/$ 25/C million/C on/I a/D favorite/N group/N of/I stocks/N ./.
_OOV_/N FUNDS/N :/: _OOV_/N can/M be/V constructed/I to/T serve/V social/C goals/V ,/, such/V as/P eliminating/V the/D stocks/N of/I companies/N doing/V business/N in/I South/N Africa/N ./.
Other/N funds/N have/V been/V designed/N to/T concentrate/V on/I stocks/N in/I a/D geographic/N area/N in/I order/T to/T encourage/V local/J investment/N ./.
Pennsylvania/C State/N Employees/N Retirement/C System/N ,/, for/I example/N ,/, has/P about/V $/$ 130/C million/C invested/N in/I a/D fund/N of/I _OOV_/C companies/N that/I are/R either/M Pennsylvania-based/C or/N have/I 25/C %/N of/I their/P work/V forces/N in/I the/D state/N ./.
Short/J interest/N on/I the/D New/N York/N Stock/V Exchange/N declined/V for/I the/D second/J consecutive/J month/N ,/, this/I time/I 4.2/C %/N ,/, while/I the/D American/N Stock/V Exchange/N reported/V its/P third/V consecutive/V record/J month/N of/I short/J interest/N ./.
The/D Big/N Board/N reported/V that/D short/J interest/N dropped/V to/T _OOV_/C shares/N as/R of/I Oct./C 13/N from/I _OOV_/J shares/N in/I mid-September/N ./.
_OOV_/C short/J interest/N climbed/V 3/C %/N to/T _OOV_/C shares/N from/I _OOV_/J shares/N ./.
For/I the/D year-earlier/J month/N ,/, the/D Big/N Board/N reported/V _OOV_/N shares/N ,/, indicating/V a/D 13.5/N %/N _OOV_/N rise/V ,/, while/I the/D _OOV_/N reported/V _OOV_/N shares/N ,/, a/D 48/N %/N leap/N ./.
_OOV_/C short/J interest/N has/V been/R heading/V upward/R since/I mid-December/N ,/, with/I increases/N in/I each/D month/N since/V then/J except/N at/I _OOV_/N ./.
Traders/N who/I sell/J short/N borrow/V stock/N and/C sell/V it/P ,/, betting/V that/I the/D stock/N 's/P price/N will/M decline/C and/C that/I they/P can/M buy/V the/D shares/N back/R later/V at/I a/D lower/J price/N for/I return/N to/T the/D lender/N ./.
Short/J interest/N is/V the/D number/J of/I shares/N that/I have/I n't/P yet/V been/V purchased/N for/I return/N to/T lenders/N ./.
Although/I a/D substantial/J short/N position/D reflects/J heavy/N speculation/V that/I a/D stock/N 's/P price/N will/M decline/V ,/, some/I investors/N consider/V an/D increase/N in/I short/J interest/N bullish/N because/I the/D borrowed/J shares/N eventually/V must/T be/V bought/V back/P ./.
_OOV_/N in/I short/J interest/N of/I certain/N stocks/J also/J may/N be/M caused/V partly/R by/I _OOV_/N ./.
The/D figures/J occasionally/J include/N incomplete/I transactions/N in/I restricted/J stock/N ./.
The/D level/N of/I negative/N sentiment/I measured/N by/I the/D Big/N Board/N short/I interest/J ratio/N slipped/V to/T _OOV_/C from/I last/R month/V 's/P _OOV_/N ./.
The/D ratio/N is/V the/D number/J of/I trading/J days/N ,/, at/I the/D exchange/N 's/P average/J trading/N volume/V ,/, that/I would/P be/M required/V to/T convert/V the/D total/J short/J interest/N position/M ./.
Some/C analysts/J suggest/N ,/, however/W ,/, that/I the/D ratio/J has/J weakened/N in/I value/N as/I an/D indicator/N because/T options/V and/C other/J products/N can/M be/V used/V to/T hedge/J short/N positions/V ./.
_OOV_/J Corp./N led/I the/D Big/N Board/N list/R of/I largest/J short/J volumes/N with/I _OOV_/J shares/N ./.
_OOV_/` has/P proposed/N to/T acquire/V _OOV_/N Corp./N ,/, consisting/N of/I the/D auto/N parts/V division/V and/C some/I debt/N of/I _OOV_/C Corp./N ,/, for/I $/$ _OOV_/C million/C of/I cash/N and/C securities/N ./.
Chemical/D Waste/N Management/N posted/V the/D biggest/J increase/N in/I short/J volume/N on/I the/D New/N York/N exchange/N ,/, up/I _OOV_/J shares/N to/T _OOV_/C ./.
Bristol-Myers/N Squibb/N Co./N ,/, the/D entity/J formed/N from/I the/D recent/J acquisition/N of/I Squibb/C Corp./N by/I Bristol-Myers/J Co./N ,/, logged/V the/D largest/N volume/J decline/N ,/, _OOV_/N shares/N ,/, to/T _OOV_/C ./.
Short/J interest/N in/I International/J Business/N Machines/N Corp./N plunged/V to/T _OOV_/C shares/N from/I _OOV_/N shares/V a/D month/J earlier/N ./.
Also/D closely/J watched/N is/V Exxon/C Corp./N ,/, where/V short/I interest/N slid/I to/T _OOV_/C shares/N from/I _OOV_/N ./.
On/V a/D percentage/N basis/N ,/, Germany/N Fund/N Inc./N led/I the/D gainers/N ,/, leaping/V to/T _OOV_/C shares/N from/I three/J shares/N ./.
_OOV_/N _OOV_/N Ltd./N led/I the/D percentage/N _OOV_/N ,/, dropping/V to/T 59/C shares/N from/I _OOV_/N ./.
The/D _OOV_/N short/V interest/J volume/N leader/N again/I was/D Texas/N Air/N Corp./N ,/, rising/V to/T _OOV_/C shares/N from/I _OOV_/N ./.
_OOV_/C Pharmaceutical/N Co./N posted/V the/D largest/N volume/J increase/N ,/, _OOV_/N shares/N ,/, to/T _OOV_/C ./.
The/D company/N is/V under/V an/D investigation/N concerning/V procedures/N to/T gain/V Food/N and/C Drug/N Administration/N approval/N of/I generic/J drugs/N ./.
_OOV_/` has/P denied/N any/M wrongdoing/V ./.
The/D largest/J volume/N drop/I --/D down/J _OOV_/N shares/N to/T _OOV_/C --/: came/V in/I shares/J represented/N by/I _OOV_/J Industries/N PLC/N 's/P American/' depositary/V receipts/N ./.
The/D company/N is/V facing/V a/D takeover/N proposal/N from/I the/D financier/N Sir/N James/N _OOV_/N ./.
First/D _OOV_/N Fund/N led/I the/D percentage/J increases/N ,/, rising/V to/T _OOV_/C shares/N from/I _OOV_/N ./.
Nelson/` Holdings/C International/N Ltd./N dropped/V the/D most/J on/I a/D percentage/N basis/N ,/, to/T 1,000/C shares/N from/I _OOV_/N ./.
The/D adjacent/J tables/N show/I the/D Big/N Board/N and/C _OOV_/N issues/N in/I which/D a/D short/J interest/N position/M of/I at/R least/I 100,000/J shares/N existed/V as/R of/I mid-October/C or/N in/I which/D there/J was/I a/D short/N position/M change/V of/I at/R least/I 50,000/J shares/N since/I mid-September/N ./.
Your/$ Oct./C 12/J editorial/N ``/N _OOV_/N ,/, _OOV_/N _OOV_/N ?/P ''/' correctly/D states/N that/I I/P was/V critical/N of/I the/D Bush/N administration/N 's/P failure/V to/T have/V any/M plan/V in/I place/P to/T respond/V in/I a/D timely/N fashion/V to/T the/D opportunities/N to/T oust/V Manuel/N Noriega/N presented/V by/I the/D attempted/N military/I coup/N on/I Oct./N 3/N ./.
You/, are/V absolutely/D wrong/N ,/, however/W ,/, in/I _OOV_/N that/I this/D position/N is/V some/D kind/N of/I ``/C _OOV_/N ,/, ''/' something/V newly/J arrived/N at/R as/I a/D result/N of/I reading/N the/D opinion/N polls/V ./.
My/: position/D is/J one/J founded/N on/R both/I the/D facts/N and/C the/D law/N ./.
Although/I you/P may/V have/I forgotten/R ,/, public/N opinion/V about/I Gen./C Noriega/N is/V where/V it/P is/V in/I large/J measure/N because/V of/I my/D investigation/N of/I his/P years/N of/I involvement/N in/I narcotics/N smuggling/N -LRB-/N and/C simultaneous/J work/N as/I a/D U.S./N operative/N -RRB-/N ./.
The/D public/N made/V up/I its/P mind/V about/I Gen./C Noriega/N largely/C as/I a/D result/N of/I the/D hearings/N I/I chaired/N in/I the/D _OOV_/N on/I _OOV_/C and/C _OOV_/N of/I the/D Foreign/N Relations/N Committee/N on/I Feb./N 8/N ,/, 9/N ,/, 10/N and/C 11/N ,/, 1988/N ,/, and/C again/I on/J April/N 4/N ,/, 1988/N ./.
It/P was/V during/I those/D hearings/N that/I the/D nation/N first/V learned/V the/D breadth/J and/J depth/N of/I Gen./C Noriega/N 's/P criminality/N ,/, and/C of/I his/P enduring/J relationships/N with/I a/D variety/N of/I U.S./C government/N agencies/N ./.
Those/N hearings/N also/I highlighted/I how/D Gen./N Noriega/N was/V able/I to/T use/V his/P relationships/N with/I these/D agencies/N to/T delay/V U.S./N action/N against/I him/P ,/, and/C to/T exploit/V the/D administration/N 's/P obsession/N with/I overthrowing/N the/D _OOV_/N to/T protect/V his/P own/W _OOV_/C ./.
As/C former/N _OOV_/N to/T Costa/C _OOV_/N Francis/N J./N _OOV_/N testified/N before/I the/D subcommittee/N ,/, the/D Reagan/N administration/N knew/V that/I Gen./N Noriega/N was/V involved/R with/I narcotics/N ,/, but/R made/I a/D decision/N in/I the/D summer/N of/I 1986/C ``/N to/T put/P Gen./N Noriega/N on/I the/D shelf/N until/I _OOV_/` was/D settled/N ./. ''/'
As/C the/D report/N issued/N by/I the/D subcommittee/N concluded/N ,/, ``/C Our/C government/N did/V nothing/R regarding/V Gen./N Noriega/N 's/P drug/N business/N and/C substantial/C criminal/J involvement/N because/I the/D first/J priority/N was/V the/D _OOV_/N war/N ./.
This/$ decision/V resulted/P in/V at/R least/I some/D drugs/N entering/V the/D United/N States/N as/I a/D hidden/J cost/N of/I the/D war/N ./. ''/'
Unfortunately/N ,/, this/D problem/N continued/I even/P after/I Gen./J Noriega/N 's/P indictment/N ./.
_OOV_/N 1988/N and/C this/D year/N ,/, I/P and/C others/N in/I Congress/C have/R pressed/V the/D U.S./N to/T develop/V a/D plan/N for/I pushing/V this/D ``/N _OOV_/N ''/' out/V of/I Panama/N ./.
_OOV_/N ,/, two/C administrations/N in/I a/D row/N have/I been/R unwilling/V and/C unable/N to/T develop/V any/D plan/N ,/, military/I or/J economic/N ,/, for/R supporting/V the/D Panamanian/N people/R in/I their/P attempts/V to/T restore/V democracy/N ./.
Sen./N John/N _OOV_/N -LRB-/N D./N ,/, _OOV_/N ./. -RRB-/-
For/D _OOV_/N ,/, these/W are/V tricky/V ,/, often/V treacherous/R ,/, times/R ./.
After/J years/N of/I hesitation/P ,/, economic/N and/C political/J reform/N was/V embraced/R at/I the/D end/N of/I 1986/N ,/, but/P ringing/C declarations/N have/I yet/R to/T be/V translated/R into/V much/I action/N ./.
Vietnam/N is/V finding/V that/P turning/V a/D stagnant/C socialist/N order/T into/V a/D dynamic/N free/N market/N does/M n't/P come/V easy/D ./.
Here/P is/V how/D three/J _OOV_/N are/V coping/V with/W change/V :/P
The/D Tire/N King/N
_OOV_/N Van/N _OOV_/N is/V living/R proof/V that/D old/J ways/N die/J hard/N ./.
Mr./N _OOV_/N used/V to/T be/V an/D oddity/N in/I _OOV_/N :/: a/D private/N entrepreneur/N ./.
His/V business/J success/N made/I him/P an/D official/N target/N in/I _OOV_/J days/N ./.
Mr./N _OOV_/N ,/, now/V 64/C years/J old/N ,/, invented/V a/D fountain/J pen/N he/P and/C his/P family/N produced/N from/I plastic/C waste/N ./.
Later/N ,/, he/P marketed/N glue/N ./.
Both/D products/N were/D immensely/J popular/N ./.
For/I his/P troubles/V ,/, Mr./N _OOV_/N was/V jailed/N three/V times/R between/V _OOV_/C and/C 1974/N ./.
Though/I his/P operation/N was/V registered/N and/C used/V only/D scrap/N ,/, he/P was/V accused/N of/I conducting/N illegal/J business/N and/C possessing/N illegal/J materials/N ./.
Once/I he/P was/V held/V for/I three/J months/N without/M being/D charged/N ./.
Things/N were/I supposed/P to/T change/V when/P Vietnam/C 's/P economic/N reforms/N gathered/V pace/R ,/, and/C for/I awhile/N they/I did/P ./.
After/J years/N of/I experimenting/N ,/, Mr./N _OOV_/N produced/V a/D heavy-duty/N bicycle/N tire/N that/I outlasted/C its/C _OOV_/N rival/N ./.
By/D 1982/N ,/, he/P was/V selling/V thousands/C of/I tires/N ./.
_OOV_/C published/J articles/N about/I him/P ,/, and/C he/P was/V hailed/R as/I ``/` the/D tire/N king/N ./. ''/'
His/N efforts/V earned/I a/D gold/J medal/N at/I a/D national/N exhibition/M --/D and/C attracted/R renewed/I attention/N from/I local/J authorities/N ./.
District/J police/N in/I 1983/J descended/N on/I his/P suburban/J home/N ,/, which/I he/P and/C his/P large/J family/N used/J as/I both/D residence/N and/C factory/N ,/, and/C demanded/N proof/V the/D house/N and/C equipment/N were/I his/P ./.
He/R produced/V it/P ./.
``/` That/P was/V the/D first/N time/I they/P lost/V and/C I/P won/R ,/, ''/' he/P says/V ./.
He/P was/V further/V questioned/V to/T determine/V if/I he/P was/V ``/` a/D real/J working/N man/R or/V an/D _OOV_/N ./. ''/'
_OOV_/C Mr./N _OOV_/N :/: ``/N When/V I/P showed/V it/P was/V from/I my/D own/J brain/N ,/, they/P lost/V for/I the/D second/N time/I ./. ''/'
But/I a/D few/J days/N later/V the/D police/N accused/V him/P of/I stealing/J electricity/N ,/, acquiring/P rubber/N without/M permission/V and/C buying/J stolen/N property/N ./.
_OOV_/` he/P was/V to/T be/M jailed/V again/R ,/, he/P fled/N to/T the/D countryside/N ./.
His/N family/N was/V given/I three/J hours/N to/T leave/V before/I the/D house/N and/C contents/N were/I confiscated/N ./.
With/I only/D the/D clothes/N they/I were/D wearing/N ,/, family/N members/J moved/N to/T a/D home/J owned/N by/I one/C of/I Mr./N _OOV_/N 's/P sons/N ./.
After/V six/C months/N on/I the/D run/N ,/, Mr./N _OOV_/N learned/V the/D order/J for/I his/P arrest/V had/P been/V canceled/V ./.
He/P rejoined/V his/P family/N in/I January/N 1984/N and/C began/I the/D long/J struggle/N for/I justice/N ,/, pressing/C everyone/V from/I _OOV_/J municipal/N officials/N to/T National/V _OOV_/N deputies/V for/I restoration/N of/I his/P rights/N ./.
He/P and/C his/P family/N kept/C afloat/N by/I repairing/J bicycles/N ,/, selling/R fruit/V and/C doing/N odd/I jobs/N ./.
Mr./N _OOV_/N achieved/V a/D breakthrough/N in/I 1987/N --/: and/C became/I a/D minor/J celebrity/N again/I --/D when/I his/P story/N was/V published/V in/I a/D weekly/N newspaper/R ./.
In/I 1988/N ,/, 18/N months/V after/I the/D sixth/J congress/N formally/N endorsed/V family-run/N private/N enterprise/N ,/, district/N authorities/N allowed/V Mr./N _OOV_/N to/T resume/V work/N ./.
By/I late/J last/J year/N he/P was/V invited/V back/R as/I ``/` the/D tire/N king/V ''/N to/T display/V his/P products/N at/I a/D national/J exhibition/N ./.
National/N leaders/I stopped/R by/I his/P stand/V to/T commend/V his/P achievements/N ./.
Mr./N _OOV_/N now/V produces/R 1,000/C bicycle/N and/C motorbike/V tires/V a/D month/N and/C 1,000/N tins/N of/I _OOV_/C glue/N in/I the/D son/N 's/P small/J house/N ./.
_OOV_/N people/R pack/V the/D house/N 's/P two/C rooms/N --/: the/D _OOV_/N ,/, four/C of/I their/P 10/N children/N with/I spouses/N ,/, and/C eight/C of/I 22/C grandchildren/C ./.
Most/C sleep/N on/I the/D floor/N ./.
Come/N daybreak/V ,/, eight/C family/N members/P and/C two/C other/J workers/N _OOV_/` a/D sheet/N of/I raw/J rubber/N that/W covers/V the/D floor/N of/I the/D house/N and/C spills/N out/W onto/V the/D street/N ./.
The/D primitive/J operations/N also/I burst/N out/I the/D back/J door/N into/I a/D small/J courtyard/N ,/, where/V an/D ancient/J press/N squeezes/V rubber/J solution/N into/I a/D flat/N strip/V and/C newly/N made/I tires/N are/V cooled/N in/I a/D bathtub/J filled/I with/R water/, ./.
Mr./N _OOV_/N talks/V _OOV_/N of/I expanding/N ,/, maybe/V even/T moving/V into/I the/D _OOV_/N field/V ./.
First/N ,/, however/W ,/, he/P has/P unfinished/J business/N ./.
When/P district/N authorities/N allowed/V him/P to/T resume/V manufacturing/N ,/, they/T released/V only/D one/N of/I his/P machines/N ./.
They/V did/P n't/. return/V the/D rubber/N stocks/V that/P represent/V his/P capital/N ./.
Nor/, did/V they/P return/V his/P house/V and/C contents/N ,/, which/I he/P values/V at/R about/I $/$ _OOV_/C ./.
He/P wants/V to/T recover/V more/I than/R just/V his/P property/N ,/, though/V ./.
``/` I/P want/V my/P dignity/V back/R ,/, ''/' he/P says/V ./.
_OOV_/N _OOV_/N seemed/I an/D obvious/N choice/V when/I the/D _OOV_/N _OOV_/N Association/N was/V looking/V for/I a/D new/J editor/N to/T reform/V its/P weekly/N newspaper/R ,/, Van/N _OOV_/N ./.
After/V the/D sixth/J congress/N ,/, journalists/R seized/V the/D opportunity/J provided/N by/I the/D liberalization/N to/T probe/N previously/I taboo/J subjects/N ./.
Mr./N _OOV_/N ,/, 57/C years/J old/N ,/, had/I solid/J reformist/N credentials/N :/: He/V had/P lost/V his/P official/N position/J in/I the/D association/N in/I he/P early/J 1980s/N because/I he/P questioned/V the/D intrusion/N of/I politics/J into/J literature/N ./.
_OOV_/J editor/N in/I chief/N in/I July/N 1987/N ,/, Mr./N _OOV_/N rapidly/V turned/V the/D _OOV_/N Van/N _OOV_/N into/V Vietnam/` 's/P hottest/J paper/N ./.
_OOV_/J soared/N as/I the/D weekly/J went/N way/I beyond/D standard/J literary/N themes/V to/T cover/I _OOV_/J society/N and/C its/C ills/N ./.
_OOV_/` were/D electrified/N by/I the/D paper/N 's/P audacity/V and/C appalled/V by/I the/D dark/J side/N of/I life/N it/I uncovered/N ./.
One/I article/N recounted/I a/D decade-long/N struggle/N by/I a/D wounded/N soldier/V to/T prove/V ,/, officially/N ,/, he/P was/V alive/R ./.
Another/N described/V how/D _OOV_/N officials/N in/I _OOV_/J _OOV_/N province/N one/J night/N stormed/V through/C homes/V and/C confiscated/N rice/, from/I starving/J villagers/N ./.
The/D newspaper/J also/N ran/V a/D series/N of/I controversial/J short/N stories/V by/D _OOV_/N _OOV_/N _OOV_/N ,/, a/D former/N history/P teacher/N ,/, who/W stirred/C debate/N over/I his/P interpretation/N of/I _OOV_/C culture/D and/C took/V a/D thinly/J veiled/J swipe/N at/I writers/D who/I had/P blocked/V his/P entry/R into/V their/P official/N association/N ./.
Van/N _OOV_/N quickly/V made/I influential/R enemies/V ./.
``/C Those/N who/W manage/V ideology/V and/C a/D large/J number/N of/I writers/D reacted/N badly/V ''/N to/T the/D restyled/J paper/N ,/, says/V _OOV_/` _OOV_/C An/N ,/, a/D literary/J critic/N ./.
After/J months/N of/I internal/N _OOV_/N ,/, Mr./N _OOV_/N was/V fired/N last/I December/N ./.
His/N dismissal/N triggered/V a/D furor/N among/I intellectuals/N that/V continues/I today/N ./.
``/C Under/N Mr./N _OOV_/N ,/, Van/N _OOV_/N protected/N the/D people/J instead/N of/I the/D government/N ,/, ''/' says/V _OOV_/N _OOV_/N ,/, a/D poet/N who/R is/V the/D paper/N 's/P bureau/N chief/N for/I southern/N Vietnam/N ./.
``/` The/D paper/N reflected/I the/D truth/N ./.
For/I the/D leadership/N ,/, that/P was/V too/R painful/V to/T bear/C ./. ''/'
The/D `/N _OOV_/N '/.
_OOV_/N _OOV_/N _OOV_/N is/V Vietnam/` 's/P entrepreneur/N of/I the/D 1980s/N ./.
Her/N challenge/V is/V to/T keep/V her/R fledgling/V empire/R on/I top/N in/I the/D 1990s/N ./.
Mrs./N _OOV_/N did/V n't/P wait/V for/I the/D reforms/N to/T get/V her/P start/D ./.
She/I charged/N ahead/V of/I the/D government/N and/C the/D law/N to/T establish/V _OOV_/N City/N Food/N Co./N as/I the/D biggest/N rice/. dealer/N in/I the/D country/N ./.
Her/J success/N ,/, which/D included/J alleviating/N an/I urban/D food/N shortage/V in/I the/D early/J 1980s/N ,/, helped/J persuade/N _OOV_/N to/T take/V the/D reform/N path/P ./.
Her/J story/N is/V becoming/R part/I of/I local/N folklore/P ./.
A/D lifelong/J revolutionary/N with/I little/J education/N who/I fought/N both/I the/D French/N and/C the/D _OOV_/N _OOV_/N regime/N ,/, she/P switched/N effortlessly/V to/T commerce/N after/I the/D war/N ./.
Her/N instincts/V were/I capitalistic/N ,/, despite/V her/P background/N ./.
As/C she/P rode/N over/I regulations/N ,/, only/D her/J friendship/N with/I party/J leaders/N ,/, including/C _OOV_/N Van/N _OOV_/N ,/, then/J Ho/N Chi/N Minh/N City/N party/I secretary/N ,/, kept/V her/P out/R of/I jail/N ./.
Following/N Mr./N _OOV_/N 's/P appointment/N as/I _OOV_/N of/I the/D party/N at/I the/D sixth/J congress/N ,/, Mrs./N _OOV_/N has/V become/I the/D darling/N of/I ``/J doi/N moi/N ''/N ,/, the/D _OOV_/N version/V of/I perestroika/N ./.
The/D authorities/N have/V steered/V foreign/N reporters/V to/T her/P office/V to/T see/V an/D example/N of/I ``/` the/D new/J way/N of/I thinking/N ./. ''/'
Foreign/J publications/N have/I responded/N with/I articles/J declaring/N her/P Vietnam/C 's/P richest/D woman/N ./.
``/J Some/N people/J call/N me/V the/D communist/J billionaire/N ,/, ''/' she/V has/P told/J visitors/N ./.
Actually/N ,/, 67-year-old/N Mrs./N _OOV_/N is/V about/I as/P poor/V as/I almost/D everyone/J else/N in/I this/D impoverished/J land/N ./.
She/I has/P indeed/V turned/V _OOV_/N City/N Food/N into/V a/D budding/J conglomerate/N ,/, but/I the/D company/N itself/V remains/I state-owned/N ./.
She/I manages/C it/R with/I the/D title/N of/I _OOV_/N ./.
The/D heart/N of/I the/D business/N is/V the/D purchase/N of/I rice/N and/C other/J commodities/N ,/, such/V as/R corn/, and/C coffee/N ,/, from/I farmers/N in/I the/D south/N ,/, paying/R with/I fertilizer/N ,/, farm/C tools/N and/C other/J items/N ./.
Last/J year/N ,/, _OOV_/N City/N Food/N says/V it/P bought/V two/C million/C metric/J tons/N of/I _OOV_/C rice/N ,/, more/V than/I 10/C %/N of/I the/D country/N 's/P output/N ./.
The/D company/N operates/N a/D fleet/N of/I trucks/N and/C boats/N to/T transport/V the/D commodities/N to/T its/P warehouses/N ./.
A/D subsidiary/N company/N processes/N commodities/N into/R foods/, such/V as/P instant/V noodles/, that/P are/V sold/R with/I the/D rice/N through/V a/D vast/J retail/N network/N ./.
In/I recent/J years/N ,/, Mrs./N _OOV_/N has/P started/V to/T diversify/V the/D company/N ,/, taking/I a/D 20/N %/N stake/N in/I newly/J established/N ,/, partly/R private/V Industrial/C and/C Commercial/N Bank/N ,/, and/C setting/I up/D _OOV_/N _OOV_/N ,/, which/D owns/N and/C operates/N Vietnam/` 's/P first/V oil/N refinery/N ./.
Mrs./N _OOV_/N says/V _OOV_/N City/N Food/N last/I year/J increased/N pretax/N profit/N 60/C %/N to/T the/D equivalent/N of/I about/N $/$ 2.7/C million/C on/I sales/N of/I $/$ 150/C million/C ./.
She/R expects/I both/D revenue/N and/C profit/N to/T gain/V this/D year/N ./.
She/R is/V almost/D cavalier/N about/I the/D possibility/J Vietnam/N 's/P reforms/N will/M create/V rivals/R on/I her/P home/N turf/V ./.
``/` I/P do/V n't/P mind/V the/D competition/N inside/I the/D country/N ,/, ''/' she/P says/V ./.
``/` I/P am/V only/D afraid/J that/J with/I Vietnam/` 's/P _OOV_/C products/N we/P ca/V n't/P compete/V with/I neighboring/J countries/N ./.
The/D earthquake/N that/P hit/V the/D San/N Francisco/N Bay/J area/N is/V n't/P likely/V to/T result/V in/I wholesale/J downgrading/N of/I bond/J ratings/N ,/, officials/N at/I the/D two/J major/J rating/N agencies/N said/P ./.
Standard/C &/N Poor/V 's/P Corp./N is/V reviewing/J debt/N issued/N by/I 12/J California/N counties/N ,/, and/C ``/N there/V are/V potential/J isolated/N problems/N ,/, ''/' said/V _OOV_/N _OOV_/N ,/, a/D managing/J director/N ./.
The/D agency/N is/V preparing/V a/D report/N ,/, to/T be/M issued/V today/R ,/, on/I the/D earthquake/N 's/P impact/N on/I the/D and/C _OOV_/N industry/N ./.
The/D only/D securities/N so/V far/I to/T be/V singled/I out/P are/V those/I issued/N by/I Bay/J View/N Federal/N Savings/N &/N Loan/N ./.
Moody/` 's/P Investors/N Service/N Inc./N said/V it/P is/V reviewing/N ,/, with/I an/D eye/N toward/I a/D possible/N _OOV_/C ,/, the/D ratings/N on/I Bay/J View/N Federal/N bonds/N ,/, long-term/N deposits/V and/C the/D _OOV_/N rating/N of/I its/P parent/N company/N ,/, Bay/V View/N Capital/N Corp/N ./.
As/C for/I property/N and/C casualty/V insurers/N ,/, Moody/` 's/P said/V ``/C preliminary/J estimates/N suggest/V that/I losses/C should/M not/V have/I a/D significant/C impact/N on/I most/J insurers/N '/C financial/N condition/N ,/, ''/' but/V it/I ``/C raises/J concerns/N about/I potentially/J substantial/J risks/N ''/' longer-term/C ./.
``/N _OOV_/N from/I the/D earthquake/J are/J expected/N to/T be/V of/I similar/J magnitude/I to/T those/V of/I Hurricane/C Hugo/N ,/, ''/' according/V to/T Moody/C 's/P ./.
Your/$ Oct./C 5/J editorial/N ``/N A/: Democratic/N Tax/N _OOV_/N ''/' contained/V an/D error/N ./.
In/I the/D third/J paragraph/N it/I referred/N to/T the/D senators/J seeking/N loophole/V suggestions/N from/I lobbyists/N for/I various/C sectors/N of/I the/D economy/N ./.
Among/V them/P ,/, ``/N banana/N farmers/N ./. ''/'
The/D only/D significant/C commercial/J banana/N farmers/N in/I the/D U.S./N are/V in/I Hawaii/N ./.
The/D Hawaii/N _OOV_/N Industry/N Association/N ,/, to/T which/D nearly/J all/N of/I them/P belong/N ,/, has/V no/D lobbyist/N ./.
Thomas/N _OOV_/N Reese/N _OOV_/N ./.
_OOV_/N _OOV_/N Co/N ./.
Western/J Digital/N Corp./N reported/V a/D net/N loss/N of/I $/$ 2.7/C million/C ,/, or/V nine/C cents/N a/D share/N ,/, for/I its/P first/V quarter/R ended/V Sept./N 30/N ,/, citing/J factors/N as/I varied/R as/I hurricane/J damage/N ,/, an/V advance/I in/I graphics/J technology/N and/C the/D strengthening/J dollar/N ./.
In/I the/D year-ago/N period/V ,/, the/D company/N earned/V $/$ 12.9/C million/C ,/, or/V 45/C cents/N a/D share/N ,/, on/I sales/N of/I $/$ 247/C million/C ./.
Sales/` for/I the/D _OOV_/N period/I fell/R to/T about/V $/$ 225/C million/C ,/, the/D maker/N of/I computer/N parts/V said/P ./.
_OOV_/N ,/, Chairman/N _OOV_/N W./N Johnson/N said/V he/P expects/I the/D company/N to/T be/V profitable/R in/I the/D current/N quarter/V ./.
``/J We/N are/V positioned/M to/T come/V through/C ,/, ''/' he/P said/R ,/, noting/I that/I the/D company/N 's/P backlog/N was/V up/R from/I the/D previous/D quarter/J ./.
In/I its/P second/V quarter/R last/I year/N ,/, Western/N Digital/N earned/V $/$ _OOV_/C million/C ,/, or/V 44/C cents/N a/D share/N ,/, on/I sales/N of/I $/$ _OOV_/C million/C ./.
Mr./N Johnson/N said/V Western/C Digital/N 's/P plant/N in/I Puerto/J Rico/N was/V affected/N by/I Hurricane/J Hugo/N ,/, losing/D three/J days/N '/C production/N because/V of/I the/D storm/N ,/, which/D wrecked/N much/I of/I the/D Caribbean/N island/N 's/P infrastructure/N ./.
Although/I the/D plant/N itself/W was/V n't/P damaged/N ,/, Mr./N Johnson/N said/V millions/C of/I dollars/N in/I first-quarter/C revenue/N were/I lost/N ./.
The/D revenue/N will/M be/V regained/V in/I the/D current/N period/I ,/, he/P added/V ./.
There/N are/V no/D plans/N to/T initiate/V a/D common/J stock/N dividend/N ,/, Mr./N Johnson/N said/V ,/, explaining/N that/I the/D board/N continues/V to/T believe/V shareholders/N are/V best/I served/N by/I _OOV_/C excess/J cash/N ./.
Mr./N Johnson/N said/V the/D first-quarter/N loss/N also/I heavily/C reflected/I a/D rapid/J change/N in/I graphics/J technology/N that/P left/M reseller/C channels/N with/W too/V many/R of/I the/D old/J computer/N graphics/N boards/V and/C too/V few/I new/J monitors/N compatible/V with/I the/D new/J graphics/N boards/N ./.
Western/J Digital/N does/V n't/P make/M the/D monitors/N ./.
An/J accelerating/N move/M by/I personal/J computer/N manufacturers/N '/, to/T include/V advanced/N graphics/V capabilities/N as/I standard/I equipment/N further/V dampened/V reseller/C purchases/N of/I Western/C Digital/N 's/P equipment/N ./.
``/` The/D other/J areas/N of/I the/D business/N --/: storage/N and/C microcomputers/N --/: were/D very/J good/N ,/, ''/' Mr./N Johnson/N said/P ./.
He/V said/P Western/C Digital/J has/J reacted/N swiftly/V to/T the/D movement/N to/T video/V graphics/J array/N ,/, _OOV_/N ,/, graphics/V technology/N from/I the/D old/J enhanced/N graphics/V adapter/N ,/, _OOV_/N ,/, which/W has/V a/D lower/J resolution/N standard/R ,/, technology/N and/C now/I is/J one/N of/I the/D leading/J producers/N of/I these/D newer/J units/N ./.
Other/N makers/N of/I video/J controller/N equipment/N also/I were/D caught/N in/I the/D _OOV_/N shift/V ,/, he/P said/R ,/, ``/` but/P we/V were/R able/I to/T respond/V much/I more/R quickly/V ./. ''/'
Still/N ,/, Mr./N Johnson/N said/V ,/, ``/N our/V stock/N is/V grossly/V undervalued/N ./. ''/'
He/P said/V the/D company/N has/V cut/I operating/N expenses/N by/I about/I 10/C %/N over/I the/D last/J few/J quarters/N ,/, while/I maintaining/J research/N and/C development/N at/I about/I 8/C %/N to/T 9/C %/N of/I sales/N ./.
As/P part/N of/I its/P reorganization/N this/D week/N ,/, Western/N Digital/N has/R divided/I its/P business/N into/I two/C segments/N --/: storage/N products/N ,/, including/D controllers/N and/C disk/M drives/V ;/C and/C microcomputer/N products/N ,/, which/D include/J graphics/N ,/, communications/N and/C peripheral/N control/N chips/N ./.
Graphics/N ,/, communications/N and/C peripheral/N control/N chips/N were/I combined/N because/V ,/, increasingly/R ,/, multiple/I functions/N are/V being/D governed/N by/I a/D single/D chip/N ./.
_OOV_/N ,/, which/D includes/J computer/N controllers/V and/C _OOV_/N disk/M drives/V ,/, represents/P nearly/C two-thirds/N of/I the/D company/N 's/P business/N ./.
_OOV_/J drives/N ,/, which/W allow/V a/D computer/N to/T access/V its/P memory/N ,/, generated/N 38/C %/N more/I revenue/N in/I the/D most/J recent/N period/I compared/N with/I the/D fiscal/N first/V quarter/I a/D year/J earlier/N ./.
Computer/J parts/N are/V getting/V ever/R smaller/V ,/, Mr./N Johnson/N said/V ,/, a/D shrinking/N that/I has/P propelled/N laptops/N into/R position/V as/I the/D _OOV_/N segment/I of/I the/D computer/N business/N ./.
As/P smaller/V and/C more/I powerful/P computers/N continue/V to/T be/V the/D focus/N of/I the/D industry/N ,/, he/P said/R ,/, Western/N Digital/N is/V strengthening/J development/N of/I laptop/C parts/J ./.
Next/N year/V Western/C Digital/J plans/N to/T consolidate/V its/P operations/N from/I 11/N buildings/V in/I _OOV_/N into/V two/C buildings/N in/I the/D same/J _OOV_/N new/V headquarters/N and/C ,/, a/D block/N away/R ,/, a/D modern/I $/$ 100/C million/C silicon/N wafer/J fabrication/N plant/N ./.
The/D plan/N will/M help/V the/D company/N in/I its/P existing/V joint/J manufacturing/N agreement/N with/I AT&T/N ./.
About/N half/I of/I Western/C Digital/N 's/P business/N is/V overseas/N ,/, and/C Mr./N Johnson/N expects/I that/D proportion/N to/T continue/V ./.
_OOV_/` to/T dissolve/V many/R of/I the/D trade/N barriers/N within/V Europe/N in/I 1992/C creates/J significant/C opportunities/N for/I the/D company/N ,/, he/P said/R ,/, particularly/C since/I Western/C Digital/N already/D manufactures/N there/R ./.
Capitalizing/N on/I that/D presence/N ,/, Western/N Digital/N is/V launching/V a/D major/J effort/N to/T develop/V the/D embryonic/N reseller/N market/N in/I Europe/N ./.
_OOV_/N of/I state-owned/C Banca/N _OOV_/N del/C _OOV_/N approved/N a/D _OOV_/N _OOV_/N transaction/N and/C a/D change/N in/I the/D bank/N 's/P rules/V that/P will/M help/V it/I operate/N more/I like/C a/D private-sector/N institution/N ./.
Until/N now/V ,/, _OOV_/` 's/P top/V managers/N and/C its/C directors/N have/V been/V appointed/N by/I a/D Treasury/N decree/N ./.
But/R under/V the/D bank/N 's/P proposed/N statutes/N ,/, an/D assembly/N of/I shareholders/N must/M approve/V board/J members/N ./.
The/D bank/N 's/P chairman/N and/C director/J general/N ,/, who/R also/I sit/N on/I the/D board/N ,/, still/V would/P be/M appointed/V by/I the/D Treasury/N ./.
_OOV_/N ,/, which/D is/J controlled/N by/I the/D Italian/N Treasury/N ,/, was/V rocked/R by/I the/D disclosure/N last/I month/N that/I its/P Atlanta/N branch/N extended/V more/I than/I $/$ 3/C billion/C in/I unauthorized/N credits/V to/T _OOV_/C ./.
The/D ensuing/J scandal/N ,/, in/I which/D the/D bank/N 's/P management/N resigned/N ,/, has/R helped/V renew/J calls/N for/I privatization/N ,/, or/V at/R least/I an/D overhaul/N ,/, of/I Italy/C 's/P banking/N system/N ,/, which/W is/V about/I 80/C %/N _OOV_/N ./.
In/I a/D related/N move/M ,/, the/D bank/N also/I proposed/N that/I board/J representation/N be/M linked/N more/R closely/V to/T the/D bank/N 's/P new/J shareholding/N structure/N ./.
_OOV_/N called/V a/D shareholders/N '/C assembly/N meeting/N in/I December/N to/T vote/V on/I the/D proposals/N ./.
_OOV_/` has/P about/V 75,000/N _OOV_/N shares/V that/P are/V listed/R on/I the/D Milan/N Stock/V Exchange/N ./.
The/D shares/N were/I suspended/N from/I trading/N following/I disclosure/N of/I the/D Atlanta/N scandal/N ;/C _OOV_/N ,/, the/D stock/J exchange/N regulatory/N body/N ,/, reportedly/V will/M decide/V soon/P whether/M to/T end/V the/D trading/N suspension/N ./.
Switzerland/` 's/P wholesale/J price/N index/N increased/N 0.3/C %/N in/I September/N from/I August/N ,/, and/C was/V up/I 3.9/C %/N from/I a/D year/J ago/N ,/, marking/V the/D first/N time/I this/D year/N that/I the/D index/N has/V fallen/R below/I 4/C %/N on/I a/D _OOV_/N basis/N ,/, the/D government/N reported/N ./.
The/D government/N attributed/C the/D 0.3/N %/N _OOV_/N rise/R in/I the/D index/N largely/C to/T higher/V energy/N prices/N ./.
In/I August/N ,/, the/D index/N was/V up/I 0.2/C %/N from/I the/D previous/J month/N ,/, and/C was/V up/I 4.5/C %/N on/I a/D _OOV_/N basis/N ./.
The/D wholesale/J price/N index/N ,/, based/N on/I 1963/N as/I 100/N ,/, was/V _OOV_/N in/I September/N ./.
American/I Express/N Co./N posted/V a/D 21/N %/N increase/N in/I third/J quarter/J net/N income/N despite/V a/D sharp/C rise/R in/I reserves/N for/I Third/J World/N loans/N at/I its/P banking/N unit/N ./.
Aided/N by/I a/D sharp/J gain/N in/I its/P travel/V business/N ,/, American/' Express/` said/P net/N rose/V to/T $/$ _OOV_/C million/C ,/, or/V 77/C cents/N a/D share/N ,/, from/I $/$ _OOV_/C million/C ,/, or/V 64/C cents/N a/D share/N ./.
The/D year-earlier/N figures/V included/I $/$ _OOV_/C million/C ,/, or/N three/J cents/N a/D share/N ,/, in/I income/N from/I discontinued/J operations/N ./.
Income/N from/I continuing/P operations/N was/V up/I 26/C %/N ./.
Revenue/N rose/V 24/C %/N to/T $/$ 6.5/C billion/C from/I $/$ _OOV_/C billion/C ./.
The/D travel/N ,/, investment/N services/N ,/, insurance/N and/C banking/N concern/N added/I $/$ 110/C million/C to/T reserves/V for/I credit/N losses/V at/I its/P American/' Express/C Bank/N unit/N ,/, boosting/V the/D reserve/N to/T $/$ _OOV_/C million/C as/R of/I Sept./C 30/N ./.
The/D bank/N 's/P Third/C World/N debt/N portfolio/N totals/V $/$ _OOV_/C million/C ,/, down/R from/I $/$ 2.2/C billion/C at/I the/D end/N of/I 1986/N ./.
The/D bank/N charged/N off/I $/$ 53/C million/C in/I loans/N during/I the/D quarter/J ./.
At/I the/D American/N Express/N Travel/N Related/V Services/N Co./N unit/N ,/, net/N rose/V 17/C %/N to/T a/D record/J $/$ _OOV_/C million/C on/I a/D 19/N %/N revenue/N increase/N ./.
The/D figures/J exclude/N businesses/N now/V organized/V as/P American/' Express/C Information/C Services/N Co/N ./.
American/I Express/N card/V charge/N volume/V rose/V 12/C %/N ./.
Travel/V sales/N rose/V 11/C %/N ,/, led/I by/D gains/N in/I the/D U.S/N ./.
At/I _OOV_/C Financial/N Services/N ,/, the/D financial/N planning/N and/C mutual/N fund/N unit/N ,/, net/N rose/V 19/C %/N to/T a/D record/J $/$ _OOV_/C million/C on/I a/D 33/N %/N revenue/N gain/V ./.
_OOV_/N owned/N or/V managed/V rose/V 20/C %/N to/T $/$ 45/C billion/C ,/, and/C mutual/N fund/N sales/N rose/V 45/C %/N in/I the/D quarter/J to/T $/$ _OOV_/C million/C ./.
American/I Express/C Bank/N earnings/N fell/V 50/C %/N to/T $/$ _OOV_/C million/C from/I $/$ _OOV_/C million/C despite/I a/D 29/N %/N revenue/N gain/V ./.
The/D results/N include/V $/$ 106/C million/C of/I tax/N benefits/N associated/N with/I previous/D years/J '/N Third/N World/N loan/V activity/R ,/, compared/R with/I $/$ 15/C million/C a/D year/J earlier/N ./.
Profit/N rose/V 38/C %/N at/I American/N Express/C Information/C Services/N to/T $/$ _OOV_/C million/C ./.
Shearson/N Lehman/N Hutton/N Holdings/N Inc./N ,/, as/R previously/I reported/N ,/, had/P net/N of/I $/$ _OOV_/C million/C ,/, reversing/I a/D $/$ 3.5/C million/C loss/V a/D year/N earlier/I ;/C its/P latest/J results/N include/V a/D $/$ 37/C million/C gain/N from/I the/D sale/N of/I an/D institutional/N money/V management/N business/N ./.
American/I Express/C 's/P share/N of/I Shearson/C 's/P earnings/N was/V $/$ 41/C million/C ,/, after/V preferred/I stock/J dividends/N ;/C it/I owns/N about/I 68/C %/N of/I Shearson/C 's/P common/J ./.
For/I the/D nine/J months/N ,/, American/' Express/` said/P net/N rose/V 11/C %/N to/T $/$ _OOV_/C million/C ,/, or/V $/$ _OOV_/C a/D share/N ,/, from/I $/$ _OOV_/C million/C ,/, or/V $/$ _OOV_/C a/D share/N ./.
Revenue/N rose/V 24/C %/N to/T $/$ _OOV_/C billion/C from/I $/$ _OOV_/C billion/C ./.
_OOV_/N Inc./N ,/, hampered/V by/I a/D slowdown/N in/I its/P defense/J sales/N ,/, reported/V an/D 8/N %/N decline/N in/I per-share/J earnings/N on/I nearly/J flat/N revenue/N for/I its/P third/V quarter/R ./.
The/D aerospace/N and/C financial/N services/N concern/V said/P net/N income/N fell/V 5/C %/N to/T $/$ _OOV_/C million/C from/I $/$ 62.8/C million/C ./.
Revenue/N of/I $/$ _OOV_/C billion/C was/V almost/I unchanged/D from/J last/J year/N 's/P $/$ _OOV_/C billion/C ./.
Per-share/J net/N of/I 66/C cents/N ,/, down/R from/I 72/C cents/N ,/, fell/V by/I more/R than/I overall/J net/N because/V of/I more/J shares/N outstanding/V ./.
The/D company/N said/V that/I improved/J results/N in/I its/P financial-services/N sector/N were/I negated/N by/I increased/J costs/N in/I its/P government/N contract/N business/N ,/, lower/I operating/J earnings/N in/I its/P _OOV_/N sector/N and/C soft/J automotive/N markets/N ./.
Net/N was/V aided/N by/I a/D lower/N income/C tax/N rate/N ./.
Profit/` before/D taxes/N fell/V 17/C %/N to/T $/$ _OOV_/C million/C from/I $/$ _OOV_/C million/C ./.
For/I the/D nine/J months/N ,/, _OOV_/N reported/N net/N of/I $/$ _OOV_/C million/C ,/, or/V $/$ 2.06/C a/D share/N ,/, on/I revenue/N of/I $/$ _OOV_/C billion/C ./.
A/D year/J ago/N ,/, net/N was/V $/$ _OOV_/C million/C ,/, or/V $/$ _OOV_/C a/D share/N ,/, on/I revenue/N of/I $/$ 5.3/C billion/C ./.
The/D _OOV_/N results/N included/I a/D $/$ 9.5/C million/C special/J charge/N in/I 1989/N for/I an/D arbitration/N settlement/N related/N to/T past/V export/' sales/N ,/, and/C $/$ _OOV_/C million/C in/I extraordinary/D charges/N in/I 1988/J related/N to/T a/D former/J line/N of/I business/N and/C early/V redemption/R of/I debt/N ./.
_OOV_/` said/P that/I _OOV_/C '/C results/N do/V n't/P include/J earnings/N of/I _OOV_/C PLC/N ,/, a/D British/N maker/N of/I industrial/N _OOV_/N ,/, but/P do/V include/D interest/J costs/N of/I $/$ _OOV_/C million/C on/I borrowings/J related/N to/T the/D proposed/N purchase/N of/I _OOV_/N ./.
A/D federal/N judge/N has/P issued/V a/D preliminary/N injunction/N against/I the/D purchase/N because/V of/I Federal/N Trade/N Commission/N concerns/N that/I the/D transaction/N would/M reduce/V competition/V in/I the/D production/N of/I two/C kinds/N of/I rivets/N ./.
For/I the/D quarter/N ,/, _OOV_/` said/P aerospace/N revenue/N ,/, including/C _OOV_/N helicopter/N and/C _OOV_/N manufacture/N ,/, declined/I _OOV_/C %/N to/T $/$ _OOV_/C million/C from/I $/$ _OOV_/C million/C ,/, an/D indication/J of/I slowing/J government/N defense/N work/N ./.
As/C the/D _OOV_/N brothers/V '/C personal/J bankruptcy/N cases/N _OOV_/N into/V their/I second/J year/N ,/, _OOV_/N S.A./N has/P proposed/V a/D deal/N to/T settle/V its/P huge/V claim/R against/I the/D troubled/J Texas/N oil/N men/C ./.
But/I the/D plan/N only/D threatens/N to/T heighten/V the/D tension/J and/N confusion/V already/D surrounding/J the/D cases/N that/I were/I filed/N in/I September/N 1988/N ./.
The/D _OOV_/N mineral/M concern/V 's/P $/$ _OOV_/C million/C claim/J stems/N from/I 1988/C jury/J award/N in/I a/D case/D stemming/N from/I the/D brothers/N '/C alleged/N attempts/V to/T corner/V the/D _OOV_/N silver/V market/N ./.
_OOV_/N now/V says/V it/P is/V willing/V to/T settle/V for/I up/P to/T $/$ _OOV_/C million/C from/I each/D brother/N ,/, although/I the/D actual/D amount/N would/I probably/R be/V much/I less/R ./.
Although/I the/D proposal/N must/M be/V approved/N by/I federal/N Judge/N Harold/N C./N _OOV_/N ,/, W./N Herbert/N _OOV_/N has/P agreed/V to/T the/D _OOV_/N mineral/M concern/V 's/P proposal/N ./.
Nelson/N _OOV_/N _OOV_/N is/V considering/T it/V ,/, although/I his/P attorney/N says/V he/P wo/V n't/P do/V it/R if/I the/D proposal/N _OOV_/` a/D tentative/J settlement/N he/V has/P reached/V with/I the/D Internal/N Revenue/N Service/N ,/, which/D claims/N the/D brothers/N owe/I $/$ 1/C billion/C in/I back/P taxes/C and/C is/V by/I far/I the/D biggest/J creditor/N in/I both/D cases/N ./.
The/D tentative/J agreement/N between/I the/D _OOV_/N and/C Nelson/N _OOV_/N _OOV_/N is/V awaiting/V U.S./` Justice/C Department/N approval/N ./.
Under/N it/V ,/, the/D former/N billionaire/V 's/P assets/N would/P be/M liquidated/V with/I the/D _OOV_/N getting/V 80/C %/N of/I the/D proceeds/N and/C the/D rest/I being/D divided/N among/I other/J creditors/N ,/, including/C _OOV_/N and/C Manufacturers/N _OOV_/C Trust/N Co./N ,/, which/D is/J seeking/J repayment/N of/I a/D $/$ 36/C million/C loan/N ./.
A/D _OOV_/N proposal/N has/P been/V made/R in/I the/D W./N Herbert/N _OOV_/N case/M although/I he/P and/C the/D _OOV_/N are/V at/I odds/P over/I the/D size/J of/I the/D _OOV_/N debt/N he/P would/M have/V to/T pay/V to/T the/D government/N from/I future/D earnings/N ./.
In/I both/D cases/N ,/, _OOV_/N and/C Manufacturers/N _OOV_/N have/V been/V fighting/C ferociously/N over/I their/P shares/N of/I the/D pie/N ./.
With/D support/N from/I the/D _OOV_/N ,/, Manufacturers/N _OOV_/N has/V filed/N suit/N asking/I Judge/J _OOV_/N to/T subordinate/P _OOV_/C 's/P claim/V to/T those/V of/I _OOV_/C _OOV_/N and/C the/D _OOV_/N ./.
_OOV_/` has/P threatened/V a/D ``/N volcano/V ''/N of/I litigation/N if/I the/D Manufacturers/N _OOV_/N Corp./N unit/N attempts/V to/T force/V such/V a/D plan/N through/V the/D court/N ./.
_OOV_/` said/P it/V would/I n't/P pursue/J such/N litigation/N if/I its/P settlement/N plan/N in/I the/D W./N Herbert/N _OOV_/N case/M is/V approved/N by/I Judge/J _OOV_/N ,/, who/R will/M consider/V the/D proposal/N at/I a/D hearing/N next/J week/N ./.
_OOV_/N attorney/N Thomas/N _OOV_/N _OOV_/N the/D plan/N as/I one/C step/D toward/I an/D overall/N settlement/N of/I the/D W./N Herbert/N _OOV_/N case/M but/P Hugh/N Ray/N ,/, attorney/N for/I Manufacturers/N _OOV_/N ,/, called/N it/I ``/J silly/N ''/' and/C said/V he/P would/M fight/V it/R in/I court/N ./.
``/` The/D thing/N is/V so/V fluid/N right/R now/V that/P there/V 's/P really/V no/D way/N to/T say/V what/P will/M happen/V ,/, ''/' says/V Justice/C Department/N attorney/N _OOV_/N _OOV_/N III/N ,/, who/R represents/V the/D _OOV_/N in/I the/D case/N ./.
``/` Developments/C like/C this/D are/N hard/V to/T predict/V ./.
Banc/D One/J Corp./N said/V it/P agreed/V in/I principle/V to/T buy/V five/C branch/N offices/N from/I _OOV_/J Inc./N ,/, Toledo/N ,/, Ohio/N ,/, following/I the/D planned/J merger/N of/I _OOV_/C into/C Society/N Corp./N ,/, Cleveland/N ./.
The/D five/J offices/N in/I Erie/C and/C _OOV_/N counties/N in/I northern/J Ohio/N have/I total/J assets/N of/I about/N $/$ 88/C million/C ,/, Banc/D One/N said/P ./.
The/D purchase/N price/N will/M be/V established/N after/I Banc/D One/N has/R an/V opportunity/V to/T study/V the/D quality/N of/I the/D assets/N ,/, Banc/D One/N said/P ./.
Society/N Corp./N already/D has/J branches/N in/I the/D area/N ,/, and/C selling/V the/D _OOV_/N offices/N could/M avoid/V a/D problem/N with/I regulators/N over/I excessive/J concentration/N of/I banking/N in/I the/D two/J counties/N after/I the/D merger/N of/I _OOV_/C into/C Society/N ,/, according/V to/T industry/J sources/N ./.
The/D merger/N is/V scheduled/V to/T take/V place/R in/I the/D 1990/N first/V quarter/R ./.
_OOV_/N fears/V and/C relatively/C more/I attractive/J interest/N rates/N pushed/T _OOV_/C mutual/N fund/N assets/N up/I $/$ _OOV_/C billion/C in/I the/D latest/J week/N ,/, the/D sharpest/J increase/N in/I almost/D two/J years/N ./.
The/D _OOV_/N funds/N tracked/N by/I the/D Investment/N Company/I Institute/C ,/, a/D _OOV_/N trade/N group/N ,/, rose/V to/T $/$ _OOV_/C billion/C ,/, a/D record/N ./.
The/D $/$ _OOV_/C billion/C increase/N was/V the/D strongest/J weekly/N inflow/N since/I January/N 1988/N ./.
The/D increase/N was/V spread/P fairly/V evenly/I among/P all/V three/J types/N of/I funds/N ./.
Individual/J investors/N ,/, represented/V in/I the/D _OOV_/N and/C broker-dealer/N fund/N categories/N ,/, pulled/N money/V from/I the/D stock/J market/N after/I its/P big/N drop/V last/R Friday/V and/C put/I the/D money/N into/I funds/N ,/, said/P _OOV_/N _OOV_/N ,/, vice/N president/N and/C chief/N economist/N of/I the/D Institute/N ./.
``/N _OOV_/N investors/N ,/, on/I the/D other/J hand/N ,/, reacted/N to/T the/D steep/J decline/N in/I yields/N on/I direct/J _OOV_/N instruments/V following/I the/D _OOV_/N decline/C last/J Friday/N ,/, ''/' Mr./N _OOV_/N said/P ./.
Yields/N on/I money/J funds/N dropped/V in/I the/D week/N ended/V Tuesday/N ,/, according/V to/T _OOV_/C 's/P Money/N Fund/N Report/N ,/, a/D _OOV_/N ,/, Mass./N ,/, newsletter/N ./.
The/D average/J _OOV_/N compounded/J yield/N fell/V to/T _OOV_/C %/N from/I 8.60/C %/N the/D week/N earlier/R ,/, _OOV_/` 's/P said/P ./.
At/I the/D auction/N of/I six-month/C U.S./N Treasury/C bills/N on/I Monday/N ,/, the/D average/J yield/N fell/V to/T _OOV_/C %/N from/I _OOV_/C %/N ./.
Likewise/N ,/, certificates/N of/I deposit/N on/I average/J posted/N lower/N yields/N in/I the/D week/N ended/V Tuesday/P ./.
The/D _OOV_/N _OOV_/N money/V funds/N rose/V $/$ _OOV_/C billion/C to/T $/$ _OOV_/C billion/C ./.
The/D _OOV_/N _OOV_/N funds/N increased/N $/$ _OOV_/C billion/C to/T $/$ _OOV_/C billion/C ,/, while/D 96/N broker-dealer/N funds/N increased/N $/$ 1.3/C billion/C to/T $/$ _OOV_/C billion/C ./.
Domestic/N lending/N for/I real/J estate/N and/C property/N development/N was/V the/D source/N of/I Bank/N _OOV_/N Malaysia/N _OOV_/N 's/P most/J recent/N spate/V of/I financial/N troubles/V ,/, the/D institution/N 's/P executive/J chairman/N ,/, _OOV_/N _OOV_/N _OOV_/N ,/, said/P ./.
Speaking/V to/T reporters/V this/D week/N after/I Bank/N _OOV_/C 's/P shareholders/N approved/N a/D rescue/N plan/N ,/, _OOV_/N _OOV_/N _OOV_/N said/V heavy/J lending/N to/T the/D property/N sector/N rocked/V the/D bank/N when/I property/J prices/N in/I Malaysia/J plummeted/N in/I _OOV_/N ./.
He/P said/V the/D bank/N could/I n't/P wait/M any/V longer/I for/I prices/N to/T recover/V and/C for/I borrowers/N to/T service/V their/P loans/N ./.
So/I the/D bank/N 's/P board/J decided/N to/T make/M 1.23/C billion/C _OOV_/N dollars/N -LRB-/N US$/N _OOV_/C million/C -RRB-/N in/I provisions/N for/I interest/N payments/N from/I loans/N previously/V recorded/R as/I revenue/N but/P never/V actually/P received/V by/I the/D bank/N ,/, and/C to/T submit/V a/D bailout/N package/N to/T replenish/V the/D bank/N 's/P _OOV_/C capital/N ./.
The/D predicament/N ,/, he/P added/V ,/, was/V similar/R to/T the/D Hong/N Kong/N _OOV_/N _OOV_/N collapse/C ,/, which/W exposed/V the/D involvement/N of/I Bank/N _OOV_/C 's/P former/N subsidiary/N in/I the/D colony/N in/I the/D largest/N banking/N scandal/N in/I Malaysia/C 's/P history/N ./.
The/D subsidiary/N ,/, _OOV_/N Malaysia/N Finance/N Ltd./N ,/, was/V left/N with/I _OOV_/J _OOV_/N billion/C in/I bad/J loans/N made/V to/T Hong/C Kong/N property/N speculators/N ./.
Both/D episodes/N wiped/I out/D Bank/N _OOV_/C 's/P shareholders/N '/C funds/N ./.
Each/I time/D ,/, the/D bank/N 's/P 90/C %/N shareholder/N --/: _OOV_/N _OOV_/N _OOV_/N ,/, or/V _OOV_/N ,/, the/D national/J oil/N company/N --/: has/V been/R called/V upon/P to/T rescue/V the/D institution/N ./.
In/I five/J years/N ,/, _OOV_/N ,/, which/V became/I the/D dominant/J shareholder/N in/I a/D 1984/N rescue/N exercise/N ,/, has/P spent/V about/I _OOV_/C 3.5/N billion/C to/T prop/V up/I the/D troubled/J bank/N ./.
_OOV_/N _OOV_/N _OOV_/N said/V the/D capital/J restructuring/N plan/N has/R been/V approved/N by/I Malaysia/` 's/P Capital/N _OOV_/N Committee/N and/C central/N bank/N ./.
Malaysia/` 's/P High/N Court/N is/V expected/V to/T approve/V the/D plan/N ./.
Once/I the/D plan/N is/V approved/N ,/, _OOV_/N _OOV_/N _OOV_/N said/V ,/, most/R of/I Bank/N _OOV_/C 's/P _OOV_/N loans/N will/M have/V been/V fully/D provided/N for/I and/C the/D bank/N will/M be/V on/I track/V to/T report/V a/D pretax/N profit/N of/I between/J _OOV_/N 160/C million/C and/C _OOV_/N 170/C million/C for/I the/D fiscal/J year/J ending/N March/N 31/N ./.
For/I the/D previous/D financial/N year/N ,/, the/D bank/N would/M have/V reported/V a/D pretax/N profit/N of/I _OOV_/C _OOV_/C million/C if/N it/I had/P n't/. made/J provisions/N for/I the/D _OOV_/N loans/N ,/, he/P said/P ./.
Malaysia/` 's/P Banking/N _OOV_/C Act/N prohibited/V the/D bank/N from/I identifying/J delinquent/N borrowers/N ,/, said/P _OOV_/N _OOV_/N _OOV_/N ./.
But/P public/N documents/N indicate/V 10/C %/N or/V more/R of/I the/D bank/N 's/P provisions/N were/I made/R for/I foregone/J interest/N on/I a/D _OOV_/N 200/C million/C loan/N to/T Malaysia/C 's/P dominant/I political/J party/N ,/, the/D United/N _OOV_/C National/N Organization/N ,/, to/T build/V its/P convention/N and/C headquarters/J complex/N in/I _OOV_/J _OOV_/N ./.
The/D loan/N to/T _OOV_/C was/V made/R in/I September/N 1983/N ./.
``/J We/N lent/I a/D lot/N of/I money/N all/V over/I the/D place/N ,/, ''/' said/V _OOV_/N _OOV_/N _OOV_/N ,/, who/R refused/V to/T discuss/V the/D bank/N 's/P outstanding/J loans/N to/T
As/P well/V as/I the/D _OOV_/N 1.23/N billion/C in/I provisions/N announced/V on/I Oct./N 6/N ,/, the/D restructuring/N package/N covers/V an/D additional/N _OOV_/N _OOV_/C million/C in/I provisions/N made/V in/I earlier/J years/N but/I never/P reflected/V in/I a/D reduction/N of/I the/D bank/N 's/P _OOV_/C capital/N ./.
At/I the/D end/N of/I the/D exercise/N ,/, the/D cash/J injection/N from/I _OOV_/N will/M increase/V the/D bank/N 's/P _OOV_/C capital/N to/T _OOV_/C 1.15/N billion/C after/V virtually/I being/D wiped/J out/I by/I the/D new/J provisions/N ./.
_OOV_/N _OOV_/N might/V have/I stepped/N from/I a/D recruiting/N poster/J for/N young/R Republicans/N ./.
White/N ,/, 24/C years/J old/N ,/, a/D singer/N in/I her/P church/J choir/N ,/, she/P symbolizes/C a/D generation/N that/I gave/D its/J heart/N and/C its/P vote/N to/T Ronald/C Reagan/N ./.
``/` I/P felt/C kind/N of/I safe/N ,/, ''/' she/P says/V ./.
No/V longer/P ./.
When/I the/D Supreme/N Court/N opened/V the/D door/J this/D year/N to/T new/V restrictions/N on/I abortion/N ,/, Ms./V _OOV_/N opened/V her/P mind/V to/T Democratic/C politics/N ./.
Then/I a/D political/N novice/R ,/, she/R stepped/V into/I a/D whirl/N of/I ``/C _OOV_/N ''/' marches/N ,/, house/V parties/I and/C _OOV_/N ./.
Now/I she/P leads/V a/D grassroots/J _OOV_/N campaign/N in/I _OOV_/C County/N for/I _OOV_/N Democratic/N gubernatorial/N candidate/V James/N _OOV_/N ./.
``/N This/: is/V one/R where/V I/P cross/N party/P lines/V ,/, ''/' she/V says/R ,/, rejecting/I the/D _OOV_/N stance/P of/I Rep./C _OOV_/N 's/P opponent/N ,/, _OOV_/N Rep./N James/N _OOV_/N ./.
``/N People/' my/P age/N thought/V it/P was/V n't/P going/V to/T be/V an/D issue/N ./.
Now/I it/P has/R --/: especially/C for/I people/J my/J age/N ./. ''/'
_OOV_/N bear/V out/I this/D warning/N ,/, but/R after/I a/D decade/N of/I increased/J Republican/N influence/I here/N ,/, the/D new/J politics/N of/I abortion/N have/V contributed/V to/T a/D world/N turned/V upside/V down/R for/I Mr./N _OOV_/N ./.
Unless/N he/P closes/I the/D gap/N ,/, Republicans/C risk/N losing/I not/P only/I the/D governorship/N but/V also/I the/D assembly/J next/J month/N ./.
Going/N into/I the/D 1990s/N ,/, the/D _OOV_/N is/V paying/I a/D price/N for/I the/D same/J conservative/N social/C agenda/N that/I it/P used/V to/T torment/P Democrats/N in/I the/D past/J ./.
This/D change/N comes/V less/R from/I a/D shift/J in/I public/J opinion/N ,/, which/W has/V n't/I changed/D much/J on/I abortion/N over/I the/D past/J decade/N ,/, than/I in/I the/D boundaries/N of/I the/D debate/N ./.
New/I Jersey/C 's/P own/J highest/N court/N remains/I a/D liberal/J bulwark/N against/P major/J restrictions/N on/I abortion/N ,/, but/I the/D U.S./N Supreme/N Court/N ruling/N ,/, Webster/N vs./N Missouri/N ,/, has/V engaged/N voters/V across/I the/D nation/N who/I had/P been/V insulated/N from/I the/D issue/N ./.
Before/I July/N ,/, _OOV_/N voters/N could/I safely/N make/M political/V decisions/N without/M focusing/V narrowly/V on/I abortion/N ./.
Now/P ,/, the/D threat/N of/I further/N restrictions/N adds/I a/D new/J dimension/N ,/, bringing/I an/D upsurge/N in/I political/J activity/N by/I _OOV_/J forces/N ./.
A/D recent/J _OOV_/N rally/N in/I _OOV_/N drew/V thousands/C ,/, and/C in/I a/D major/N reversal/D ,/, Congress/N is/V defying/V a/D presidential/J veto/N and/C demanding/V that/I _OOV_/J abortions/N be/M permitted/V in/I cases/N of/I rape/N and/C incest/N ./.
``/` If/P Webster/` had/P n't/. happened/N ,/, you/P would/M n't/P be/M here/V ,/, ''/' _OOV_/C _OOV_/N tells/V a/D reporter/N in/I the/D _OOV_/N office/N of/I the/D National/N Organization/N for/I Women/N ./.
``/J We/N could/M have/V shouted/V from/I the/D rooftops/J about/N _OOV_/C and/C no/D one/N would/M have/V heard/I us/N ./. ''/'
New/I Jersey/N is/V a/D proving/N ground/V for/I this/D aggressive/J _OOV_/N movement/I this/D year/N ./.
The/D infusion/N of/I activists/N can/M bring/V a/D clash/N of/I cultures/P ./.
In/I _OOV_/N Hill/N ,/, the/D National/N _OOV_/N Rights/N Action/N League/N ,/, whose/I goal/D is/J to/T sign/V up/I 50,000/J _OOV_/N voters/N ,/, targets/V a/D union/J breakfast/N to/T build/V labor/N support/N for/I its/P cause/N ./.
The/D league/N organizers/V seem/R more/I a/D fit/J with/I a/D convention/N next/V door/R of/I young/J aerobics/J instructors/N in/I _OOV_/C than/I the/D _OOV_/N union/N leaders/I ;/C ``/N I/P wish/V I/P could/M go/V work/V out/P ,/, ''/' says/V a/D slim/N activist/N ./.
A/D labor/N chief/N speaks/C sardonically/N of/I having/P to/T ``/C man/P and/C woman/J ''/N Election/N Day/' phones/N ./.
No/P age/V group/N is/V more/I sensitive/J than/J younger/J voters/N ,/, like/R Ms./V _OOV_/N ./.
A/D year/N ago/I this/D fall/J ,/, New/N Jersey/N voters/V under/V 30/` favored/P George/N Bush/N by/I 56/C %/N to/T 39/C %/N over/I Michael/J _OOV_/N ,/, according/V to/T a/D survey/N then/N by/I _OOV_/C University/C 's/P _OOV_/C Institute/C ./.
A/D matching/J _OOV_/N _OOV_/N _OOV_/C poll/C last/J month/N showed/I a/D complete/J reversal/D ./.
_OOV_/N in/I the/D same/J age/N group/N backed/I Democrat/N _OOV_/N 55/N %/N to/T 29/C %/N over/I Republican/J _OOV_/N ./.
_OOV_/C alone/R ca/V n't/P explain/V this/D shift/J ,/, but/P New/N Jersey/N is/V a/D model/N of/I how/P so/R personal/V an/D issue/N can/V become/I a/D baseline/N of/I sorts/N in/I judging/D a/D candidate/N ./.
By/I a/D _OOV_/N ratio/N ,/, voters/V appear/R more/V at/I ease/J with/I Mr./N _OOV_/N 's/P stance/N on/I abortion/N ,/, and/C polls/R indicate/V his/P lead/V widens/N when/I the/D candidates/N are/V specifically/V linked/N to/T the/D issue/N ./.
``/N The/: times/R are/V my/V times/R ,/, ''/' says/V Mr./N _OOV_/N ./.
The/D _OOV_/N County/N congressman/N still/V carries/V himself/R with/I a/D trademark/N ``/N _OOV_/N ''/' intensity/N ,/, but/P at/I a/D pause/N in/I _OOV_/C 's/P Columbus/C Day/N parade/J recently/N ,/, he/P was/V dancing/R with/I his/P wife/N in/I the/D middle/N of/I the/D avenue/N in/I the/D city/N 's/P old/J _OOV_/N ward/N ./.
After/V losing/D by/I fewer/R than/I 1,800/J votes/N in/I the/D 1981/N governor/N 's/P race/N ,/, he/P has/R prepared/V himself/P methodically/N for/I this/D moment/N ,/, including/I deciding/D in/I recent/N years/V he/P could/M no/V longer/I support/N curbs/V on/I federal/N funding/N for/I _OOV_/N abortions/N ./.
``/` If/P you/V 're/P going/V to/T be/M consistent/V and/C say/V it/P is/V a/D constitutionally/N protected/N right/N ,/, ''/' he/P asks/R ,/, ``/` how/P are/V you/P going/V to/T say/V an/D upscale/N woman/V who/R can/M drive/V to/T the/D hospital/N or/V clinic/N in/I a/D nice/J car/N has/V a/D constitutional/N right/V and/C someone/N who/R is/V not/R in/I great/R shape/I financially/P does/V not/P ?/P ''/'
Mr./N _OOV_/N ,/, by/I comparison/N ,/, seems/V a/D shadow/N of/I the/D confident/C hawk/N who/I defended/J Oliver/N North/N before/I national/J cameras/N at/I Iran-Contra/J hearings/N two/C years/J ago/N ./.
Looking/I back/P ,/, he/P says/V he/P erred/V by/I stating/N his/I ``/J personal/N ''/' opposition/V to/T abortion/V instead/R of/I assuring/J voters/N that/I he/P would/M n't/P impose/V his/P views/V on/I ``/N policy/N ''/N as/I governor/N ./.
It/P is/V a/D distinction/N that/I satisfies/N neither/J side/N in/I the/D debate/N ./.
``/N He/V does/V n't/P know/V himself/P ,/, ''/' _OOV_/C _OOV_/N of/I the/D _OOV_/N Rights/N League/N says/V of/I Mr./N _OOV_/N 's/P position/M ./.
Even/N abortion/N opponents/M ,/, however/D angry/N with/I Mr./N _OOV_/N ,/, ca/V n't/P hide/V their/P frustration/V with/I the/D Republican/N 's/P ambivalence/N ./.
``/N He/V does/V n't/P want/V to/T lead/V the/D people/N ,/, ''/' says/V Richard/N _OOV_/N ,/, president/N of/I New/N Jersey/N Right/N to/T Life/N ./.
Moreover/N ,/, by/I stepping/D outside/J the/D state/N 's/P _OOV_/N tradition/V ,/, Mr./N _OOV_/N _OOV_/N fears/V that/I he/P is/V too/V conservative/V as/P well/V on/R more/I pressing/C concerns/J such/N as/I auto/N insurance/N rates/N and/C the/D environment/N ./.
He/P hurt/V himself/P further/V this/D summer/N by/I bringing/J homosexual/N issues/V into/I the/D debate/N ;/: and/C by/I wavering/N on/I this/D issue/N and/C abortion/N ,/, he/P has/R weakened/V his/P credibility/V in/I what/N is/V already/I a/D _OOV_/N campaign/N on/I both/D sides/N ./.
_OOV_/` to/T Congress/C in/I 1978/N ,/, the/D _OOV_/N Mr./N _OOV_/N is/V part/I of/I a/D generation/N of/I young/J conservatives/N who/R were/I once/P very/V much/I in/I the/D lead/N of/I the/D _OOV_/N shift/V under/V Mr./N Reagan/N ./.
Like/N many/R of/I his/P colleagues/N ,/, he/P did/P n't/. serve/N in/I Vietnam/N in/I the/D 1960s/N yet/V embraced/I a/D _OOV_/N defense/N and/C foreign/N policy/N --/: even/W voting/V against/I a/D 1984/N resolution/N critical/N of/I the/D U.S./N mining/N of/I _OOV_/C harbors/N ./.
Jack/N Kemp/N and/C the/D writers/N _OOV_/N Kristol/N and/C George/N _OOV_/N were/I influences/P ,/, and/C Mr./N _OOV_/N 's/P own/J conservative/N credentials/V proved/D useful/N to/T the/D current/N New/N Jersey/N _OOV_/N governor/N ,/, Thomas/N _OOV_/N ,/, in/I the/D 1981/N Republican/N primary/N here/N ./.
The/D same/J partnership/N is/V now/R crucial/V to/T Mr./N _OOV_/N 's/P fortunes/V ,/, but/I the/D abortion/N issue/N is/V only/I a/D reminder/N of/I the/D gap/N between/V his/P record/V and/C that/V of/I the/D more/J moderate/R ,/, _OOV_/N Gov./N _OOV_/N ./.
While/I the/D _OOV_/N County/N congressman/N pursued/V an/D _OOV_/N ,/, _OOV_/N agenda/N in/I Washington/N ,/, Gov./N _OOV_/N was/V approving/N increased/N income/C and/C sales/N taxes/N at/I home/N and/C overseeing/N a/D near/N doubling/V in/I the/D size/J of/I New/N Jersey/N 's/P budget/N in/I his/P eight/J years/N in/I office/N ./.
_OOV_/` forces/C play/V down/P any/M differences/V with/I Mr./N _OOV_/N ,/, but/I this/D history/J makes/N it/P harder/V for/I the/D conservative/N to/T run/V against/P government/N ./.
Mr./N _OOV_/N 's/P free-market/N plan/N to/T bring/V down/P auto/V insurance/N rates/N met/V criticism/N from/I Gov./J _OOV_/N 's/P own/W insurance/N commissioner/N ./.
Mr./N _OOV_/N is/V further/V hobbled/N by/I a/D record/N of/I votes/J opposed/N to/T government/V regulation/N on/I behalf/N of/I consumers/N ./.
_OOV_/N in/I Spanish/N from/I his/P days/N in/I the/D Peace/N _OOV_/N ,/, Mr./N _OOV_/N actively/N courts/J minority/N voters/V but/P seems/V oddly/R over/I his/P head/N ./.
He/P is/V warm/V and/C polished/V before/I a/D Puerto/N _OOV_/N Congress/N in/I _OOV_/J Park/N ./.
Yet/N minutes/V after/V promising/V to/T appoint/V _OOV_/N to/T high/V posts/N in/I state/J government/N ,/, he/P is/V unable/V to/T say/V whether/M he/P has/V ever/I employed/N any/M in/I his/P congressional/J office/N ./.
``/` I/P do/V n't/P think/V we/P do/V now/R ,/, ''/' he/P says/V ./.
``/` I/P think/V we/V did/P ./. ''/'
Asked/` the/D same/J question/N after/I his/P appearance/C ,/, Democrat/N _OOV_/N identifies/V a/D staff/N member/N by/I name/N and/C explains/N her/V whereabouts/D today/N ./.
When/V he/P is/V presented/R with/I a/D poster/N celebrating/V the/D organization/N 's/P 20th/N anniversary/N ,/, he/P recognizes/N a/D photograph/N of/I one/N of/I the/D founders/N and/C recalls/V time/D spent/N together/V in/I _OOV_/N ./.
Details/N and/C _OOV_/N are/V essential/R _OOV_/C ./.
_OOV_/` to/T Congress/C as/I a/D ``/N Watergate/C baby/J ''/N in/I 1974/N ,/, he/P ran/V for/I governor/J three/J years/N later/V ./.
In/I the/D opinion/N of/I many/R ,/, he/P has/V n't/P stopped/V running/V since/V ,/, even/P though/V he/P declined/V a/D rematch/N with/I Gov./J _OOV_/N in/I 1985/N ./.
His/N base/N in/I South/N Jersey/N and/C on/I the/D House/N Energy/N and/C Commerce/N Committee/N helped/V him/P sustain/V a/D network/N of/I _OOV_/C committees/N to/T preserve/V his/P edge/N ./.
With/D limited/J budgets/N for/I television/N in/I a/D high-priced/N market/N ,/, Mr./N _OOV_/N 's/P higher/N recognition/N than/I his/P rival/N is/V a/D major/J advantage/N ./.
More/N than/I ever/R ,/, his/P _OOV_/C and/C _OOV_/N record/V is/V in/I sync/J with/I the/D state/N ./.
Auto/C insurance/N rates/N are/V soaring/N ./.
A/D _OOV_/N fire/V destroyed/V part/I of/I an/D interstate/N highway/V this/D summer/N ./.
In/I _OOV_/N ,/, an/D important/J swing/J area/N ,/, Republican/N _OOV_/N now/V run/V on/I a/D slogan/N promising/V to/T keep/V the/D county/N ``/N clean/C and/C green/N ./. ''/'
Mr./N _OOV_/N _OOV_/C this/D vindication/N ,/, but/P at/R age/V 52/N ,/, the/D congressman/N is/V also/I a/D product/N of/I his/P times/V and/C losses/C ./.
He/P speaks/V for/I the/D death/J penalty/N as/I if/J reading/N from/I _OOV_/N 21/N ;/: to/T increase/V state/N revenue/N he/P focuses/N not/V on/I ``/J taxes/N ''/' but/V on/I ``/J audits/N ''/' to/T cut/V waste/N ./.
_OOV_/J consultants/N match/V ads/N with/I Mr./N _OOV_/N 's/P team/N ,/, and/C Mr./N _OOV_/N _OOV_/N himself/P as/I the/D lean/N ,/, mean/V Democratic/C fighting/C machine/N of/I the/D 1990s/N ./.
_OOV_/` to/T a/D young/J audience/N ,/, he/P scraps/V an/D old/J reference/N to/T _OOV_/C and/C _OOV_/N and/C instead/T quotes/V the/D _OOV_/N _OOV_/N ./.
The/D lyric/J chosen/N --/: ``/` long/D strange/J night/J ''/N --/: may/V be/M an/V apt/V footnote/C to/T television/V spots/R by/I both/D candidates/J intended/N to/T portray/V each/D other/N as/I a/D liar/N ./.
The/D Democratic/N lawmaker/N fits/I a/D pattern/C of/I younger/N reformers/I arising/N out/I of/I old/J machines/N ,/, but/I his/P ties/N to/T _OOV_/C remain/I a/D sore/N point/I because/P of/I the/D county/N 's/P past/V corruption/N ./.
His/N campaign/I hierarchy/N is/J chosen/N from/I elsewhere/C in/I the/D state/N ,/, and/C faced/V with/I criticism/N of/I a/D sweetheart/J bank/N investment/N ,/, he/P has/P so/V far/R blunted/V the/D issue/N by/I donating/V the/D bulk/N of/I his/P profits/N to/T his/P alma/J mater/N ,/, _OOV_/C State/N College/N ./.
Mr./N _OOV_/N 's/P _OOV_/C on/I the/D abortion/N issue/V after/I the/D Webster/N ruling/I divides/N some/V of/I his/P old/J constituency/N ./.
_OOV_/N _OOV_/N ,/, an/V unlikely/I but/P enthusiastic/V pipe/J major/N in/I an/D _OOV_/N County/N Irish/N bagpipe/P band/N ,/, speaks/V sadly/R of/I Mr./N _OOV_/N ./.
``/` I/P am/V a/D devout/J _OOV_/N ,/, ''/' says/V Mr./N _OOV_/N ,/, a/D 40-year-old/N health/N officer/N ./.
``/` I/P ca/V n't/P support/V him/P because/V of/I abortion/N ./. ''/'
Bill/N _OOV_/N Sr./N ,/, 72/N ,/, is/V _OOV_/N too/V ,/, but/P _OOV_/` by/D Mr./N _OOV_/N 's/P stand/V on/I abortion/N ./.
A/D security/N guard/N at/I a/D cargo/N terminal/N ,/, he/P wears/V a/D Sons/N of/I Italy/N jacket/V and/C cap/N celebrating/V ``/` The/D US/N 1/N _OOV_/N ./. ''/'
``/` I/P still/V think/V the/D woman/N has/V the/D right/N to/T do/V with/I her/P body/N as/I she/P pleases/N ,/, ''/' he/P says/V ./.
``/` If/P you/P want/V more/I opinions/N ask/V my/P wife/N ./.
She/I has/P lots/N of/I opinions/N ./.
Consumer/D prices/N rose/V a/D surprisingly/J moderate/I 0.2/C %/N in/I September/N ,/, pushed/T up/V mostly/C by/I a/D jump/N in/I clothing/J costs/N ,/, the/D Labor/N Department/N reported/N ./.
Energy/N costs/N ,/, which/D drove/J wholesale/J prices/N up/I sharply/C during/I the/D month/N ,/, continued/V to/T decline/V at/I the/D retail/N level/N ,/, pulling/N down/I transportation/N and/C helping/V to/T ease/V housing/N costs/N ./.
The/D report/N was/V the/D brightest/N news/V the/D financial/N markets/V had/P seen/V since/V before/I the/D stock/J market/N plunged/V more/I than/I 190/C points/I last/J Friday/N ./.
The/D Dow/N Jones/N Industrial/N Average/N rallied/V on/I the/D news/N ,/, closing/I _OOV_/C points/I higher/N at/I _OOV_/N ./.
Bond/J prices/N also/I jumped/I as/P traders/V appeared/V to/T read/V the/D data/N as/I a/D sign/N that/I interest/J rates/N may/V fall/I ./.
But/P many/J economists/N were/I not/P nearly/V as/P jubilant/V ./.
The/D climb/J in/I wholesale/J energy/N prices/N is/V certain/V to/T push/V up/I retail/J energy/N prices/N in/I the/D next/N few/I months/N ,/, they/T warned/V ./.
They/V also/C said/V the/D dollar/N is/V leveling/V off/V after/I a/D rise/I this/D summer/N that/P helped/V to/T reduce/V the/D prices/N of/I imported/N goods/N ./.
``/` I/P think/V inflation/N is/V going/V to/T pick/V up/P through/V the/D fall/J ,/, ''/' said/V Joel/N _OOV_/N ,/, a/D specialist/N on/I inflation/N who/W runs/V an/D economic/N consulting/N firm/I here/N ./.
``/` It/P has/P been/V in/R what/V I/P would/M describe/V as/I a/D lull/N for/I the/D past/J several/I months/N ./. ''/'
``/N We/V 've/P had/P _OOV_/N declines/N in/I consumer/J energy/N prices/N in/I each/N of/I the/D past/J three/J months/N ,/, and/C at/I the/D wholesale/J level/N those/W are/V fully/D behind/J us/N now/V ,/, ''/' said/V Jay/N _OOV_/N ,/, chief/N domestic/N economist/N at/I Bankers/C Trust/N Co./N in/I New/N York/N ./.
Because/V wholesale/J energy/N prices/V shot/P up/V by/I a/D steep/J 6.5/N %/N last/I month/N ,/, many/R analysts/V expected/D energy/N prices/N to/T rise/V at/I the/D consumer/N level/N too/V ./.
As/C a/D result/N ,/, many/R economists/V were/W expecting/V the/D consumer/N price/N index/N to/T increase/V significantly/N more/I than/R it/I did/P ./.
But/P retail/N energy/N prices/N declined/I 0.9/C %/N in/I September/N ./.
Though/I analysts/N say/V competition/P will/M probably/R hold/V down/P increases/N in/I retail/J energy/N prices/N ,/, many/R expect/V some/V of/I the/D wholesale/N rise/I to/T be/M passed/V along/V to/T the/D consumer/N before/I the/D end/N of/I the/D year/N ./.
Still/N ,/, some/I analysts/J insisted/N that/I the/D worst/N of/I the/D inflation/N is/V behind/P ./.
``/` It/P increasingly/J appears/N that/I _OOV_/N was/V a/D temporary/J inflation/N _OOV_/N and/C not/I the/D beginning/J of/I a/D cyclical/J inflation/N problem/N ,/, ''/' argued/V Edward/N _OOV_/N ,/, chief/N economist/N at/I Prudential-Bache/C Securities/N Inc./N in/I New/N York/N ./.
In/I both/D 1987/N and/C 1988/N ,/, consumer/N prices/N rose/V _OOV_/C %/N ./.
A/D run-up/N in/I world/J oil/N prices/N last/R winter/I sent/J consumer/N prices/N soaring/N at/I a/D _OOV_/N %/N annual/V rate/N in/I the/D first/J five/J months/N of/I this/D year/N ,/, but/I the/D subsequent/J decline/N in/I energy/J prices/N has/P pulled/V the/D annual/J rate/N back/V down/R to/T _OOV_/C %/N ./.
Mr./N _OOV_/N predicted/I that/D world/J business/N competition/V will/M continue/V to/T restrain/V prices/N ./.
``/` The/D bottom/N line/N is/V ,/, it/P seems/V to/T me/V that/I the/D economic/N environment/N has/V become/P very/V ,/, very/I _OOV_/N for/I a/D lot/N of/I businesses/N ,/, ''/' he/V said/P ./.
``/J Back/N in/I _OOV_/N ,/, business/N was/V operating/N at/I fairly/D tight/J capacity/N ,/, so/V businesses/N felt/V they/P could/M raise/V prices/N ./. ''/'
Now/P ,/, he/P said/R ,/, a/D slowdown/N in/I economic/N activity/R has/P _OOV_/C demand/N ./.
The/D mild/J inflation/N figures/V renewed/I investors/N '/, hopes/V that/I the/D Federal/N Reserve/N will/M ease/V its/C interest-rate/` stance/P ./.
The/D steep/J climb/N in/I producer/J prices/N reported/N last/I Friday/J fostered/N pessimism/V about/I lower/J interest/N rates/N and/C contributed/N to/T the/D stock/J market/N 's/P 6.9/C %/N plunge/I that/D day/N ./.
In/I the/D past/J several/I days/N ,/, however/W ,/, the/D U.S./N 's/P central/N bank/N has/P allowed/V a/D key/J interest/N rate/N to/T fall/V slightly/I to/T try/V to/T stabilize/C the/D markets/N ./.
Analysts/N say/V Fed/N policy/N makers/N have/V been/V wary/R of/I relaxing/J credit/N too/V much/I because/T they/V were/I still/D uncertain/N about/I the/D level/N of/I inflation/N in/I the/D economy/N ./.
Excluding/` the/D volatile/N categories/N of/I energy/N and/C food/N --/: leaving/V what/V some/D economists/N call/V the/D core/J inflation/N rate/N --/: consumer/N prices/N still/V rose/V only/D 0.2/N %/N in/I September/N ./.
Transportation/J costs/N actually/I fell/D 0.5/N %/N ,/, and/C housing/N costs/N gained/I only/D 0.1/N %/N ./.
Apparel/J prices/N _OOV_/N up/I 1.7/C %/N ,/, but/P that/V was/V after/I three/J months/N of/I declines/N ./.
Medical/N costs/N continued/I their/P steep/V ascent/V ,/, rising/I _OOV_/C %/N after/I four/C consecutive/J months/N of/I 0.7/C %/N increases/N ./.
Car/J prices/N ,/, another/C area/V that/D contributed/N to/T the/D steep/J rise/R in/I the/D wholesale/J index/N last/I month/N ,/, still/V showed/I declines/N at/I the/D consumer/N level/N ./.
They/P dropped/V _OOV_/C %/N as/I dealers/N continued/V to/T offer/V rebates/N to/T attract/P customers/N ./.
Food/J prices/N rose/V 0.2/C %/N for/I the/D second/J month/N in/I a/D row/N ,/, far/V slower/I than/I the/D monthly/J rises/N earlier/I in/I the/D year/N ./.
Separately/N ,/, the/D Labor/N Department/N reported/V that/D average/J weekly/N earnings/N rose/V 0.3/C %/N in/I September/N ,/, after/I adjusting/D for/J inflation/N ,/, following/I a/D 0.7/N %/N decline/C in/I August/N ./.
All/I the/D numbers/J are/J adjusted/N for/I seasonal/T fluctuations/C ./.
Here/P are/V the/D seasonally/J adjusted/N changes/N in/I the/D components/N of/I the/D Labor/N Department/N 's/P consumer/N price/N index/N for/I September/N ./.
After/J watching/N interest/N in/I the/D sport/N plummet/V for/I years/N ,/, the/D ski/N industry/N is/V trying/V to/T give/V itself/I a/D lift/N ./.
_OOV_/` the/D country/N ,/, resorts/N are/V using/V everything/V from/R fireworks/V to/T _OOV_/C concerts/N to/T attract/P new/J customers/N ./.
Some/D have/J built/J health/N _OOV_/N ,/, business/N centers/N and/C shopping/N villages/V so/P visitors/N have/V more/I to/T do/V than/I ski/N ./.
And/I this/D week/N ,/, the/D industry/N 's/P efforts/N will/M go/V national/N for/I the/D first/N time/I when/P it/V unveils/V a/D $/$ 7/C million/C advertising/J campaign/N ./.
Such/I efforts/N --/: unheard/R of/I only/D a/D few/J years/J ago/N --/: are/V the/D latest/J attempts/N to/T revive/V the/D sagging/N $/$ 1.76/C billion/C U.S./N ski/N industry/N ./.
Since/I the/D start/N of/I the/D decade/N ,/, _OOV_/N sales/N have/V grown/V only/D 3/N %/N a/D year/N on/I average/N ,/, compared/R with/I 16/C %/N annual/V growth/J rates/N in/I the/D _OOV_/N and/C _OOV_/N ./.
Last/J season/N ,/, _OOV_/N sales/N fell/V for/I the/D first/N time/I in/I seven/J years/N ./.
By/I some/D estimates/N ,/, nearly/I a/D fourth/N of/I all/D U.S./N ski/N areas/N have/V been/R forced/V to/T shut/V down/P since/V the/D early/J _OOV_/N ./.
Competition/C and/C mounting/N insurance/N and/C equipment/N costs/N have/V been/V the/D undoing/J of/I many/J resorts/N ./.
But/I another/D big/N problem/V has/P been/V the/D aging/N of/I baby/J boomers/N ./.
_OOV_/N ,/, after/I all/P ,/, has/V mainly/P been/V for/I the/D young/N and/C daring/V and/C many/I baby/J boomers/N have/I outgrown/J skiing/N or/V have/R too/V many/I family/N responsibilities/N to/T stick/V with/I the/D sport/N ./.
In/I its/P new/J ad/J campaign/N ,/, created/V by/I _OOV_/J _OOV_/N _OOV_/N &/C _OOV_/N Inc./N ,/, Chicago/N ,/, the/D ski/N industry/N is/V trying/V to/T change/V its/P image/N as/I a/D sport/J primarily/N for/I young/J white/J people/N ./.
One/I _OOV_/N TV/: spot/V features/I a/D diverse/J group/N of/I skiers/R gracefully/I gliding/N down/I _OOV_/J slopes/N :/: senior/J citizens/N ,/, minorities/N ,/, families/N with/I children/N --/: even/I a/D blind/N skier/N ./.
``/N _OOV_/N school/V is/V great/R ,/, ''/' cries/V out/I a/D tot/N ,/, bundled/V in/I a/D _OOV_/N as/I he/P plows/N down/I a/D bunny/J slope/N ./.
``/N You/, 'll/V never/P _OOV_/C you/P try/V ,/, ''/' says/V a/D black/J skier/N ./.
``/J We/N used/V to/T show/V some/D _OOV_/N skier/N in/I his/P twenties/V or/C thirties/V going/V over/I the/D edge/N of/I a/D cliff/N ,/, ''/' says/V _OOV_/N _OOV_/N ,/, a/D spokeswoman/N for/I the/D United/N _OOV_/N Industries/N Association/N ,/, the/D trade/N group/N sponsoring/N the/D campaign/N ./.
_OOV_/J promotions/N have/I traditionally/R avoided/V the/D touchy/J issue/N of/I safety/N ./.
But/I the/D new/J commercials/N deal/N with/I it/D indirectly/N by/I showing/I a/D woman/J smiling/N as/I she/P tries/V to/T get/V up/R from/I a/D fall/J ./.
``/N We/V wanted/P to/T show/V it/I 's/P okay/V if/V you/P fall/V ,/, ''/' says/V Ms./V _OOV_/N ./.
``/C Most/C people/N think/M if/V you/P slip/R ,/, you/V 'll/D wind/J up/R in/I a/D body/N cast/N ./. ''/'
The/D ad/J campaign/N represents/I an/D unusual/J spirit/N of/I cooperation/N among/P resorts/V and/C ski/N equipment/N makers/V ;/C normally/N ,/, they/I only/D run/J ads/N hyping/` their/P own/V products/N and/C facilities/N ./.
But/R in/I these/R crunch/I times/R for/I the/D ski/N industry/N ,/, some/I resorts/N ,/, such/N as/I the/D _OOV_/N Fire/N ,/, Red/N River/V and/C _OOV_/N ski/N areas/N in/I New/N Mexico/N ,/, have/I even/T started/V _OOV_/C skiers/J to/T each/V other/V 's/P slopes/N and/C next/J year/J plan/N to/T sell/V tickets/R good/V for/I all/D local/J lifts/N ./.
Many/I resorts/N also/I are/J focusing/N more/I on/I the/D service/N side/N of/I their/P business/N ./.
Since/I 40/C %/N of/I skiers/J are/J parents/N ,/, many/R slopes/V are/V building/V nurseries/N ,/, expanding/C ski/N schools/V and/C adding/I entertainment/N for/I kids/N ./.
_OOV_/N ,/, Colo./N ,/, now/V has/I a/D _OOV_/N that/P looks/V like/C an/D old/J mining/N town/V ;/C kids/N can/M ski/V through/C and/C pan/N for/I fool/N 's/P gold/N ./.
For/D $/$ 15/C ,/, they/P can/M enjoy/V their/P own/I nightly/J entertainment/N ,/, with/I dinner/N ,/, without/M mom/V and/C dad/N ./.
A/D few/J years/J ago/N ,/, parents/N usually/V had/V to/T hire/V a/D sitter/J or/N take/I turns/P skiing/N while/I one/C spouse/J stayed/N with/I the/D children/N ./.
``/C Most/C parents/N who/W had/V to/T go/V through/C that/I never/P came/V back/R ,/, ''/' says/V Michael/N _OOV_/N ,/, president/N of/I _OOV_/C Associates/N Inc./N ,/, which/D owns/N and/C operates/N the/D _OOV_/N and/C nearby/J Beaver/N _OOV_/N resorts/N ./.
To/T make/P skiing/V more/R convenient/V for/I _OOV_/J visitors/N ,/, several/I resorts/N are/V buying/V or/C starting/V their/I own/P travel/V agencies/N ./.
In/I one/C phone/N call/V ,/, ski/N buffs/N can/M make/M hotel/V and/C restaurant/N reservations/N ,/, buy/V lift/D tickets/N ,/, rent/J ski/N equipment/N and/C sign/N up/R for/I lessons/N ./.
And/P resorts/N are/V adding/I other/J amenities/N ,/, such/N as/I pricey/J restaurants/N ,/, health/N _OOV_/N and/C vacation/V packages/N with/I a/D twist/N ./.
During/J _OOV_/N Carnival/N week/N ,/, for/I example/N ,/, visitors/V at/I Sunday/J River/N in/I Maine/N can/M take/V a/D _OOV_/N balloon/N ride/V ./.
``/C People/N these/D days/J want/N something/V else/V to/T do/V besides/R ski/V and/C sit/N in/I the/D bar/N ,/, ''/' says/V Don/N _OOV_/N ,/, executive/J director/N of/I _OOV_/C Fire/N ,/, _OOV_/` 's/P Chamber/N of/I Commerce/N ./.
The/D ski/J industry/N hopes/V to/T increase/V the/D number/J of/I skiers/J by/I 3.5/C million/C to/T about/V _OOV_/C million/C in/I the/D next/J five/J years/N with/I its/P latest/J ads/N and/C promotions/N ./.
But/V some/R think/V that/I 's/P being/W overly/V optimistic/V ./.
For/D one/J thing/N ,/, it/P may/V be/M tough/V to/T attract/P people/V because/D skiing/N is/V still/D expensive/N :/: a/D lift/D ticket/N can/M cost/V up/I to/T $/$ 35/C a/D day/N and/C equipment/N prices/N are/V rising/R ./.
And/P most/I _OOV_/N still/V prefer/V a/D warm/J climate/N for/I their/P winter/V excursions/V ./.
An/N American/' Express/C Co./C survey/N of/I its/P travel/V agents/N revealed/I that/I only/D 34/N %/N believe/V their/P clients/N will/M pick/V a/D trip/N this/I winter/D based/N on/I the/D availability/N of/I winter/D sports/N ,/, as/I opposed/N to/T 69/C %/N who/W think/V that/I _OOV_/J sports/N will/M be/V the/I deciding/D factor/N ./.
``/J Even/N if/M they/P could/M bring/V in/I that/P many/R new/V skiers/R ,/, I/P do/V n't/P know/M if/V -LCB-/` the/D industry/N -RCB-/` could/P handle/I that/D kind/N of/I an/D increase/N ,/, ''/' says/V _OOV_/N William/N Berry/N ,/, editor/N and/C publisher/N of/I the/D _OOV_/N Industry/N Letter/N in/I _OOV_/N ,/, _OOV_/N ./.
``/C Most/C people/N will/M come/V on/I the/D weekend/N ,/, the/D slopes/N will/M be/M overcrowded/V and/C then/N these/I -LCB-/N new/V skiers/I -RCB-/N wo/V n't/P come/V back/P ./.
They/V did/P n't/. play/V the/D third/J game/N of/I the/D World/N Series/N on/I Tuesday/J night/N as/I scheduled/N ,/, and/C they/P did/V n't/P play/V it/R on/I Wednesday/J or/N Thursday/N either/M ./.
But/V you/P knew/V that/P ,/, did/P n't/. you/. ?/.
They/P are/V supposed/R to/T play/V the/D game/J next/J Tuesday/N ,/, in/I _OOV_/J Park/N here/N ./.
The/D theory/J is/N that/I the/D stadium/N ,/, damaged/N by/I Tuesday/N 's/P earthquake/N ,/, will/M be/M repaired/V by/I then/N ,/, and/C that/I people/R will/M be/V able/I to/T get/V there/P ./.
Like/N just/V about/I everything/J else/N ,/, that/I remains/R to/T be/V seen/V ./.
_OOV_/N could/M intervene/V ./.
But/R ,/, at/I least/R ,/, the/D law/N of/I averages/N should/M have/V swung/V to/T the/D favorable/J side/N ./.
It/P may/V seem/R trivial/V to/T worry/V about/I the/D World/N Series/N amid/V the/D destruction/C to/T the/D Bay/J Area/N wrought/R by/I Tuesday/N 's/P quake/N ,/, but/I the/D name/N of/I this/D column/N is/V ``/C On/N Sports/N ,/, ''/' so/V I/P feel/J obliged/N to/T do/V so/P ./.
You/, might/V be/M interested/V to/T know/V that/I baseball/P ,/, not/P survival/N ,/, appeared/V to/T be/V the/D first/J thought/N of/I most/R of/I the/D crowd/N of/I _OOV_/C that/I had/P gathered/V at/I _OOV_/N at/I _OOV_/C p.m./N Tuesday/N ,/, a/D half-hour/N before/P game/V time/I ,/, when/I the/D quake/J struck/N ./.
As/C soon/P as/I the/D tremor/J passed/N ,/, many/R people/R spontaneously/V arose/I and/C cheered/C ,/, as/P though/V it/I had/P been/V a/D novel/J kind/N of/I _OOV_/J show/N ./.
One/I fan/N ,/, seated/N several/I rows/N in/I front/N of/I the/D open/N ,/, _OOV_/N auxiliary/N press/V section/R where/V I/P was/V stationed/N ,/, faced/V the/D assembled/J _OOV_/N and/C _OOV_/N shouted/V ,/, ``/J We/N arranged/V that/P just/V for/I you/P guys/V ''/N I/P thought/V and/C ,/, I/P 'm/P sure/V ,/, others/V did/P :/P ``/N You/, should/M n't/P have/V bothered/V ./. ''/'
I/P 'd/V slept/R through/V my/I only/D previous/D brush/J with/I natural/J disaster/N ,/, a/D tornado/N 15/N or/V so/V summers/R ago/V near/I _OOV_/N City/N ,/, Mich./N ,/, so/V I/P was/V unprepared/V for/I one/C reaction/N to/T such/V things/V :/R the/D urge/N to/T talk/V about/I them/P ./.
Perhaps/P primed/C by/I the/D daily/J diet/N of/I radio/N and/C TV/N reporters/V thrusting/V microphones/N into/V people/V 's/P faces/C and/C asking/V how/P they/T ``/C feel/N ''/' about/J one/N calamity/V or/C another/C ,/, fellow/N reporters/V and/C civilians/N who/I spied/N my/V press/V _OOV_/N were/W eager/V to/T chat/V ./.
``/` It/P felt/C like/C I/P was/V on/I a/D station/N platform/V and/C a/D train/N went/V by/I ,/, ''/' said/V one/C man/P ,/, describing/V my/P own/V reaction/N ./.
A/: women/R said/P she/V saw/D the/D park/N 's/P light/J standards/N sway/V ./.
A/D man/N said/V he/P saw/V the/D upper/N rim/V _OOV_/N ./.
I/I saw/D neither/N ./.
_OOV_/N of/I good/N sense/V to/T the/D contrary/J not/J withstanding/N ,/, the/D general/N inclination/R was/V to/T believe/V that/I the/D disturbance/N would/P be/M brief/V and/C that/W ball/V would/P be/M played/V ./.
``/` I/P was/V near/I the/D top/N of/I the/D stadium/N ,/, and/C saw/V a/D steel/J _OOV_/N bow/V six/C feet/N from/R where/V I/P sat/N ,/, but/P I/. stayed/N put/R for/I 10/N or/V 15/N minutes/V ,/, ''/' confessed/V a/D friend/N ./.
``/` I/P guess/V I/P thought/V ,/, `/N This/: is/V the/D World/N Series/N and/C I/P 'm/P not/M gon/V na/J wimp/N out/I '/P ''/'
Here/N in/I the/D Global/N _OOV_/N ,/, though/V ,/, folks/N do/V not/P stay/P uninformed/N for/I long/D ./.
_OOV_/N power/N was/V out/R in/I _OOV_/J _OOV_/N Park/N ,/, but/T _OOV_/C radios/C and/C television/N sets/V were/D plentiful/N ./.
Within/I a/D few/J minutes/N ,/, the/D true/N extent/R of/I the/D catastrophe/N was/V becoming/V clear/P ./.
Its/I _OOV_/N _OOV_/N measurement/N was/V reported/N as/I 6.5/N ,/, then/J 6.9/N ,/, then/J _OOV_/N ./.
A/D section/J of/I the/D Bay/J Bridge/N had/P collapsed/V ,/, as/R had/I a/D part/J of/I Interstate/C Highway/N 880/N in/I _OOV_/N ./.
People/I had/P died/N ./.
At/I _OOV_/C p.m./N ,/, scheduled/V game/V time/I having/P passed/N ,/, some/I fans/R chanted/V ``/N Let/V 's/P Play/V Ball/N ./. ''/'
No/V longer/D innocent/N ,/, they/T qualified/V as/I fools/N ./.
The/D stadium/N was/V ordered/D evacuated/N soon/V afterward/I ;/C the/D announcement/N ,/, made/R over/I police/J _OOV_/N ,/, cited/V the/D power/N outage/N ,/, but/P it/V later/V was/V revealed/I that/P there/V also/I had/P been/V damage/N of/I the/D sort/J reported/N by/I my/D friend/N ./.
Outside/V ,/, I/P spotted/V two/C young/R men/C _OOV_/J blocks/N of/I concrete/N ./.
``/N _OOV_/N of/I _OOV_/N ,/, ''/' they/T said/P ./.
The/D crowd/J remained/N good/J natured/N ,/, even/D bemused/N ./.
TV/D reporters/J interviewed/N fans/R in/I the/D parking/J lots/N while/W ,/, a/D few/J feet/N away/R ,/, others/V watched/I the/D interviews/N on/I their/P portable/V TVs/N ./.
The/D only/D frenzy/N I/I saw/D was/J commercial/N :/: _OOV_/C selling/J World/N Series/N commemorative/V stamps/N and/C dated/V _OOV_/N were/I besieged/N by/I fledgling/J speculators/N who/I saw/D future/D profit/N in/I the/D items/N ./.
The/D traffic/N jam/V out/P of/I the/D park/N was/D monumental/N ./.
It/P took/V me/V a/D half-hour/N to/T move/M 10/C feet/N from/I my/D parking/J spot/N in/I an/D outer/N lot/V to/T an/D aisle/N ,/, and/C an/D additional/N hour/V to/T reach/I an/D inner/J roadway/N a/D _OOV_/N away/P ./.
The/D _OOV_/N trip/V to/T my/D airport/N hotel/N that/P had/V taken/D 20/N minutes/V earlier/R in/I the/D day/J took/N more/V than/I three/J hours/N ./.
At/I my/D hotel/N ,/, the/D _OOV_/N ,/, power/N was/V out/P ,/, some/I interior/N plaster/V had/P broken/V loose/V and/C there/V had/P been/V water/, damage/V ,/, but/P little/R else/V ./.
With/D _OOV_/N randomness/N ,/, a/D hotel/N across/C the/D street/N ,/, the/D _OOV_/N ,/, had/P been/V hit/R harder/V :/: A/D large/J sheet/N of/I its/P concrete/N facade/V and/C several/R window/V _OOV_/N were/W torn/V away/P ./.
The/D _OOV_/N staff/N had/V ,/, kindly/R ,/, set/I out/P lighted/V candles/V in/I the/D ballroom/N ,/, prepared/V a/D _OOV_/N buffet/V and/C passed/N around/I pillows/C and/C blankets/C ./.
I/P fell/V asleep/R on/I the/D lobby/J floor/N ,/, next/V to/T a/D man/J wearing/N a/D Chicago/N _OOV_/N jacket/V ./.
I/P expected/V him/P to/T say/V ,/, ``/` I/P told/V you/P so/V ,/, ''/' but/P he/V already/D was/J snoring/N ./.
The/D journalistic/J consensus/N was/V that/I the/D earthquake/N made/I the/D World/N Series/N seem/V unimportant/C ./.
My/D response/N was/V that/D sports/N rarely/V are/V important/R ,/, only/D diverting/N ,/, and/C the/D quake/N merely/V highlighted/R that/I fact/P ./.
Should/I the/D rest/J of/I the/D Series/N be/M played/V at/I all/P ?/.
The/D quake/J and/C baseball/C were/I n't/P related/N ,/, unlike/I the/D massacre/N of/I athletes/P that/V attended/V the/D 1972/N _OOV_/N ./.
That/P heavily/C politicized/N event/I learned/R nothing/V from/I the/D horrifying/J experience/N ,/, and/C seems/V doomed/T to/T repeat/V it/P ./.
Two/N _OOV_/N _OOV_/N ./.
This/$ has/P been/V widely/C dubbed/V the/D BART/N Series/N ,/, after/I the/D local/J subway/N line/N ,/, and/C the/D Bay/J Bridge/N Series/N ./.
_OOV_/C fly/N at/I _OOV_/N for/I the/D death/J of/I _OOV_/C _OOV_/N ,/, the/D late/J baseball/N commissioner/N ,/, and/C now/I the/D Bay/J Bridge/N lies/N in/I ruins/N ./.
A/D Series/N that/V was/V shaping/V up/R as/I the/D _OOV_/N since/I the/D _OOV_/N _OOV_/N _OOV_/N go/V of/I 1984/N has/V become/P memorable/V in/I the/D least/N fortunate/V way/P ./.
Still/N ,/, its/V edge/I is/J lost/N ./.
It/P now/V will/M be/V played/V mostly/C for/I the/D record/N ,/, and/C should/M be/V wrapped/V up/I as/P quickly/V as/P possible/V ,/, without/M ``/C off/P ''/' days/N ./.
And/P I/. will/M never/V again/R complain/V about/I a/D _OOV_/N ./.
The/D disarray/J in/I the/D junk-bond/N market/N that/I began/I last/J month/N with/I a/D credit/N crunch/I at/I Campeau/J Corp./N has/V offered/I commercial/J banks/N a/D golden/N opportunity/V to/T play/V a/D greater/C role/N in/I financing/N _OOV_/N takeovers/N ./.
But/V two/C big/J New/N York/N banks/N seem/V to/T have/V kicked/R those/I chances/P away/R ,/, for/I the/D moment/N ,/, with/I the/D embarrassing/J failure/N of/I _OOV_/C and/C Chase/N Manhattan/N Corp./N to/T deliver/V $/$ 7.2/C billion/C in/I bank/N financing/N for/I a/D leveraged/N buy-out/N of/I United/N Airlines/N parent/N UAL/N Corp/N ./.
For/D more/J than/I a/D decade/N ,/, banks/N have/V been/V pressing/C Congress/C and/C banking/N regulators/N for/I expanded/N powers/I to/T act/V like/C securities/N firms/N in/I playing/J Wall/N Street/N 's/V lucrative/P takeover/N game/V ,/, from/I giving/D mergers/N advice/N all/I the/D way/J to/T selling/V and/C trading/N high-yield/C junk/N bonds/N ./.
Those/J expanded/N powers/V reached/I their/P zenith/V in/I July/N when/W Bankers/C Trust/N New/N York/N Corp./N provided/N mergers/N advice/N ,/, an/D equity/N investment/N and/C bank/N loans/N for/I the/D $/$ _OOV_/C billion/C leveraged/N buy-out/N of/I _OOV_/C Airlines/N parent/N _OOV_/N Inc/N ./.
One/N of/I the/D major/J selling/N points/I used/J by/I Los/J Angeles/N financier/N Alfred/N _OOV_/N in/V getting/V the/D takeover/N approved/N was/V that/I the/D deal/N did/V n't/P include/N any/M junk/V bonds/N ./.
That/P was/V seen/R as/I an/D advantage/N in/I lobbying/N airline/N employees/N and/C Washington/N regulators/N for/I approval/N of/I the/D contested/I takeover/N ./.
All/D $/$ _OOV_/C billion/C in/I debt/N for/I the/D deal/N was/V supplied/N by/I banks/N ./.
Charles/N _OOV_/N ,/, _OOV_/N of/I mergers/N and/C acquisitions/N at/I Salomon/J Brothers/N Inc./N ,/, says/V it/P is/V natural/V for/I banks/N to/T try/V to/T expand/V beyond/I their/P _OOV_/C business/N of/I providing/N senior/N debt/N for/I _OOV_/N ./.
But/I the/D UAL/N collapse/C ,/, he/P says/V ,/, ``/N may/V tell/V you/P it/V 's/P not/P going/V to/T work/V that/P easily/V ./, ''/'
David/N _OOV_/N ,/, a/D mergers/N adviser/N in/I La/N _OOV_/N ,/, Calif./N ,/, who/R aided/V Los/N Angeles/N investor/N Marvin/N Davis/N on/I the/D bids/N which/V put/I both/D UAL/N and/C _OOV_/N in/I play/N as/I takeover/N candidates/V this/D year/N ,/, says/V that/P banks/V have/R been/V ``/N preparing/V to/T play/V a/D larger/C and/C larger/C role/V in/I acquisition/N financing/N ./. ''/'
Mr./N _OOV_/N says/V that/R in/I the/D past/J ,/, banks/N would/M normally/V have/I loaned/N 65/N %/N of/I a/D total/N buy-out/N price/N ,/, with/I the/D loans/N secured/N by/I the/D target/N company/N 's/P assets/N ./.
Another/N 20/N %/N of/I the/D borrowed/J funds/N would/M come/V from/I the/D sale/N to/T investors/V of/I junk/N bonds/N ,/, which/D offer/N less/I security/N and/C typically/J carry/N higher/N yields/N than/I bank/N loans/N ./.
Mr./N _OOV_/N 's/P purchase/N of/I _OOV_/N ,/, Mr./N _OOV_/N notes/N ,/, ``/N was/V probably/V the/D most/J aggressive/N to/T date/N ,/, ''/N with/I bank/N debt/N at/I 85/C %/N of/I the/D purchase/N price/N ./.
But/V Mr./N _OOV_/N says/V that/I _OOV_/` 's/P ``/N failure/V to/T deliver/V ''/N on/I its/P promise/N to/T raise/V the/D UAL/N bank/N debt/N for/I a/D labor-management/N buy-out/N group/N ``/N is/V very/R distressing/V to/T potential/V users/N of/I a/D `/N _OOV_/N '/C letter/N from/I commercial/J banks/N ./. ''/'
His/N client/N ,/, Mr./N Davis/N ,/, used/V just/R such/V a/D letter/N from/I _OOV_/N in/I pursuing/J UAL/N ;/C _OOV_/N later/V agreed/V to/T work/V with/I a/D competing/J UAL/N buy-out/N group/N ./.
Executives/N of/I _OOV_/C and/C Chase/N Manhattan/N declined/V to/T comment/V on/R either/M the/D UAL/N situation/N ,/, or/V on/I the/D changing/J nature/N of/I banks/N '/C role/N in/I financing/N takeovers/N ./.
In/I the/D wake/N of/I Campeau/C 's/P problems/N ,/, prices/N of/I junk/N bonds/N tumbled/N ,/, throwing/V into/V doubt/I the/D ability/N of/I corporate/N _OOV_/N to/T finance/V large/C takeovers/N with/I the/D help/N of/I junk/N bond/V sales/N ./.
Mark/N _OOV_/N ,/, senior/N managing/I director/N at/I Manufacturers/J _OOV_/N Trust/N Co./N ,/, says/I the/D _OOV_/N in/I junk/N bonds/N may/V yet/I open/J new/J business/N opportunities/N to/T banks/V in/I structuring/N takeovers/N ./.
But/V he/P warns/N that/I banks/N will/M have/V ``/C to/T have/V enough/I discipline/N ''/' not/V to/T make/M loans/V that/P are/V too/V risky/V ./.
In/I fact/P ,/, Manufacturers/N _OOV_/N said/V in/I its/P third-quarter/C earnings/N report/N that/I fees/N from/I _OOV_/J loans/N to/T other/V banks/N dropped/V 48/C %/N ,/, to/T $/$ 21/C million/C ./.
``/N We/V did/P n't/. take/V part/I in/I a/D lot/N of/I deals/N because/I their/P credit/V quality/N was/V poor/V ,/, ''/' says/V a/D bank/N spokesman/N ./.
James/N B./N Lee/N ,/, head/N of/I _OOV_/C and/C private/N placements/V at/I Chemical/D Banking/N Corp./N ,/, said/V he/P believes/V banks/N can/M still/V make/I a/D credible/J offer/N of/I _OOV_/J shopping/N for/I takeover/N finance/N ./.
As/P evidence/N ,/, he/P cites/N yesterday/I 's/P arrangement/V for/I the/D final/J financing/N of/I a/D $/$ 3/C billion/C bid/N for/I American/N Medical/N International/N Inc./N in/I which/D Chemical/N served/N as/V both/I the/D lead/N bank/N and/C an/D equity/N investor/N ./.
Beyond/` the/D current/N weakness/V in/I the/D junk/N bond/V market/N ,/, banks/N have/I another/D advantage/N over/I investment/N banks/N in/I financing/N contested/I takeovers/N ./.
Arthur/` _OOV_/C Jr./N ,/, a/D takeover/N lawyer/N at/I Fried/J Frank/N Harris/N _OOV_/N &/C _OOV_/N ,/, notes/V that/I ``/` a/D political/N and/C emotional/J bias/N ''/' has/J developed/N against/J junk/N bonds/N ./.
One/I hostile/P bidder/V who/R deliberately/V avoided/V using/I junk/N bonds/N was/V Paramount/N Communications/N Inc./N in/I its/P initial/V offer/V to/T acquire/V Time/N Inc./N for/I $/$ _OOV_/C billion/C ,/, or/V $/$ 175/C a/D share/N ./.
A/D Paramount/N spokesman/N says/V that/P decision/V was/D based/N on/I the/D financial/N ,/, not/P political/N ,/, drawbacks/N of/I junk/N bonds/N ./.
But/I some/D observers/N believe/V Paramount/N Chairman/N Martin/N Davis/N wanted/V to/T avoid/V the/D possible/N taint/V of/I being/D perceived/N as/I a/D corporate/N raider/V in/I his/P controversial/J bid/N for/I Time/N ./.
In/I the/D end/N ,/, Mr./N Davis/N used/V junk/V bonds/N so/V that/I he/P could/M raise/V Paramount/` 's/P bid/V to/T $/$ 200/C a/D share/N ./.
Some/C _OOV_/J quarterbacks/N said/V the/D initial/J lower/N bid/N ,/, without/M junk/V bonds/N ,/, was/V a/D factor/N in/I his/P losing/I the/D company/N ./.
Time/N eluded/I Paramount/N by/I acquiring/P Warner/N Communications/N Inc/N ./.
The/D success/N of/I the/D _OOV_/N financing/N ,/, and/C the/D failure/N of/I the/D UAL/N deal/N ,/, also/R seem/V to/T highlight/I the/D important/J new/J role/N in/I takeover/N financing/N being/W played/V by/D Japanese/N banks/N ./.
Japanese/I banks/N accounted/V for/I 50/C %/N of/I the/D _OOV_/N bank/N debt/N ,/, according/V to/T a/D report/N by/I Transportation/J Secretary/N Samuel/N _OOV_/N ./.
But/V it/P was/V _OOV_/N rejection/V by/I Japanese/N banks/N that/I helped/J seal/N the/D fate/J of/I the/D attempt/N to/T buy/V UAL/N ./.
_OOV_/C and/C Chase/N are/V attempting/V to/T put/P together/V a/D new/N ,/, lower/R bid/V ./.
_OOV_/N _OOV_/N ,/, chief/N economist/N of/I the/D Institute/N for/I Financial/N Affairs/N Inc./N ,/, a/D Tokyo/N research/N center/N on/I finance/N and/C economics/N ,/, says/V ,/, ``/` The/D junk/N bond/V market/N became/I very/I _OOV_/N ,/, and/C there/V 's/P a/D fear/N of/I a/D coming/J recession/N and/C the/D possible/N bankruptcy/N of/I _OOV_/C companies/N ./.
_OOV_/N Inc./N filed/N suit/N in/I federal/N court/N here/N ,/, alleging/N that/I a/D group/N that/P holds/V _OOV_/C %/N of/I its/P stock/N made/I ``/J false/N ,/, deceptive/V and/C misleading/N ''/' statements/V in/I recent/D regulatory/N filings/N and/C public/J announcements/N ./.
_OOV_/` 's/P complaint/J claims/N that/I the/D group/N ,/, led/I by/I investor/N Malcolm/N _OOV_/N _OOV_/N ,/, violated/N securities/N laws/N by/I failing/N to/T disclose/V plans/V to/T purchase/V 15/C %/N of/I the/D company/N 's/P shares/N outstanding/V and/C that/V when/I the/D required/N Hart-Scott-Rodino/C filing/N eventually/V was/V made/R ,/, it/I did/P n't/. disclose/V the/D group/N 's/P alleged/N earlier/I violation/N of/I the/D so-called/N _OOV_/C requirements/N of/I the/D law/N ./.
Mr./N _OOV_/N could/I n't/P immediately/M be/V reached/V to/T comment/V ./.
But/V when/P _OOV_/C last/J week/N publicly/N questioned/V the/D legality/N of/I the/D group/N 's/P filing/N procedures/N ,/, the/D Rochester/N ,/, N.Y./N ,/, investor/N said/V ``/` we/P complied/V with/I every/J law/N ,/, ''/' and/C he/P denied/N any/M wrongdoing/V ./.
The/D _OOV_/N group/N said/V in/I a/D Securities/N and/C Exchange/C Commission/N filing/N in/I early/J October/N that/I it/P may/V seek/V a/D controlling/J interest/N in/I _OOV_/N ,/, or/V seek/V representation/N on/I the/D company/N 's/P board/N ./.
_OOV_/` has/P said/V it/P does/V n't/P intend/V to/T be/V acquired/N by/I the/D _OOV_/N group/N or/N any/M other/V party/P ./.
Inland/N Steel/N Industries/N Inc./N ,/, battered/V by/I lower/J volume/N and/C higher/J costs/N ,/, posted/V a/D 75/N %/N drop/V in/I third-quarter/J earnings/N ./.
The/D nation/N 's/P _OOV_/N steelmaker/N earned/V $/$ _OOV_/C million/C ,/, or/V 43/C cents/N a/D share/N ,/, compared/R with/I $/$ 61/C million/C ,/, or/V $/$ _OOV_/C a/D share/N ,/, a/D year/J earlier/N ,/, when/I the/D industry/N was/V enjoying/J peak/J demand/N and/C strong/J pricing/N ./.
Sales/N fell/V to/T $/$ _OOV_/C million/C from/I $/$ 1.02/C billion/C ./.
The/D earnings/N also/R mark/V a/D significant/C drop/P from/I the/D second/N quarter/V 's/P $/$ _OOV_/C million/C or/C $/$ 1.25/C a/D share/N ./.
Moreover/N ,/, the/D earnings/N were/W well/V below/R analysts/V '/C expectations/N of/I about/N $/$ _OOV_/C a/D share/N ./.
In/I composite/J trading/N on/I the/D New/N York/N Stock/V Exchange/N ,/, Inland/C closed/N yesterday/N at/I $/$ _OOV_/C a/D share/N ,/, down/I $/$ 1/C ./.
The/D company/N attributed/V the/D earnings/N drop/I to/T lower/V volume/J related/N to/T seasonal/P demand/N and/C the/D soft/J consumer/N durable/V market/N ,/, especially/C in/I the/D automotive/J sector/N ./.
However/P ,/, the/D company/N also/I lost/N orders/R because/V of/I prolonged/J labor/N talks/N in/I the/D second/J quarter/N ./.
Third-quarter/N shipments/N slipped/V 7/C %/N from/I the/D year-ago/N period/V ,/, and/C 17/C %/N from/I this/D year/N 's/P second/V quarter/R ./.
Profit/N of/I steel/J shipped/N for/I the/D company/N 's/P steel/N segment/I slid/I to/T $/$ 26/C a/D ton/N ,/, from/I $/$ 66/C a/D ton/N a/D year/N earlier/I and/C $/$ 57/C a/D ton/N a/D quarter/J earlier/N ./.
Analysts/N noted/V that/I the/D disappointing/J results/N do/V n't/P reflect/J lower/N prices/N for/I steel/J products/N ./.
Charles/N Bradford/N ,/, an/D analyst/N with/I Merrill/J Lynch/N Capital/N Markets/N ,/, said/P higher/N prices/N for/I galvanized/N and/C _OOV_/C products/N offset/N lower/J prices/N for/I bar/N ,/, _OOV_/N and/C structural/J steel/N ./.
Structural/J steel/N ,/, which/D primarily/J serves/N the/D construction/N market/N ,/, was/V especially/C hurt/C by/I a/D 15/N %/N price/N drop/V ,/, Mr./N Bradford/N said/P ./.
The/D company/N said/V its/P integrated/N steel/J sector/N was/V also/R hurt/V by/I higher/J raw/N material/N ,/, repair/N and/C maintenance/N ,/, and/C labor/N costs/N ./.
The/D increased/J labor/N costs/N became/I effective/J Aug./N 1/N under/N terms/N of/I the/D four-year/N labor/N agreement/N with/I the/D United/N _OOV_/N union/N ./.
Meanwhile/V ,/, the/D company/N 's/P service/N center/N segment/I ,/, which/I saw/D operating/N profit/N drop/I to/T $/$ 11.5/C million/C from/I $/$ _OOV_/C million/C a/D year/J ago/N ,/, experienced/V much/R of/I the/D same/J demand/N and/C cost/N problems/N ,/, as/P well/V as/I start-up/J costs/N associated/N with/I a/D coil/J processing/N facility/N in/I Chicago/C and/C an/D upgraded/N computer/N information/N system/N ./.
Inland/N Chairman/N Frank/N W./N _OOV_/N said/V the/D company/N 's/P short-term/N outlook/N is/V ``/N clouded/I by/D uncertainties/N in/I the/D economy/N and/C financial/N markets/N ./. ''/'
However/P ,/, he/P noted/R that/I steel/J mill/N bookings/V are/V up/I from/D early/J summer/J levels/N ,/, and/C that/I he/P expects/I the/D company/N to/T improve/V its/P cost/V performance/N in/I the/D fourth/J quarter/N ./.
In/I the/D first/J nine/J months/N ,/, profit/N was/V $/$ 113/C million/C ,/, or/V $/$ _OOV_/C a/D share/N ,/, on/I sales/N of/I $/$ _OOV_/C billion/C ,/, compared/R with/I $/$ _OOV_/C million/C ,/, or/V $/$ _OOV_/C a/D share/N ,/, on/I sales/N of/I $/$ _OOV_/C billion/C ,/, a/D year/J earlier/N ./.
The/D ``/N seismic/N ''/N activity/N of/I a/D financial/N market/N bears/V a/D resemblance/C to/T the/D seismic/N activity/R of/I the/D earth/N ./.
When/P things/V are/V quiet/I -LRB-/C low/C volatility/N -RRB-/N ,/, the/D structures/N on/I which/D markets/N stand/P can/M be/V relatively/C inefficient/J and/N still/V perform/V their/P functions/V adequately/V ./.
However/P ,/, when/I powerful/P forces/C start/D shaking/J the/D market/N 's/P structure/N ,/, the/D more/J ``/N _OOV_/N ''/' it/P is/V ,/, the/D better/J its/I chance/D for/J survival/N ./.
America/` 's/P financial/N markets/N do/V not/P yet/V have/R all/I the/D required/N modern/V features/I required/N to/T make/V them/I fully/D ``/N _OOV_/N ./. ''/'
Investors/D lack/J equal/N access/N to/T the/D markets/N '/C trading/N arena/V and/C its/C information/N ./.
That/P structural/J lack/N is/V crucial/V because/D investors/N are/V the/I only/D source/N of/I market/J liquidity/N ./.
And/P liquidity/N is/V what/V markets/J need/N to/T damp/P quakes/V and/C aftershocks/J ./.
In/I today/N 's/P markets/N ,/, specialists/N -LRB-/N on/I the/D New/N York/N Stock/V Exchange/N -RRB-/N and/C ``/C upstairs/C ''/N market/N makers/N -LRB-/N in/I the/D over-the-counter/N market/N -RRB-/N are/V the/I only/D market/N participants/V allowed/V to/T play/V a/D direct/N role/V in/I the/D _OOV_/N process/N ./.
When/V they/P halt/D trading/N ,/, all/I market/J liquidity/N is/V gone/R ./.
And/I when/P any/M component/: of/I the/D market/N --/: cash/N ,/, futures/N or/N options/N --/: loses/M liquidity/V ,/, the/D price/N discovery/N system/N -LRB-/` the/D way/J prices/N are/V determined/V -RRB-/N becomes/V flawed/D or/N is/V lost/V entirely/R for/I a/D time/N ./.
Last/N Friday/V the/D 13th/N -LRB-/N as/I well/R as/I two/C years/N ago/I this/D week/N -RRB-/N the/D markets/N became/I _OOV_/N ./.
When/I that/D happened/N ,/, ``/N seismic/N ''/N tremors/N of/I fear/N --/: much/R like/V the/D shock/N waves/V created/V by/I an/D earthquake/N --/D _OOV_/N through/V the/D market/N and/C increased/N the/D market/N 's/P volatility/N ./.
_OOV_/N of/I important/N ,/, needed/J information/N can/M cause/V fear/P ./.
_OOV_/N is/V the/D father/N of/I panic/N ./.
_OOV_/` frequently/P results/N in/I irrational/J behavior/N ./.
And/P in/I financial/J markets/N ,/, irrational/J behavior/N is/V sometimes/R translated/V into/J catastrophe/N ./.
When/P market/N tremors/V start/D ,/, it/P is/V crucial/V that/I as/P much/I information/N about/I transaction/N prices/N and/C the/D _OOV_/N curve/V -LRB-/N buy/V and/C sell/J orders/N at/I various/J prices/N -RRB-/N be/V made/I available/N to/T all/V ,/, not/P just/V to/T market/V makers/N ./.
Because/N of/I a/D lack/N of/I information/N and/C access/N ,/, many/I investors/N --/: including/C the/D very/N ones/V whose/R buying/V power/N could/M restore/V stability/N and/C damp/I volatility/N --/: are/V forced/V to/T stand/V on/I the/D sidelines/N when/I they/P are/V most/I needed/N ,/, because/V of/I their/P ignorance/V of/I important/J market/N information/N ./.
To/T add/D _OOV_/N power/N to/T America/C 's/P markets/N ,/, a/D modern/N ,/, electronic/N trading/N system/N should/M be/V implemented/N that/I permits/N equal/I access/N to/T the/D trading/N arena/V -LRB-/C and/C the/D information/N that/P would/M automatically/V accompany/R such/V access/N -RRB-/N by/I investors/N --/: particularly/C institutional/N investors/N ./.
_OOV_/` to/T some/D opinions/N ,/, the/D trading/N activities/N of/I specialists/N and/C other/J market/N makers/N do/V not/P provide/N liquidity/N to/T the/D market/N as/I a/D whole/J ./.
What/I market/J makers/N provide/N is/V immediacy/V ,/, a/D very/J valuable/J service/N ./.
_OOV_/N is/V not/I a/D service/N ./.
It/P is/V a/D market/N attribute/V --/D the/D ability/N to/T absorb/C selling/V orders/P without/M causing/V significant/C price/N changes/N in/I the/D absence/N of/I news/N ./.
Market/J makers/N buy/V what/V investors/J wish/N to/T sell/V ;/C their/P business/N is/V _OOV_/` these/D unwanted/N positions/I as/P quickly/V as/P possible/V to/T other/V investors/N ,/, and/C at/I a/D profit/N ./.
As/C a/D result/N ,/, while/I any/D one/J customer/N may/V purchase/N immediacy/V by/I selling/N to/T a/D market/N maker/V -LRB-/` which/D is/J _OOV_/N for/I the/D investor/N -RRB-/N ,/, the/D market/N as/I a/D whole/J remains/R in/I the/D same/J circumstances/N it/V was/V before/I the/D transaction/N :/: The/D unwanted/N position/M is/V still/V an/D unwanted/N position/M ;/C only/I the/D identity/N of/I the/D seller/N has/I changed/D ./.
In/I fact/P it/P can/M be/V argued/V that/D increasing/J capital/N commitments/N by/I market/J makers/N -LRB-/` a/D result/N of/I some/D _OOV_/N crash/N studies/V -RRB-/N also/I increases/J market/N volatility/N ,/, since/I the/D more/J securities/N are/V held/V by/I market/J makers/N at/I any/J given/I time/D ,/, the/D more/J selling/J pressure/N is/V overhanging/V the/D market/N ./.
In/I an/D open/J electronic/N system/N ,/, any/M investor/V wishing/V to/T pay/V for/I real-time/J access/N to/T the/D trading/N arena/V through/C a/D registered/N broker-dealer/N would/M be/V able/I to/T see/V the/D entire/D _OOV_/N curve/V -LRB-/N buy/V and/C sell/J orders/N at/I each/D price/N -RRB-/N entered/N by/I dealers/N and/C investors/J alike/N ,/, and/C to/T enter/V and/C execute/D orders/N ./.
Current/N quotations/V would/P reflect/V the/D combined/N financial/N judgment/N of/I all/D market/N participants/V --/: not/P just/V those/R of/I intermediaries/N who/I become/P extremely/V _OOV_/N during/V times/R of/I crisis/N ./.
Investors/N and/C professionals/J alike/N would/M compete/V on/I the/D level/N playing/V field/I Congress/C sought/J and/N called/V a/D ``/N national/J market/N system/N ''/' -LRB-/C not/P yet/V achieved/V -RRB-/N almost/I 15/J years/N ago/I when/P it/V passed/I the/D Securities/N Reform/N Act/N of/I _OOV_/N ./.
Last/N Friday/V 's/P market/N _OOV_/N did/V not/P result/V in/I severe/J ``/N aftershocks/V ./. ''/'
Were/V we/P smart/N or/V just/V lucky/I ?/P
I/P 'm/P not/M certain/V ./.
But/V I/P am/V sure/V we/P need/V to/T maximize/V our/V ``/` earthquake/D ''/N protection/N by/I making/R certain/V that/I our/P market/N structures/N let/V investors/N add/I their/P mighty/V _OOV_/N power/N to/T our/V nation/N 's/P markets/N ./.
Mr./N _OOV_/N is/V chairman/N of/I his/P own/V consulting/N company/N in/I _OOV_/N ,/, N.J/N ./.
NOW/C YOU/N _OOV_/C IT/N ,/, now/V you/P do/V n't/P ./.
The/D recession/N ,/, that/P is/V ./.
The/D economy/N 's/P _OOV_/C steps/D leave/J investors/N wondering/V whether/M things/V are/V slowing/V down/P or/V speeding/V up/P ./.
So/I often/P are/V government/N statistics/N revised/V that/I they/P seem/V to/T resemble/I a/D spinning/J weather/J vane/N ./.
For/I the/D past/J seven/J years/N ,/, investors/N have/V had/I the/D wind/J at/I their/P backs/N ,/, in/I the/D form/N of/I a/D generally/I growing/P economy/N ./.
Some/R may/V have/I forgotten/R --/: and/C some/I younger/R ones/R may/V never/P have/V experienced/R --/: what/V it/I 's/P like/C to/T invest/V during/I a/D recession/N ./.
_OOV_/N tactics/N are/V called/J for/N ,/, as/I losing/D money/J becomes/N easier/M and/C making/R money/V becomes/N tougher/N ./.
For/I those/D investors/N who/R believe/V --/D or/N fear/V --/: that/I 1990/N will/M be/V a/D recession/J year/N ,/, many/R economists/V and/C money/J managers/N agree/V on/I steps/D that/N can/M be/V taken/I to/T lower/V the/D risks/N in/I a/D portfolio/N ./.
In/I a/D nutshell/N ,/, pros/N advise/N investors/N who/R expect/I a/D slowdown/N to/T hold/V fewer/I stocks/J than/J usual/I and/C to/T favor/P shares/N of/I big/J companies/N in/I ``/N defensive/I ''/N industries/N ./.
A/D heavy/J dose/N of/I cash/N is/V prescribed/N ,/, along/V with/I a/D _OOV_/N allotment/N to/T bonds/V --/: preferably/J government/N bonds/N ./.
It/P 's/P tempting/N to/T think/V these/R defensive/I steps/D can/N be/M delayed/V until/I a/D recession/N is/V clearly/R at/I hand/P ./.
But/V that/P may/V not/P be/M possible/V ,/, because/T recessions/V often/P take/M investors/V by/I surprise/T ./.
``/N They/V always/P seem/V to/T come/V a/D bit/N later/V than/I you/P expect/M ./.
When/V they/P do/V hit/V ,/, they/T hit/V fast/N ,/, ''/' says/V David/N A./N _OOV_/N ,/, chief/N financial/N economist/N at/I the/D Data/N Resources/N division/N of/I McGraw-Hill/C Inc/N ./.
Though/I he/P himself/P does/V n't/P expect/M a/D recession/N soon/P ,/, Mr./N _OOV_/N advises/N people/V who/R do/V that/I ``/` the/D best/J thing/N to/T be/V in/I is/N long/I that/P is/V ,/, _OOV_/N to/T 30-year/C Treasury/N bonds/N ./. ''/'
The/D reason/N is/V simple/V ,/, Mr./N _OOV_/N says/V :/P ``/J Interest/N rates/N almost/I always/P decline/C during/J recession/N ./. ''/'
As/P surely/V as/I a/D _OOV_/N tilts/V ,/, falling/I interest/J rates/N force/N up/I the/D price/N of/I previously/R issued/V bonds/N ./.
They/P are/J worth/N more/I because/P they/M pay/V higher/J interest/N than/I newly/J issued/N bonds/N do/V ./.
That/P effect/N holds/V true/R for/I both/D short-term/N and/C long-term/N bonds/N ./.
But/V short-term/N bonds/N ca/V n't/P rise/R too/V much/R ,/, because/T everyone/V knows/V they/P will/M be/M redeemed/V at/I a/D preset/N price/N fairly/I soon/P ./.
_OOV_/N bonds/N ,/, with/R many/I years/J left/N before/I maturity/N ,/, swing/V more/I widely/C in/I price/N ./.
But/V not/P just/V any/D bonds/N will/M do/V ./.
Corporate/N bonds/N ``/N are/V usually/R not/I a/D good/J bet/N in/I a/D recession/N ,/, ''/' Mr./N _OOV_/N says/V ./.
As/C times/I get/J tougher/N ,/, investors/N fret/I about/N whether/M companies/N will/M have/V enough/M money/V to/T pay/V their/P debts/N ./.
This/D hurts/J the/D price/N of/I corporate/N bonds/N ./.
Also/R ,/, he/P notes/N ,/, ``/N most/I corporate/N bonds/N are/V _OOV_/N ./. ''/'
That/P means/N that/I a/D corporation/N ,/, after/I a/D specified/N amount/N of/I time/D has/J passed/N ,/, can/M buy/V back/R its/V bonds/N by/I paying/R investors/V the/D face/J value/N -LRB-/C plus/R ,/, in/I some/D cases/N ,/, a/D sweetener/N -RRB-/N ./.
When/P interest/N rates/N have/V dropped/V ,/, it/P makes/V sense/V for/I corporations/N to/T do/V just/V that/P ;/: they/T then/V save/R on/I interest/J costs/N ./.
But/I the/D investors/N are/V left/V stranded/I with/D money/N to/T _OOV_/C at/I a/D time/I when/P interest/N rates/N are/V _OOV_/N ./.
If/P corporate/N bonds/N are/V bad/R in/I recessions/N ,/, junk/N bonds/N are/V likely/I to/T be/V the/D worst/N of/I all/P ./.
It/P 's/V an/D ``/N absolute/P necessity/V ''/N to/T get/V out/P of/I junk/N bonds/N when/I a/D recession/N is/V in/I the/D _OOV_/N ,/, says/V _OOV_/N _OOV_/N ,/, professor/N of/I finance/N at/I Cornell/C University/N ./.
``/C Such/J bonds/N are/V very/I sensitive/N to/T the/D downside/N ,/, and/C this/I could/P be/M a/D disaster/N ./. ''/'
Municipal/N bonds/N are/V generally/I a/D bit/J safer/N than/I corporate/N bonds/N in/I a/D recession/N ,/, but/P not/V as/I safe/N as/I bonds/N issued/N by/I the/D federal/N government/N ./.
During/I an/D economic/J slump/N ,/, local/J tax/N revenues/N often/V go/V down/R ,/, raising/V the/D risks/J associated/N with/I at/R least/I some/D _OOV_/N ./.
And/P ,/, like/C corporates/N ,/, many/R municipal/V bonds/N are/V _OOV_/N ./.
But/I a/D few/J experts/N ,/, going/V against/I the/D consensus/N ,/, do/V n't/P think/V bonds/N would/M help/V investors/N even/V if/I a/D recession/N is/V in/I the/D _OOV_/N ./.
One/N of/I these/D is/J Jeffrey/N L./N Beach/N ,/, director/N of/I research/N for/I _OOV_/N _OOV_/C &/C Co./N ,/, a/D brokerage/N house/V in/I Houston/N ,/, who/R thinks/V that/I ``/N we/V 're/P either/V in/I a/D recession/N or/V about/V to/T go/V into/I one/C ./. ''/'
What/I 's/P more/V ,/, he/P thinks/V this/I could/P be/M a/D _OOV_/N recession/N than/I usual/R :/: ``/N Once/V the/D downturn/N comes/V ,/, it/I 's/P going/V to/T be/V very/R hard/V to/T reverse/D ./. ''/'
Investors/N ,/, he/P advises/N ,/, ``/N should/M be/V cautious/V ,/, ''/' holding/V fewer/I stocks/J than/J usual/I and/C also/I shunning/J bonds/N ./.
Because/V he/P sees/V ``/` 5/C %/N to/T 6/C %/N base/N rate/N of/I inflation/N in/I the/D economy/N ,/, ''/' he/P doubts/V that/I interest/J rates/N will/M fall/V much/I any/V time/I soon/P ./.
Instead/N ,/, Mr./N Beach/N says/V ,/, investors/N ``/N probably/R should/M be/V carrying/C a/D very/J high/J level/N of/I cash/N ,/, ''/N by/I which/D he/J means/N such/J so-called/N cash/V equivalents/N as/I _OOV_/J funds/N and/C Treasury/C bills/N ./.
_OOV_/N _OOV_/N ,/, president/N of/I _OOV_/C Financial/N Inc./N in/I _OOV_/N ,/, Pa./N ,/, also/I recommends/N that/I investors/N go/V heavily/C for/I cash/N ./.
He/P is/V n't/P sure/V a/D recession/N is/V coming/R ,/, but/P says/V the/D other/N likely/I alternative/N --/: _OOV_/C inflation/N --/: is/V just/V as/P bad/V ./.
``/` This/D late/J in/I an/D expansion/N ,/, ''/' the/D economy/N tends/V to/T veer/V off/P either/M into/V damaging/J inflation/N or/V into/I a/D recession/N ,/, Mr./N _OOV_/N says/V ./.
The/D Federal/N Reserve/C Board/N 's/P plan/N for/I a/D ``/N soft/V landing/N ,/, ''/' he/P says/V ,/, requires/V the/D Fed/N to/T navigate/V ``/` an/D _OOV_/N corridor/N ./. ''/'
A/D soft/J landing/N is/V n't/P something/V that/P can/M be/V achieved/V once/P and/C for/I all/P ,/, Mr./N _OOV_/N adds/N ./.
It/P has/V to/T be/V engineered/V over/I and/C over/I again/N ,/, month/V after/D month/N ./.
He/R believes/V that/I the/D task/N facing/V Fed/N Chairman/N Alan/N Greenspan/N is/V so/R difficult/V that/I it/P resembles/V ``/N juggling/V a/D _OOV_/J ax/N and/C a/D buzz/N saw/V ./, ''/'
And/P ,/, in/I a/D sense/N ,/, that/I 's/P the/D kind/N of/I task/N individuals/N face/V in/I deciding/D what/N to/T do/V about/I stocks/N --/: the/D mainstay/N of/I most/I serious/J investors/N '/C portfolios/N ./.
It/P comes/V down/P to/T a/D question/N of/I whether/V to/T try/V to/T ``/C time/I ''/N the/D market/N ./.
For/I people/N who/R can/M ride/V out/D market/N waves/N through/V good/V times/I and/J bad/N ,/, stocks/R have/V been/R rewarding/V long-term/N investments/N ./.
Most/C studies/N show/V that/I _OOV_/J investors/N historically/C have/V earned/I an/D annual/J return/N from/I stocks/N of/I 9/C %/N to/T 10/C %/N ,/, including/C both/I dividends/N and/C price/N appreciation/N ./.
That/I 's/P well/J above/N what/V bonds/N or/V bank/N certificates/N have/V paid/V ./.
Moreover/N ,/, because/I no/D one/J knows/N for/I sure/N just/V when/I a/D recession/N is/V coming/R ,/, some/I analysts/N think/V investors/N should/M n't/P even/T worry/V too/V much/I about/I timing/D ./.
``/N _OOV_/N to/T time/I the/D economy/N is/V a/D mistake/N ,/, ''/' says/V David/N Katz/N ,/, chief/N investment/N officer/N of/I Value/N Matrix/N Management/N Inc./N in/I New/N York/N ./.
Mr./N Katz/N notes/V that/I some/D economists/N have/V been/V predicting/I a/D recession/N for/I at/J least/I two/C years/N ./.
Investors/N who/R listened/R ,/, and/C lightened/V up/R on/I stocks/N ,/, ``/N have/V just/V hurt/R themselves/V ,/, ''/' he/P says/V ./.
Mr./N Katz/N adds/V that/P people/V who/R jump/V in/I and/C out/P of/I the/D stock/J market/N need/V to/T be/M right/V about/I 70/C %/N of/I the/D time/I to/T beat/V a/D _OOV_/N strategy/N ./.
_OOV_/J trading/N runs/V up/I high/J commission/N costs/N ./.
And/I the/D _OOV_/N might/V miss/I the/D sudden/J _OOV_/N that/I account/R for/I much/J of/I the/D stock/J market/N 's/P gains/N over/I time/D ./.
Still/N ,/, few/I investors/N are/V able/I to/T sit/V tight/V when/I they/P are/V convinced/V a/D recession/N is/V coming/R ./.
After/V all/P ,/, in/I all/P five/C recessions/N since/I _OOV_/N ,/, stocks/R declined/P ./.
According/N to/T _OOV_/C Davis/N ,/, president/N of/I _OOV_/C Davis/N Research/C Inc./N in/I _OOV_/N ,/, _OOV_/N ,/, the/D average/N drop/I in/I the/D Dow/N Jones/N Industrial/N Average/N was/V about/I 21/C %/N ,/, and/C the/D decrease/N began/I an/D average/N of/I six/J months/N before/I a/D recession/N officially/N started/V ./.
By/I the/D time/I a/D recession/N is/V ``/C official/N ''/' -LRB-/C two/C consecutive/J quarters/N of/I declining/C gross/J national/N product/N -RRB-/N ,/, much/R of/I the/D damage/N to/T stocks/N has/V already/D been/J _OOV_/N ,/, in/I the/D typical/N case/M ,/, the/D recession/N is/V already/D half/I over/P ./.
About/J six/J months/N before/I a/D recession/N ends/N ,/, stocks/J typically/N begin/I to/T rise/V again/R ,/, as/I investors/N anticipate/I a/D recovery/N ./.
The/D average/J recession/N lasts/I about/I a/D year/N ./.
Unfortunately/N ,/, though/V ,/, recessions/N vary/V enough/I in/I length/J so/N that/I the/D average/J ca/N n't/P reliably/N be/M used/V to/T guide/V investors/N in/I timing/D stock/N sales/V or/C purchases/N ./.
But/P whatever/V their/P advice/N about/I timing/D ,/, none/V of/I these/D experts/J recommend/N _OOV_/N stocks/N entirely/V during/I a/D recession/N ./.
For/I the/D portion/N of/I an/D investor/N 's/P portfolio/N that/I stays/R in/I stocks/N ,/, professionals/V have/I a/D number/J of/I suggestions/N ./.
Mr./N Katz/N advocates/J issues/N with/I low/J _OOV_/N ratios/N --/: that/P is/V ,/, low/J prices/N in/I relation/N to/T the/D company/N 's/P earnings/N per/V share/N ./.
``/N _OOV_/N _OOV_/N ''/N stocks/N ,/, he/P says/V ,/, vastly/R outperform/V others/V ``/N during/I a/D recession/N or/V bear/V market/N ./. ''/'
In/I good/N times/R ,/, he/P says/V ,/, they/T lag/V a/D bit/N ,/, but/P overall/V they/P provide/V superior/J performance/N ./.
Prof./N _OOV_/N urges/V investors/N to/T discard/V stocks/R in/I small/J companies/N ./.
_OOV_/C shares/J typically/N fall/I more/R than/I _OOV_/J stocks/N in/I a/D recession/N ,/, he/P says/V ./.
And/P in/R any/M case/V ,/, he/P argues/N ,/, stocks/N of/I small/J companies/N are/V ``/C almost/C as/I overpriced/N as/I they/P were/I Sept./N 30/N ,/, 1987/N ,/, just/V before/I the/D crash/N ./. ''/'
For/I example/N ,/, Mr./N _OOV_/N says/V ,/, stocks/N of/I small/J companies/N are/V selling/V for/I about/J 19/N times/I cash/J flow/N ./.
_OOV_/C flow/N ,/, basically/D earnings/N plus/I depreciation/N ,/, is/V one/C common/J gauge/N of/I a/D company/N 's/P financial/N health/N ./. -RRB-/-
That/P ratio/N is/V dangerously/V close/C to/T the/D ratio/N of/I _OOV_/C that/P prevailed/V before/I the/D 1987/N _OOV_/N crash/N ,/, Mr./N _OOV_/N says/V ./.
And/P it/V 's/P way/P above/V the/D ratio/J -LRB-/N _OOV_/N times/I cash/J flow/N -RRB-/` that/P bigger/I companies/N are/V selling/V for/R ./.
Another/J major/J trick/N in/I making/I a/D portfolio/N _OOV_/N is/V choosing/T stocks/V in/I ``/N defensive/I ''/N industries/N ./.
Food/N ,/, tobacco/N ,/, drugs/N and/C utilities/N are/V the/D classic/J examples/N ./.
Recession/N or/V not/R ,/, people/R still/V eat/P ,/, smoke/N ,/, and/C take/P medicine/M when/P they/M 're/P sick/N ./.
George/N _OOV_/N III/N ,/, editor/N of/I _OOV_/C Letter/N in/I Boston/N ,/, offers/N one/C final/J tip/N for/I _OOV_/N investors/N ./.
``/J Keep/N some/I money/J available/N for/I opportunities/N ,/, ''/' he/P says/V ./.
``/` If/I the/D recession/N does/M hit/V ,/, there/P will/M be/V some/V great/I investment/N opportunities/N just/V when/P things/V seem/V the/D blackest/J ./. ''/'
Mr./N Dorfman/N covers/V investing/N issues/N from/I The/D Wall/N Street/N Journal/V 's/P New/N York/N bureau/N ./.
Some/C industry/N groups/N consistently/P weather/V the/D storm/N better/V than/I others/N ./.
The/D following/J shows/I the/D number/J of/I times/N these/I industries/J outperformed/N the/D Standard/N &/N Poor/V 's/P _OOV_/N Index/N during/I the/D first/J six/J months/N of/I the/D past/J seven/J recessions/N ./.
Bond/C prices/J posted/N strong/N gains/V as/I investors/J went/N on/I a/D bargain/J hunt/N ./.
But/R while/I the/D overall/J market/N improved/N ,/, the/D _OOV_/N junk-bond/N market/N continued/V to/T count/V casualties/N ,/, even/V as/I junk-bond/C prices/J rose/N ./.
Yesterday/N ,/, Prudential-Bache/C Securities/N Inc./N said/V it/P postponed/V a/D $/$ _OOV_/C million/C senior/N subordinated/V _OOV_/C offering/N by/I York/C International/N Corp/N ./.
And/I Donaldson/N ,/, Lufkin/C &/C Jenrette/C Securities/N Corp./N scrambled/V to/T restructure/V and/C improve/V the/D potential/N returns/V on/I a/D $/$ _OOV_/C million/C _OOV_/N offering/N by/I Chicago/C &/N North/N Western/N Acquisition/N Corp./N that/V was/V still/I being/D negotiated/N late/V last/I night/N ./.
The/D issue/N by/I Chicago/C &/N North/N Western/N is/V one/C of/I the/D so-called/N good/V junk-bond/N offerings/V on/I the/D _OOV_/J calendar/N ./.
Some/D analysts/N said/V the/D restructuring/N of/I the/D railroad/N concern/V 's/P issue/N shows/V how/P tough/V it/P is/V for/I underwriters/N to/T sell/V even/I the/D junk/N bonds/N of/I a/D company/N considered/I to/T be/V a/D relatively/J good/N credit/V risk/N ./.
Since/V last/R week/V 's/P junk-bond/C market/N debacle/V ,/, many/I new/J issues/N of/I high-yield/N ,/, high-risk/N corporate/N bonds/N have/V either/M been/V scaled/V back/R ,/, delayed/V or/C dropped/V ./.
On/J Wednesday/N ,/, Drexel/N Burnham/N Lambert/N Inc./N had/V to/T slash/V the/D size/J of/I Continental/C Airlines/N '/C junk-bond/N offering/N to/T $/$ 71/C million/C from/I $/$ 150/C million/C ./.
Salomon/C Brothers/J Inc./N has/P delayed/V Grand/N Union/V Co./C 's/P $/$ _OOV_/C billion/C junk-bond/N offering/N while/I it/P _OOV_/` the/D transaction/N ./.
Last/J week/N ,/, the/D Grand/N Union/V offering/I was/D sweetened/N to/T include/V warrants/N that/I allow/J _OOV_/N to/T acquire/V common/J stock/N ./.
Prudential-Bache/N said/V the/D York/N issue/N was/V delayed/N because/V of/I market/J conditions/N ./.
``/J Everything/N is/V going/V through/C _OOV_/` right/P now/V ,/, and/C -LCB-/N Chicago/C &/N North/N Western/N -RCB-/N is/V no/D exception/N ,/, ''/' said/V _OOV_/N _OOV_/N ,/, vice/N president/N ,/, high-yield/N research/N ,/, at/I _OOV_/N ./.
_OOV_/J managers/N say/V sweeteners/J like/J equity/N kickers/V and/C stricter/N protective/N covenants/V may/V increasingly/P be/M required/V to/T sell/V junk-bond/N deals/N ./.
Dan/N _OOV_/N ,/, managing/J director/N of/I high-yield/C investments/N at/I Chancellor/J Capital/N Management/N ,/, said/V the/D Chicago/N &/N North/N Western/N offering/N was/V restructured/N in/I part/I because/D ``/N several/I large/C insurance/N buyers/V right/R now/V are/V demanding/P equity/N as/I part/J of/I the/D package/N ./.
If/P you/V 're/P going/V to/T take/V the/D risk/N in/I this/D market/N ,/, you/P want/V something/V extra/D ./. ''/'
Mr./N _OOV_/N likes/V the/D offering/N ./.
But/R several/I mutual-fund/N managers/N ,/, nervous/N about/I the/D deteriorating/N quality/N of/I their/P junk-bond/C portfolios/N and/C shy/J about/N buying/J new/J issues/N ,/, said/V they/P 're/P staying/V away/R from/I any/D junk/N security/N that/P is/V n't/P considered/I first/J rate/N for/I its/P class/N ./.
While/I they/P consider/V the/D Chicago/N &/N North/N Western/N issue/V to/T be/V good/V ,/, they/T do/V n't/P view/V it/R as/I the/D best/N ./.
To/D lure/J buyers/N to/T the/D Chicago/N &/N North/N Western/N bonds/N ,/, portfolio/N managers/N said/V Donaldson/N Lufkin/N sweetened/N the/D transaction/N by/I offering/I the/D bonds/N with/I a/D _OOV_/N interest/N rate/N and/C a/D 10/N %/N equity/N kicker/V ./.
The/D bonds/N are/V expected/V to/T have/V a/D 14/N %/N coupon/N rate/N ./.
The/D equity/N arrangement/V apparently/P would/M allow/V _OOV_/N to/T buy/V a/D total/N of/I 10/C %/N of/I the/D stock/N of/I _OOV_/C Corp./N ,/, Chicago/C &/N North/N Western/` 's/P parent/N company/N ./.
Donaldson/N Lufkin/N declined/V to/T comment/V on/I the/D restructuring/N ./.
According/N to/T some/D analysts/N familiar/V with/I the/D negotiations/N ,/, the/D 10/N %/N of/I equity/N would/M come/V directly/V from/I Donaldson/J Lufkin/N and/C a/D fund/N affiliated/N with/I the/D investment/N bank/N _OOV_/C Group/N ,/, which/W would/M reduce/V their/P _OOV_/C equity/N holdings/N by/I 5/C %/N each/N ./.
That/P would/M leave/V the/D _OOV_/N fund/N with/I a/D 60/N %/N stake/V and/C Donaldson/N Lufkin/N with/I 15/C %/N ./.
Despite/I the/D problems/N with/I new/J issues/N ,/, high-yield/N bonds/N showed/I gains/N in/I the/D secondary/N ,/, or/C resell/N ,/, market/N ./.
_OOV_/N bonds/N ended/V about/I one-half/C point/D higher/N with/W so-called/V high-quality/N issues/N from/I RJR/J Capital/N Holdings/N Corp./N and/C _OOV_/C Gas/N Service/C Limited/N _OOV_/N rising/I one/C point/I ./.
In/I the/D Treasury/N market/N ,/, the/D benchmark/J 30-year/N bond/V rose/V _OOV_/N point/I ,/, or/V $/$ 8.75/C for/I each/D $/$ 1,000/C face/P amount/N ./.
The/D gain/N reflects/I fresh/J economic/N evidence/N that/I inflation/J is/J moderating/N while/I the/D economy/N slows/N ./.
That/P raised/N hopes/V that/D interest/J rates/N will/M continue/V to/T move/M lower/V ./.
The/D Labor/N Department/N reported/N that/I consumer/J prices/N rose/V just/V 0.2/C %/N last/I month/N ,/, slightly/I lower/J than/I some/D economists/N had/V expected/P ./.
But/P there/V were/R also/I rumors/N yesterday/I that/P several/I Japanese/N institutional/N investors/N were/I shifting/R their/I portfolios/N and/C buying/J long-term/N bonds/N while/I selling/J _OOV_/N Treasurys/N ./.
Short-term/` Treasury/C securities/N ended/V narrowly/V mixed/P ,/, with/I two-year/C notes/J posting/N slight/I declines/N while/W three-year/V notes/V were/R slightly/I higher/N ./.
Yesterday/N ,/, the/D Fed/N executed/V four-day/` matched/D sales/N ,/, a/D technical/J trading/N operation/N designed/N to/T drain/V reserves/N from/I the/D banking/N system/N ./.
The/: move/M was/V interpreted/R by/I some/D economists/N as/I a/D sign/N that/I the/D Fed/N does/V n't/P want/V the/D federal/N funds/N rate/N to/T move/M any/M lower/V than/I the/D 8/N %/N at/I which/D it/J has/R been/V hovering/I around/D during/I the/D past/J week/N ./.
The/D closely/N watched/I funds/N rate/N is/V what/R banks/V charge/N each/D other/N on/I overnight/J loans/N ./.
It/P is/V considered/I an/D early/J signal/N of/I Fed/C credit/J policy/N changes/N ./.
``/N The/: fact/V that/I they/P did/V four-day/` matched/D sales/N means/I they/P are/V not/R in/I a/D mood/J to/T ease/V aggressively/P ./.
They/P are/V telling/V us/N that/I -LCB-/N 8/N %/N -RCB-/N is/V as/I low/N as/I they/P want/V to/T see/V the/D fed/J funds/N rate/N ,/, ''/' said/V Robert/N _OOV_/N at/I _OOV_/C Bank/N PLC/N ./.
The/D benchmark/J 30-year/N bond/V was/V quoted/R late/V at/I a/D price/N of/I 101/C to/T yield/V _OOV_/C %/N ,/, compared/I with/D 100/N to/T yield/V _OOV_/C %/N Wednesday/N ./.
The/D latest/J 10-year/N notes/V were/D quoted/J late/N at/I 100/N to/T yield/V _OOV_/C %/N ,/, compared/I with/D 99/N to/T yield/V _OOV_/C %/N ./.
Short-term/J rates/N rose/V yesterday/N ./.
The/D discount/N rate/N on/I three-month/N Treasury/C bills/N rose/V to/T _OOV_/C %/N from/I _OOV_/C %/N Wednesday/N ,/, while/I the/D rate/N on/I six-month/C bills/N rose/V to/T _OOV_/C %/N from/I _OOV_/C %/N ./.
Meanwhile/V ,/, the/D Treasury/N sold/V $/$ _OOV_/C billion/C of/I _OOV_/C bills/J yesterday/N ./.
The/D average/J yield/N on/I the/D bills/N was/V _OOV_/C %/N ,/, down/R from/I _OOV_/C %/N at/I the/D previous/I _OOV_/C bill/N auction/V Sept./N 21/N ./.
Yesterday/I 's/P yield/N was/V the/D lowest/N since/I _OOV_/C %/N on/I July/N 27/N ./.
Here/P are/J details/N of/I the/D auction/J :/'
Rates/N are/V determined/V by/I the/D difference/N between/I the/D purchase/N price/V and/C face/P value/N ./.
Thus/N ,/, higher/N bidding/V narrows/I the/D investor/N 's/P return/V while/W lower/V bidding/R widens/V it/P ./.
The/D percentage/J rates/N are/V calculated/V on/I a/D 360-day/J year/N ,/, while/I the/D coupon-equivalent/N yield/N is/V based/N on/I a/D 365-day/J year/N ./.
_OOV_/C bond/J price/N climbed/N yesterday/I despite/P skittishness/N in/I the/D _OOV_/N market/N for/I high-yield/C securities/N ./.
Dealers/` said/P junk/N bond/V issues/V on/I average/N were/I up/R by/I to/T point/I with/D so-called/N quality/N issues/N from/I RJR/J Capital/N Holdings/N Corp./N and/C _OOV_/C Gas/N Service/C Limited/N _OOV_/N posting/V _OOV_/N gains/N ./.
_OOV_/C Gas/N Service/N 's/P 13/C %/N debentures/N traded/N at/I 102/N ,/, after/I trading/N around/I par/N earlier/I this/D week/N ,/, and/C RJR/C 's/P 13/C %/N subordinated/N debentures/N of/I 2001/N were/V at/I 101/` after/D trading/N at/I below/J par/N earlier/I this/D week/N ./.
Investment-grade/N bonds/N were/I unchanged/D ./.
Activity/N was/V brisk/C in/I the/D _OOV_/N general/N obligation/V market/N ,/, as/I a/D series/N of/I sell/J lists/N hit/V the/D Street/N and/C capped/V upward/I price/N movement/N in/I the/D sector/N ./.
Traders/N estimated/V that/P more/V than/I $/$ 140/C million/C of/I _OOV_/C bonds/N was/V put/P up/V for/I sale/N via/N _OOV_/C lists/J circulated/N by/I a/D handful/J of/I major/J brokers/N ./.
There/N was/V speculation/R that/I the/D supply/N was/V coming/R from/I a/D commercial/J bank/N 's/P portfolios/N ./.
According/N to/T market/N participants/V ,/, the/D bonds/N were/I met/N with/I decent/C bids/N ,/, but/I the/D volume/N of/I paper/C left/N high/J grades/N in/I the/D 10-year/N and/C under/N maturity/C range/N unchanged/D to/T _OOV_/C percentage/N point/I higher/N in/I yield/N ./.
_OOV_/N from/I the/D general/N obligation/V sector/N ,/, activity/R was/V modest/R ./.
Long/I dollar/N bonds/N were/I flat/N to/T up/V point/I ./.
New/I Jersey/N _OOV_/N Authority/N 's/P 7.20/C %/N issue/V of/I _OOV_/N was/V up/R at/I 98/J bid/N to/T yield/V about/I 7.32/C %/N ,/, down/I _OOV_/J percentage/N point/I ./.
The/D debt/N of/I some/D California/N issuers/C pulled/J off/J lows/N reached/V after/I Tuesday/N 's/P massive/J earthquake/N ,/, although/D traders/N said/V market/N participants/V remained/V cautious/V ./.
California/N expects/V to/T rely/V on/I federal/N emergency/N funds/N and/C its/C $/$ _OOV_/C billion/C in/I general/J fund/N reserves/N to/T meet/V the/D estimated/N $/$ 500/C million/C to/T $/$ 1/C billion/C in/I damages/J resulting/N from/I the/D quake/N ,/, according/V to/T a/D state/N official/N ./.
It/P 's/P also/C unclear/V precisely/R how/I the/D state/N will/M rebuild/V its/P reserve/N ,/, said/P _OOV_/N Katz/N ,/, assistant/J director/N of/I California/C 's/P department/N of/I finance/N ,/, although/I she/R noted/R that/I a/D bond/J offering/N for/I that/D purpose/N is/V n't/P anticipated/V ./.
Meanwhile/V ,/, new/V issuance/N was/V slow/N ./.
The/D largest/N sale/N in/I the/D competitive/J arena/N was/V a/D $/$ _OOV_/C million/C issue/N of/I school/J financing/N bonds/N from/I the/D _OOV_/N Public/N School/N Authority/N ./.
A/D balance/N of/I $/$ _OOV_/C million/C remained/N in/I late/J _OOV_/N ,/, according/V to/T the/D lead/J manager/N ./.
Mortgage/I securities/N generally/W ended/V to/T point/D higher/N ,/, but/P lagged/V gains/N in/I the/D Treasury/N market/N because/V of/I a/D shift/J in/I the/D shape/J of/I the/D Treasury/N yield/N curve/V and/C rumored/V mortgage/C sales/N by/I thrifts/N ./.
Premium/J Government/N National/N Mortgage/' Association/J securities/N with/I coupon/N rates/N of/I 13/C %/N and/C higher/N actually/R declined/I amid/J concerns/N about/I increased/J prepayments/N because/V of/I a/D plan/N being/V considered/I by/D Congress/N to/T speed/V the/D refinancing/N of/I _OOV_/C mortgages/N ./.
Ginnie/N Mae/N 13/C %/N securities/N were/I down/P about/N at/I _OOV_/N ./.
If/I the/D refinancing/N plan/N clears/I Congress/N ,/, there/V could/T be/V fairly/I heavy/J prepayments/N on/I the/D premium/N securities/N ,/, hurting/N any/M investor/V paying/R much/I above/J par/N for/I them/P ./.
In/I the/D _OOV_/N sector/N ,/, a/D shift/J in/I the/D Treasury/N yield/N curve/V resulting/V from/I the/D better/J performance/N of/I _OOV_/J issues/N over/I _OOV_/C securities/N hurt/I major/J coupons/N because/I it/P will/M become/P more/V difficult/V to/T structure/V new/V derivative/N securities/N offerings/V ./.
Ginnie/N Mae/N 9/C %/N securities/N ended/V at/I 98/N ,/, up/I 9/N ,/, 9/N %/'
%/N to/T a/D 12-year/J average/J life/J assumption/N ,/, as/I the/D spread/C above/I the/D Treasury/N 10-year/N note/V widened/I _OOV_/J percentage/N point/I to/T _OOV_/C ./.
While/I Remic/J issuance/N may/M slow/V in/I the/D coming/J days/N because/V of/I the/D shift/J in/I the/D Treasury/N yield/N curve/N ,/, underwriters/N continued/V to/T crank/V out/P new/V real/I estate/N mortgage/V investment/N conduits/N structured/N when/I the/D yield/J curve/N was/V more/I favorable/N ./.
Two/N new/V _OOV_/C totaling/N $/$ 900/C million/C were/D announced/N by/I Freddie/J Mac/N yesterday/V ./.
British/J government/N bonds/N ended/V little/I changed/D as/J investors/N awaited/I an/D economic/N policy/N address/, last/I night/N by/I Chancellor/N of/I the/D _OOV_/N Nigel/N _OOV_/N ./.
The/D Treasury/N 11/N %/N bond/V due/R was/V down/R at/I 111/N to/T yield/V _OOV_/C %/N ,/, while/I the/D 11/N %/N notes/V due/J 1991/N were/I unchanged/D at/J 98/N to/T yield/V _OOV_/C %/N ./.
In/I Japan/N ,/, the/D bellwether/N No./N 111/N 4.6/N %/N bond/V of/I 1998/N ended/V off/I _OOV_/N at/I _OOV_/N ,/, to/T yield/V _OOV_/C %/N ,/, and/C in/I West/J Germany/N ,/, the/D 7/N %/N benchmark/N issue/V due/J October/N 1999/N ended/V _OOV_/` point/D lower/N at/I _OOV_/N to/T yield/V _OOV_/C %/N ./.
