``/` We/P 're/J strongly/J _OOV_/J that/I anyone/J who/W has/V eaten/J in/I the/D _OOV_/J this/D month/J have/V the/D shot/J ,/, ''/' Mr./N _OOV_/J added/J ,/, ``/` and/C that/I means/J virtually/J everyone/J who/W works/J here/R ./.
I/P was/V _OOV_/J to/T read/J the/D _OOV_/J of/I facts/J in/I your/J Oct./J 13/C editorial/J ``/` _OOV_/J 's/P _OOV_/J _OOV_/J ./. ''/'
It/P is/V the/D _OOV_/J _OOV_/J who/W are/V _OOV_/J with/I the/D drug/J traffickers/J ,/, not/R the/D left/J _OOV_/J ./.
This/D information/J was/V _OOV_/J from/I your/J own/J news/J stories/J on/I the/D region/J ./.
_OOV_/J _OOV_/J government/J _OOV_/J of/I the/D ``/` _OOV_/J ''/' was/V due/J to/T the/D drug/J _OOV_/J '/P history/J of/I _OOV_/J out/R _OOV_/J in/I the/D _OOV_/J ./.
Mary/J _OOV_/J Palo/J Alto/J ,/, Calif/J ./.
I/P suggest/J that/I The/D Wall/J Street/J Journal/J -LRB-/- as/I well/R as/I other/J U.S./N news/J publications/J of/I like/I mind/J -RRB-/- should/M put/J its/P money/J where/W its/P _OOV_/J is/V :/: _OOV_/J computer/J equipment/J to/T replace/J that/I damaged/J at/I El/J _OOV_/J ,/, buy/J ad/J space/J ,/, publish/J stories/J under/I the/D _OOV_/J of/I El/J _OOV_/J journalists/J ./.
Perhaps/J an/D arrangement/J could/M be/V worked/J out/R to/T ``/` sponsor/J ''/' El/J _OOV_/J journalists/J and/C staff/J by/I paying/J for/I added/J security/J in/I exchange/J for/I exclusive/J stories/J ./.
_OOV_/J El/J _OOV_/J 's/P courage/J with/I real/J support/J ./.
Douglas/J B./J Evans/J
_OOV_/J Co/J ./. -LRB-/- Atlanta/J -RRB-/- --/: _OOV_/J _OOV_/J and/C George/J _OOV_/J were/V elected/J vice/J _OOV_/J of/I this/D _OOV_/J company/N ./.
Mr./N _OOV_/J ,/, 46/C years/N old/J ,/, is/V the/D company/N 's/P director/J of/I quality/J _OOV_/J ;/: most/J recently/R ,/, he/P served/J as/I vice/J president/N ,/, operations/J ,/, for/I Coca-Cola/J _OOV_/J ./.
Mr./N _OOV_/J ,/, 48/C ,/, is/V manager/J for/I corporate/J manufacturing/J operations/J ;/: he/P was/V assistant/J vice/J president/N at/I the/D company/N ./.
In/I the/D wake/J of/I a/D slide/J in/I sterling/J ,/, a/D tailspin/J in/I the/D stock/N market/N ,/, and/C a/D string/J of/I _OOV_/J economic/J _OOV_/J ,/, British/J Chancellor/J of/I the/D _OOV_/J Nigel/J _OOV_/J promised/J gradual/J improvement/J in/I the/D U.K./J economy/J ./.
In/I a/D speech/J prepared/J for/I delivery/J to/T London/J 's/P financial/J community/J ,/, Mr./N _OOV_/J _OOV_/J up/R current/J economic/J policy/J as/I a/D battle/J to/T _OOV_/J inflation/J out/R of/I the/D British/J economy/J ,/, using/J high/J interest/J rates/J as/I ``/` the/D essential/J _OOV_/J ''/' to/T carry/J out/R the/D campaign/J ./.
Two/J weeks/J after/I _OOV_/J base/J rates/J to/T 15/C %/N ,/, he/P _OOV_/J that/I ``/` rates/J will/M have/V to/T remain/J high/J for/I some/D time/N to/T come/J ./. ''/'
Mr./N _OOV_/J also/R made/J it/P clear/J that/I he/P would/M be/V watching/J exchange/J rates/J carefully/J ./.
A/D sinking/J pound/J makes/J imports/J more/J expensive/J and/C increases/J businesses/J '/P expectations/J of/I future/J inflation/J ,/, he/P argued/J ./.
In/I an/D apparent/J warning/J to/T currency/J traders/J who/W have/V lately/J been/V selling/J the/D British/J currency/J ,/, he/P stated/J that/I the/D exchange/J rates/J will/M have/V a/D ``/` major/J role/J in/I the/D assessment/J of/I monetary/J conditions/J ./. ''/'
In/I _OOV_/J the/D current/J monetary/J policy/J of/I using/J high/J interest/J rates/J to/T fight/J inflation/J and/C shore/J up/R the/D pound/J ,/, Mr./N _OOV_/J _OOV_/J other/J approaches/J to/T managing/J the/D economy/J ./.
He/P said/V he/P _OOV_/J the/D _OOV_/J figures/J ,/, but/C does/J n't/R give/J them/P _OOV_/J importance/J ,/, as/I some/D private/J and/C government/J economists/J have/V suggested/J ./.
Mr./N _OOV_/J also/R _OOV_/J the/D possibility/J of/I _OOV_/J direct/J credit/J controls/J on/I Britain/J 's/P financial/J system/J ./.
Mr./N _OOV_/J 's/P speech/J ,/, delivered/J at/I the/D Lord/J Mayor/J of/I London/J 's/P annual/J dinner/J at/I _OOV_/J House/J ,/, came/J on/I the/D heels/J of/I a/D _OOV_/J period/J for/I the/D U.K./J economy/J ./.
Two/J weeks/J ago/R ,/, in/I a/D campaign/J to/T _OOV_/J inflation/J at/I home/J and/C arrest/J a/D world-wide/J plunge/J in/I the/D pound/J ,/, he/P raised/J base/J rates/J a/D full/J percentage/J point/J to/T 15/C %/N ./.
Despite/J the/D increase/J ,/, the/D British/J currency/J slid/J below/J a/D perceived/J _OOV_/J of/I three/C marks/J early/J last/J week/J ./.
It/P was/V quoted/J at/I _OOV_/J marks/J in/I late/J New/N York/N trading/N Wednesday/J ./.
_OOV_/J up/R to/T the/D speech/J was/V a/D _OOV_/J of/I economic/J statistics/J suggesting/J that/I the/D British/J war/J on/I inflation/J will/M be/V more/J _OOV_/J than/I previously/J assumed/J ./.
_OOV_/J in/I September/J dropped/J to/T _OOV_/J ,/, the/D lowest/J level/J since/I 1980/C ./.
While/J lower/J _OOV_/J is/V generally/J good/J news/J ,/, the/D hefty/J drop/J last/J month/J indicates/J that/I the/D economy/J is/V n't/R slowing/J down/R as/I much/J as/I hoped/J --/: despite/J a/D _OOV_/J of/I interest/J rates/J over/I the/D last/J 16/C months/N ./.
Meanwhile/J ,/, average/J earnings/N in/I Britain/J were/V up/R 8.75/J %/N in/I August/J over/I the/D previous/J year/N ./.
Another/J _OOV_/J sign/J came/J in/I a/D surge/J in/I _OOV_/J lending/J to/T a/D record/J #/J _OOV_/J billion/C -LRB-/- $/$ _OOV_/J billion/C -RRB-/- last/J month/J ,/, a/D much/J higher/J level/J than/I economists/J had/V predicted/J ./.
In/I a/D separate/J speech/J prepared/J for/I delivery/J at/I the/D dinner/J ,/, Robin/J _OOV_/J ,/, Bank/J of/I England/J governor/J ,/, conceded/J that/I ``/` demand/J pressures/J were/V even/R more/J buoyant/J than/I had/V been/V _OOV_/J ''/' when/W the/D British/J economy/J was/V heating/J up/R last/J year/N ./.
He/P added/J that/I ``/` there/E 's/P no/D _OOV_/J solution/J ''/' to/T the/D economic/J woes/J ,/, and/C said/V ``/` _OOV_/J monetary/J policy/J is/V the/D right/J approach/J ./. ''/'
_OOV_/J the/D recent/J slide/J in/I stock/N prices/J ,/, the/D central/J bank/J governor/J stated/J that/I ``/` the/D markets/J now/R appear/J to/T have/V _OOV_/J ''/' after/I the/D ``/` nasty/J jolt/J ''/' of/I the/D _OOV_/J plunge/J in/I the/D Dow/J Jones/J Industrial/J Average/J a/D week/J ago/R ./.
Although/J the/D New/N York/N market/N plunge/J prompted/J a/D _OOV_/J drop/J in/I the/D London/J Financial/J Times-Stock/J Exchange/J 100/C Share/J Index/J ,/, Mr./N _OOV_/J declared/J ``/` that/I the/D experience/J owed/J nothing/J to/T the/D particular/J problems/J of/I the/D British/J economy/J ./. ''/'
_OOV_/J ,/, he/P pointed/J out/R that/I compared/J with/I the/D U.S./N market/N ,/, the/D U.K./J has/V far/R fewer/J highly/J leveraged/J junk-bond/J _OOV_/J ./.
_OOV_/J future/J monetary/J arrangements/J ,/, Mr./N _OOV_/J _OOV_/J the/D Thatcher/J government/J 's/P commitment/J to/T join/J the/D exchange/J rate/J mechanism/J of/I the/D European/J _OOV_/J System/J ,/, but/C he/P did/J n't/R indicate/J when/W ./.
C./J Olivetti/J &/C Co./N ,/, claiming/J it/P has/V won/J the/D _OOV_/J in/I Europe/J to/T introduce/J computers/J based/J on/I a/D powerful/J new/J microprocessor/J chip/J ,/, unveiled/J its/P _OOV_/J computer/J yesterday/J ./.
The/D product/J is/V the/D first/J from/I a/D European/J company/N based/J on/I Intel/J Corp./N 's/P new/J _OOV_/J _OOV_/J microprocessor/J ,/, which/W works/J several/J times/J faster/J than/I previously/J available/J chips/J ./.
Hewlett-Packard/J Co./N became/J the/D first/J company/N world-wide/J to/T announce/J a/D product/J based/J on/I the/D chip/J earlier/R this/D month/J ,/, but/C it/P wo/J n't/R start/J shipping/J the/D computers/J until/J early/J next/J year/N ./.
An/J Olivetti/J spokesman/J said/V the/D company/N 's/P _OOV_/J are/V already/R beginning/J to/T produce/J the/D machine/J ,/, and/C that/I it/P should/M be/V available/J in/I Europe/J by/I December/J ./.
``/` What/J this/D means/J is/V that/I _OOV_/J will/M have/V these/D machines/J in/I their/P _OOV_/J before/I Americans/J do/V ,/, ''/' the/D spokesman/J said/V ./.
The/D new/J chip/J ``/` is/V a/D very/R big/J step/J in/I computing/J ,/, and/C it/P is/V important/J that/I Olivetti/J be/V one/C of/I the/D first/J out/R on/I the/D market/N with/I this/D product/J ,/, ''/' said/V _OOV_/J _OOV_/J Davis/J ,/, an/D analyst/J at/I James/J _OOV_/J &/C Co./N in/I London/J ./.
Executives/J at/I Olivetti/J ,/, whose/J earnings/N have/V been/V steadily/J sliding/J over/I the/D past/J couple/J of/I years/N ,/, have/V acknowledged/J that/I in/I the/D past/J they/P have/V _OOV_/J at/I getting/J new/J technology/J to/T market/N ./.
Ms./J Davis/J said/V the/D new/J machines/J could/M steal/J some/D sales/N away/R from/I Olivetti/J 's/P own/J _OOV_/J ,/, but/C would/M bring/J new/J sales/N among/I professionals/J such/J as/I engineers/J ,/, _OOV_/J and/C medical/J doctors/J ./.
Although/J Olivetti/J 's/P profits/J tumbled/J 40/C %/N in/I the/D first/J half/J of/I this/D year/N ,/, she/P believes/J Olivetti/J 's/P restructuring/J last/J fall/J and/C its/P introduction/J of/I new/J products/J will/M begin/J to/T bear/J fruit/J with/I an/D earnings/N rebound/J next/J year/N ,/, especially/J if/I it/P can/M _OOV_/J its/P promise/J to/T deliver/J the/D new/J machines/J by/I December/J ./.
``/` We/P think/J the/D worst/J is/V over/I ''/' in/I the/D European/J _OOV_/J market/N ,/, she/P said/V ./.
Depending/J on/I the/D type/J of/I software/J and/C _OOV_/J used/J ,/, the/D machines/J can/M serve/J either/C as/I the/D main/J computer/J in/I a/D network/J of/I many/J _OOV_/J -LRB-/- a/D role/J usually/J filled/J by/I a/D _OOV_/J -RRB-/- ,/, as/I a/D technical/J workstation/J or/C as/I a/D very/R fast/J personal/J computer/J ./.
``/` It/P 's/P the/D missing/J link/J ''/' in/I Olivetti/J 's/P product/J line/J between/I small/J personal/J computers/J and/C _OOV_/J _OOV_/J ,/, the/D Olivetti/J spokesman/J said/V ./.
He/P added/J that/I Olivetti/J will/M continue/J making/J its/P _OOV_/J _OOV_/J line/J ./.
The/D machines/J will/M cost/J around/J $/$ _OOV_/J on/I average/J in/I Europe/J ./.
The/D Intel/J _OOV_/J chip/J can/M process/J 15/C million/C _OOV_/J per/J second/J ,/, or/C _OOV_/J ,/, while/I Intel/J 's/P previous/J _OOV_/J chip/J could/M handle/J only/R 3/C to/T 6/C _OOV_/J ./.
Olivetti/J also/R plans/J to/T sell/J the/D _OOV_/J computer/J in/I the/D U.S./N starting/J next/J year/N through/I Olivetti/J USA/J and/C through/I its/P _OOV_/J unit/J ,/, which/W _OOV_/J in/I _OOV_/J _OOV_/J networks/J ./.
_OOV_/J Inc./N said/V it/P received/J approval/J from/I the/D French/J government/J for/I its/P proposed/J $/$ _OOV_/J million/C acquisition/J of/I _OOV_/J _OOV_/J ./.
The/D approval/J _OOV_/J the/D remaining/J conditions/J of/I the/D purchase/J ,/, which/W is/V expected/J to/T close/J within/J two/C weeks/J ./.
_OOV_/J ,/, the/D second-largest/J maker/J of/I food/J cans/J in/I France/J ,/, had/V 1988/C sales/N of/I $/$ 150/C million/C ./.
_OOV_/J has/V _OOV_/J workers/J at/I four/C canning/J manufacturing/J plants/J and/C one/C plastic/J _OOV_/J facility/J ./.
_OOV_/J makes/J _OOV_/J packaging/J films/J and/C machinery/J ,/, and/C materials/J for/I the/D food/J and/C pharmaceutical/J industries/J ./.
Social/J Security/J benefits/J will/M rise/J _OOV_/J %/N next/J year/N to/T keep/J pace/J with/I inflation/J ,/, _OOV_/J the/D average/J monthly/J benefit/J to/T $/$ _OOV_/J from/I $/$ _OOV_/J ,/, the/D Department/J of/I Health/J and/C _OOV_/J Services/J announced/J ./.
The/D higher/J payments/J will/M start/J with/I Social/J Security/J _OOV_/J received/J on/I Jan./J 3/C ,/, 1990/C ./.
_OOV_/J Security/J Income/J payments/J to/T the/D _OOV_/J also/R will/M rise/J _OOV_/J %/N ,/, starting/J with/I _OOV_/J received/J on/I Dec./J 29/C ,/, 1988/C ,/, increasing/J the/D maximum/J _OOV_/J payment/J to/T $/$ _OOV_/J from/I $/$ _OOV_/J a/D month/J ./.
The/D inflation/J adjustment/J also/R means/J that/I the/D maximum/J annual/J level/J of/I earnings/N subject/J to/T the/D wage/J tax/J that/I _OOV_/J revenue/J for/I the/D Social/J Security/J trust/J fund/J will/M rise/J to/T $/$ _OOV_/J in/I 1990/C from/I $/$ _OOV_/J this/D year/N ./.
As/I mandated/J by/I law/J ,/, the/D tax/J rate/J will/M rise/J to/T _OOV_/J %/N in/I 1990/C from/I _OOV_/J %/N and/C wo/J n't/R rise/J any/D further/J in/I the/D future/J ./.
This/D means/J that/I the/D maximum/J yearly/J Social/J Security/J tax/J paid/J by/I workers/J and/C employers/J each/D will/M rise/J $/$ _OOV_/J next/J year/N to/T $/$ _OOV_/J ./.
_OOV_/J aged/J 65/C through/I 69/J will/M be/V able/J to/T earn/J $/$ _OOV_/J without/J losing/J any/D Social/J Security/J benefits/J in/I 1990/C ,/, up/R from/I $/$ _OOV_/J this/D year/N ./.
The/D _OOV_/J amount/J for/I _OOV_/J under/I 65/C will/M rise/J to/T $/$ _OOV_/J from/I $/$ _OOV_/J ./.
The/D _OOV_/J reflect/J the/D increase/J in/I the/D consumer/J price/J index/J for/I urban/J wage/J _OOV_/J and/C _OOV_/J workers/J from/I the/D third/J quarter/J of/I last/J year/N to/T the/D third/J quarter/J of/I this/D year/N ./.
_OOV_/J companies/N should/M get/J _OOV_/J in/I the/D third/J quarter/J ./.
_OOV_/J houses/J are/V expected/J to/T report/J earnings/N increases/J of/I about/R 15/C %/N on/I average/J for/I the/D third/J quarter/J ,/, despite/J sales/N increases/J of/I less/J than/I 10/C %/N ,/, analysts/J say/V ./.
To/J offset/J sluggish/J sales/N growth/J ,/, companies/N have/V been/V cutting/J staff/J ,/, mostly/J through/I _OOV_/J ,/, and/C slowing/J the/D growth/J in/I research/J and/C development/J spending/J ./.
Sales/J growth/J in/I the/D quarter/J was/V slowed/J by/I mounting/J pressure/J from/I groups/J of/I buyers/J ,/, such/J as/I hospitals/J ,/, to/T hold/J down/R prices/J ./.
_OOV_/J were/V also/R hurt/J by/I the/D _OOV_/J U.S./N dollar/J ,/, which/W makes/J sales/N abroad/J more/J difficult/J ./.
In/I some/D cases/J ,/, competition/J has/V squeezed/J margins/J ./.
_OOV_/J ,/, _OOV_/J &/C Co./N ,/, for/I example/J ,/, faces/J stiff/J competition/J from/I a/D Japanese/J supplier/J in/I the/D important/J _OOV_/J market/N ./.
The/D Franklin/J _OOV_/J ,/, N.J./J ,/, company/N is/V expected/J to/T report/J sales/N growth/J of/I only/R 5/C %/N to/T 6/C %/N ,/, but/C should/M still/R maintain/J earnings/N growth/J of/I 10/C %/N ,/, says/V _OOV_/J E./J _OOV_/J ,/, an/D analyst/J with/I Duff/J &/C Phelps/J Inc/J ./.
Among/J the/D first/J of/I the/D group/C to/T post/J results/J ,/, Abbott/J Laboratories/J said/V third-quarter/J net/J income/J jumped/J 14/C %/N to/T $/$ _OOV_/J million/C ,/, or/C 88/J cents/N a/D share/N ,/, from/I $/$ _OOV_/J million/C ,/, or/C _OOV_/J cents/N a/D share/N ,/, a/D year/N earlier/R ./.
Sales/J for/I the/D company/N ,/, based/J in/I Abbott/J _OOV_/J ,/, Ill./J ,/, rose/V _OOV_/J %/N to/T $/$ 1.31/J billion/C from/I $/$ _OOV_/J billion/C ./.
_OOV_/J International/J Inc./N yesterday/J reported/J net/J climbed/J 20/C %/N in/I the/D third/J period/J to/T $/$ 102/J million/C ,/, or/C 34/C cents/N a/D share/N ,/, from/I $/$ 85/J million/C ,/, or/C 28/C cents/N a/D share/N ,/, a/D year/N earlier/R ./.
Sales/J for/I the/D _OOV_/J ,/, Ill./J ,/, company/N rose/V 5.8/J %/N to/T $/$ _OOV_/J billion/C from/I $/$ 1.71/J billion/C ./.
But/C not/R every/J company/N expects/J to/T report/J increased/J earnings/N ./.
C.R./J Bard/J Inc./N yesterday/J said/V third-quarter/J net/J plunged/J 51/J %/N to/T $/$ _OOV_/J million/C ,/, or/C 18/C cents/N a/D share/N ,/, from/I $/$ 20/C million/C ,/, or/C 35/C cents/N a/D share/N ,/, a/D year/N earlier/R ./.
Sales/J fell/J 1.2/C %/N to/T $/$ _OOV_/J million/C from/I $/$ _OOV_/J million/C ./.
The/D Murray/J Hill/J ,/, N.J./J ,/, company/N said/V full-year/J earnings/N may/M be/V off/R 33/C cents/N a/D share/N because/I the/D company/N removed/J a/D _OOV_/J from/I the/D market/N ./.
In/I 1988/C ,/, the/D company/N earned/J $/$ _OOV_/J a/D share/N ./.
The/D Food/J and/C Drug/J Administration/J had/V raised/J questions/J about/R the/D device/J 's/P design/J ./.
Some/D analysts/J add/J that/I _OOV_/J pressures/J to/T reduce/J health/J costs/J will/M continue/J to/T _OOV_/J companies/N '/P bottom/J lines/J ./.
Takeover/J speculation/J ,/, which/W has/V been/V _OOV_/J stocks/J of/I supply/J houses/J ,/, may/M also/R ease/J ,/, says/V Peter/J _OOV_/J ,/, an/D analyst/J with/I Drexel/N Burnham/J Lambert/J Inc/J ./.
``/` As/I that/I _OOV_/J ,/, you/P 're/J going/J to/T see/J the/D stocks/J probably/R _OOV_/J as/I well/R ,/, ''/' he/P says/V ./.
_OOV_/J companies/N ,/, meanwhile/J ,/, are/V reporting/J improved/J earnings/N ./.
_OOV_/J by/I strong/J _OOV_/J by/I its/P _OOV_/J hospitals/J ,/, National/J Medical/J _OOV_/J Inc./N ,/, Los/J Angeles/J ,/, reported/J net/J income/J of/I $/$ 50/C million/C ,/, or/C 65/C cents/N a/D share/N ,/, for/I the/D first/J quarter/J ended/J Aug./J 31/C ,/, up/R from/I $/$ 41/C million/C ,/, or/C 56/J cents/N a/D share/N ,/, a/D year/N earlier/R ./.
_OOV_/J Inc./N ,/, Louisville/J ,/, Ky./J ,/, also/R reported/J favorable/J results/J ,/, with/I net/J income/J of/I $/$ 66.7/J million/C ,/, or/C 66/C cents/N ,/, in/I the/D fourth/J quarter/J ended/J Aug./J 31/C ,/, up/R from/I $/$ _OOV_/J million/C ,/, or/C 59/J cents/N ,/, a/D year/N earlier/R ./.
Analysts/J say/V the/D handful/J of/I hospital/J companies/N that/I are/V still/R publicly/J traded/J are/V benefiting/J from/I several/J trends/J ./.
Most/J important/J ,/, hospital/J _OOV_/J rates/J are/V stabilizing/J after/I several/J years/N of/I decline/J ./.
Moreover/J ,/, companies/N have/V sold/J off/R many/J of/I their/P smaller/J ,/, less-profitable/J hospitals/J and/C have/V completed/J painful/J _OOV_/J ./.
_OOV_/J 's/P revenues/J ,/, for/I example/J ,/, are/V being/J boosted/J by/I large/J increases/J in/I _OOV_/J in/I the/D company/N 's/P health/J maintenance/J organizations/J ./.
_OOV_/J _OOV_/J _OOV_/J ,/, an/D analyst/J with/I _OOV_/J _OOV_/J _OOV_/J :/: ``/` The/D shakeout/J in/I the/D publicly/J traded/J companies/N is/V over/I ./.
Initial/J claims/J for/I regular/J state/J unemployment/J benefits/J rose/V to/T a/D seasonally/J adjusted/J _OOV_/J during/I the/D week/J ended/J Oct./J 7/C from/I _OOV_/J the/D previous/J week/J ,/, the/D Labor/J Department/J said/V ./.
The/D number/J of/I people/N receiving/J regular/J state/J benefits/J in/I the/D week/J ended/J Sept./J 30/C decreased/J to/T a/D seasonally/J adjusted/J _OOV_/J ,/, or/C 2.2/C %/N of/I those/D covered/J by/I unemployment/J insurance/J ,/, from/I _OOV_/J the/D previous/J week/J ,/, when/W the/D insured/J unemployment/J rate/J also/R was/V 2.2/C %/N ./.
_OOV_/J all/D state/J and/C federal/J benefit/J programs/J ,/, the/D number/J of/I people/N receiving/J unemployment/J benefits/J in/I the/D week/J ended/J Sept./J 30/C fell/J to/T _OOV_/J from/I _OOV_/J a/D week/J earlier/R ./.
These/J figures/J are/V n't/R seasonally/J adjusted/J ./.
A/D Labor/J Department/J spokesman/J said/V the/D unusually/J high/J number/J of/I initial/J claims/J for/I state/J unemployment/J benefits/J reflects/J the/D impact/J of/I Hurricane/J Hugo/J on/I southern/J states/J ,/, particularly/J North/J Carolina/J and/C South/J Carolina/J ./.
The/D figure/J also/R may/M reflect/J initial/J claims/J filed/J by/I striking/J _OOV_/J Corp./N workers/J who/W have/V become/J eligible/J for/I unemployment/J benefits/J ,/, the/D official/J said/V ./.
Digital/J Equipment/J Corp./N reported/J a/D 32/C %/N decline/J in/I net/J income/J on/I a/D modest/J revenue/J gain/J in/I its/P fiscal/J first/J quarter/J ,/, causing/J some/D analysts/J to/T predict/J weaker/J results/J ahead/R than/I they/P had/V expected/J ./.
Although/J the/D second-largest/J computer/J maker/J had/V prepared/J Wall/J Street/J for/I a/D poor/J quarter/J ,/, analysts/J said/V they/P were/V troubled/J by/I signs/J of/I flat/J U.S./N orders/J and/C a/D slowdown/J in/I the/D rate/J of/I gain/J in/I foreign/J orders/J ./.
The/D Maynard/J ,/, Mass./J ,/, company/N is/V in/I a/D transition/J in/I which/W it/P is/V trying/J to/T reduce/J its/P reliance/J on/I _OOV_/J machines/J and/C establish/J a/D presence/J in/I workstations/J and/C _OOV_/J ./.
Net/J for/I the/D quarter/J ended/J Sept./J 30/C fell/J to/T $/$ _OOV_/J million/C ,/, or/C $/$ _OOV_/J a/D share/N ,/, from/I $/$ _OOV_/J million/C ,/, or/C $/$ 1.71/J a/D share/N ,/, a/D year/N ago/R ./.
Revenue/J rose/V 6.4/J %/N to/T $/$ _OOV_/J billion/C from/I $/$ _OOV_/J billion/C ./.
Digital/J said/V a/D shift/J in/I its/P product/J _OOV_/J toward/J _OOV_/J products/J and/C strong/J growth/J in/I workstation/J sales/N _OOV_/J lower/J gross/J margins/J ./.
A/D spokesman/J also/R said/V margins/J for/I the/D company/N 's/P service/J business/N _OOV_/J somewhat/J because/I of/I heavy/J investments/J made/J in/I that/I sector/J ./.
The/D lack/J of/I a/D strong/J product/J at/I the/D high/J end/J of/I Digital/J 's/P line/J was/V a/D significant/J drag/J on/I sales/N ./.
Digital/J hopes/J to/T address/J that/I with/I the/D debut/J of/I its/P first/J _OOV_/J computers/J next/J Tuesday/J ./.
The/D new/J line/J is/V aimed/J directly/R at/I International/J Business/J Machines/J Corp/J ./.
``/` Until/J the/D new/J _OOV_/J products/J _OOV_/J in/I ,/, there/E wo/J n't/R be/V a/D lot/J of/I revenue/J _OOV_/J at/I the/D high/J end/J ,/, and/C that/I 's/P hurt/J us/J ,/, ''/' said/V Mark/J _OOV_/J ,/, Digital/J 's/P director/J of/I investor/J relations/J ./.
He/P said/V unfavorable/J currency/J _OOV_/J were/V also/R a/D factor/J in/I the/D quarter/J ./.
_OOV_/J shares/N rose/V $/$ 1.375/J to/T $/$ _OOV_/J apiece/J in/I consolidated/J New/N York/N Stock/J Exchange/J trading/N yesterday/J ./.
But/C analysts/J said/V that/I against/I the/D backdrop/J of/I a/D nearly/R _OOV_/J rise/J in/I the/D Dow/J Jones/J Industrial/J Average/J ,/, that/I should/M n't/R necessarily/J be/V taken/J as/I a/D sign/J of/I great/J strength/J ./.
Some/D cut/J their/P earnings/N estimates/J for/I the/D stock/N this/D year/N and/C predicted/J more/J efforts/J to/T control/J costs/J ahead/R ./.
``/` I/P think/J the/D next/J few/J quarters/J will/M be/V difficult/J ,/, ''/' said/V Steven/J _OOV_/J of/I First/J Boston/J ./.
``/` _OOV_/J will/M remain/J under/I pressure/J ,/, and/C when/W the/D new/J _OOV_/J does/J ship/J ,/, I/P 'm/J not/R sure/J it/P will/M be/V a/D big/J _OOV_/J ./.
''/' Mr./N _OOV_/J said/V he/P was/V _OOV_/J his/P estimate/J for/I _OOV_/J 's/P current/J year/N from/I $/$ 8.20/J a/D share/N to/T ``/` well/R below/J $/$ 8/C ,/, ''/' although/J he/P has/V n't/R settled/J on/I a/D final/J number/J ./.
One/C troubling/J aspect/J of/I _OOV_/J 's/P results/J ,/, analysts/J said/V ,/, was/V its/P performance/J in/I Europe/J ./.
_OOV_/J said/V its/P overseas/J business/N ,/, which/W now/R accounts/J for/I more/J than/I half/J of/I sales/N ,/, improved/J in/I the/D quarter/J ./.
It/P even/R took/J the/D unusually/J _OOV_/J step/J of/I telling/J analysts/J in/I a/D morning/J conference/J call/J that/I orders/J in/I Europe/J were/V up/R in/I ``/` double/J _OOV_/J ''/' in/I foreign-currency/J terms/J ./.
That/D gain/J probably/R _OOV_/J into/I about/R 5/C %/N to/T 7/C %/N in/I dollar/J terms/J ,/, well/R below/J recent/J quarters/J '/P gains/J of/I above/J 20/C %/N ,/, reckons/J Jay/J _OOV_/J of/I _OOV_/J _OOV_/J _OOV_/J ./.
``/` That/D was/V a/D _OOV_/J ''/' and/C a/D sign/J of/I overall/J _OOV_/J _OOV_/J in/I Europe/J ,/, Mr./N _OOV_/J said/V ./.
Marc/J _OOV_/J ,/, with/I _OOV_/J Securities/J in/I New/N York/N ,/, dropped/J his/P estimate/J of/I _OOV_/J 's/P full-year/J net/J to/T $/$ _OOV_/J a/D share/N from/I $/$ 8/C ./.
Although/J overall/J revenues/J were/V _OOV_/J ,/, Mr./N _OOV_/J said/V ,/, _OOV_/J ``/` _OOV_/J down/R its/P European/J _OOV_/J ''/' and/C had/V flat/J world-wide/J orders/J overall/J ./.
``/` The/D bottom/J line/J is/V that/I it/P 's/P more/J hand/J to/T _OOV_/J than/I it/P has/V been/V before/I ,/, ''/' he/P said/V ./.
Mr./N _OOV_/J said/V he/P believes/J that/I the/D _OOV_/J of/I _OOV_/J 's/P new/J _OOV_/J will/M ``/` _OOV_/J somewhat/J more/J _OOV_/J ''/' than/I many/J of/I his/P investment/J colleagues/J expect/J ./.
He/P said/V current/J expectations/J are/V for/I an/D _OOV_/J level/J machine/J to/T be/V shipped/J in/I December/J ,/, with/I all/D of/I the/D more/J sophisticated/J versions/J out/R by/I June/J ./.
For/I reasons/J he/P would/M n't/R elaborate/J on/I ,/, he/P said/V he/P 's/P sure/J that/I schedule/J wo/J n't/R be/V met/J ,/, meaning/J less/J profit/J impact/J from/I the/D product/J for/I _OOV_/J in/I the/D next/J few/J quarters/J ./.
John/J R./J _OOV_/J contributed/J to/T this/D article/J ./.
Colgate/J _OOV_/J Co./N reported/J third-quarter/J net/J income/J rose/V 27/J %/N ,/, _OOV_/J by/I strong/J sales/N in/I its/P Latin/J American/J business/N and/C surprisingly/J healthy/J profits/J from/I U.S./N operations/J ./.
Colgate/J said/V net/J income/J for/I the/D quarter/J rose/V to/T $/$ _OOV_/J million/C ,/, or/C $/$ _OOV_/J a/D share/N ,/, on/I sales/N that/I increased/J 6/C %/N to/T $/$ 1.3/C billion/C ./.
In/I the/D year-earlier/J period/J ,/, Colgate/J posted/J net/J income/J of/I $/$ _OOV_/J million/C ,/, or/C 88/J cents/N a/D share/N ./.
Last/J year/N 's/P results/J included/J earnings/N from/I discontinued/J operations/J of/I $/$ 13.1/J million/C ,/, or/C 19/C cents/N a/D share/N ./.
_OOV_/J Mark/J ,/, chairman/J and/C chief/J executive/J officer/J of/I Colgate/J ,/, said/V earnings/N growth/J was/V fueled/J by/I strong/J sales/N in/I Latin/J America/J ,/, the/D Far/J East/J and/C Europe/J ./.
Results/J were/V also/R _OOV_/J by/I ``/` a/D very/R _OOV_/J increase/J in/I operating/J profit/J at/I Colgate/J 's/P U.S./N business/N ,/, ''/' he/P said/V ./.
Operating/J profit/J at/I Colgate/J 's/P U.S./N household/J products/J and/C personal/J care/J businesses/J ,/, which/W include/J such/J well-known/J brands/J as/I Colgate/J toothpaste/J and/C _OOV_/J _OOV_/J _OOV_/J ,/, jumped/J more/J than/I 40/C %/N ,/, the/D company/N said/V ./.
Mr./N Mark/J attributed/J the/D improvement/J to/T cost/J savings/J achieved/J by/I consolidating/J manufacturing/J operations/J ,/, _OOV_/J together/J two/C sales/N organizations/J and/C more/J carefully/J focusing/J the/D company/N 's/P promotional/J activities/J ./.
``/` We/P 've/J done/J a/D lot/J to/T improve/J -LRB-/- U.S/J ./. -RRB-/- results/J and/C a/D lot/J more/J will/M be/V done/J ,/, ''/' Mr./N Mark/J said/V ./.
``/` _OOV_/J profitability/J of/I U.S./N operations/J is/V an/D extremely/J high/J priority/J in/I the/D company/N ./. ''/'
Colgate/J 's/P results/J were/V at/I the/D high/J end/J of/I the/D range/J of/I analysts/J '/P forecasts/J ./.
The/D _OOV_/J of/I the/D improvement/J in/I the/D U.S./N business/N caught/J some/D analysts/J by/I surprise/J ./.
The/D company/N 's/P domestic/J business/N ,/, especially/J its/P household/J products/J division/J ,/, has/V performed/J poorly/J for/I years/N ./.
Analysts/J say/V the/D earnings/N improvement/J came/J from/I cutting/J costs/J rather/R than/I increasing/J sales/N ./.
For/I the/D nine/C months/N ,/, net/J increased/J 14/C %/N to/T $/$ _OOV_/J million/C ,/, or/C $/$ _OOV_/J a/D share/N ./.
Sales/J rose/V 7/C %/N to/T $/$ 3.8/J billion/C ./.
The/D company/N earned/J $/$ _OOV_/J million/C ,/, or/C $/$ 2.79/J a/D share/N ,/, in/I the/D year-earlier/J period/J ./.
Colgate/J 's/P 1988/C net/J income/J included/J $/$ _OOV_/J million/C ,/, or/C 59/J cents/N a/D share/N ,/, from/I discontinued/J operations/J ./.
Colgate/J sold/J its/P hospital/J supply/J and/C home/J health/J care/J business/N last/J year/N ./.
Separately/J ,/, Colgate/J Wednesday/J _OOV_/J an/D agreement/J with/I _OOV_/J Corp./N ,/, a/D tiny/J _OOV_/J products/J and/C pharmaceutical/J concern/J based/J in/I _OOV_/J ,/, Mass./J ,/, to/T market/N in/I the/D U.S./N four/C of/I _OOV_/J 's/P _OOV_/J _OOV_/J products/J ./.
The/D products/J --/: _OOV_/J and/C _OOV_/J materials/J used/J by/I _OOV_/J --/: all/D contain/J _OOV_/J that/I is/V released/J over/I time/N ./.
The/D move/J is/V part/J of/I a/D drive/J to/T increase/J Colgate/J 's/P business/N with/I _OOV_/J ,/, a/D company/N spokeswoman/J said/V ./.
Terms/J of/I the/D agreement/J were/V n't/R given/J ./.
_OOV_/J Limited/J _OOV_/J said/V it/P completed/J the/D sale/J of/I its/P _OOV_/J restaurant/J franchise/J system/J to/T a/D subsidiary/J of/I _OOV_/J Co./N for/I $/$ 71/J million/C in/I cash/J ./.
_OOV_/J ,/, which/W is/V nearly/R _OOV_/J by/I Sam/J and/C Charles/J _OOV_/J of/I Dallas/J ,/, said/V it/P will/M distribute/J proceeds/J from/I the/D sale/J to/T unit/J holders/J as/I a/D _OOV_/J dividend/J as/I soon/R as/I possible/J ./.
The/D _OOV_/J franchise/J system/J ,/, which/W _OOV_/J about/R $/$ 600/C million/C in/I sales/N annually/J ,/, represented/J substantially/J all/D of/I the/D partnership/J 's/P assets/J ./.
The/D sale/J of/I the/D system/J has/V been/V challenged/J in/I a/D class-action/J suit/J on/I behalf/J of/I unit/J holders/J filed/J last/J week/J in/I a/D Delaware/J court/J ,/, _OOV_/J said/V ./.
The/D company/N said/V it/P believes/J the/D suit/J is/V without/J merit/J ./.
American/J Telephone/J &/C Telegraph/J Co./N unveiled/J a/D sweetened/J pension/J and/C _OOV_/J program/J for/I management/J that/I it/P hopes/J will/M enable/J it/P to/T save/J $/$ _OOV_/J million/C in/I the/D next/J year/N ./.
AT&T/J also/R said/V net/J income/J rose/V 19/C %/N in/I the/D third/J quarter/J ./.
AT&T/J said/V its/P amended/J pension/J program/J will/M nearly/R double/J to/T _OOV_/J the/D number/J of/I managers/J eligible/J to/T retire/J with/I immediate/J pension/J payments/J ./.
AT&T/J said/V that/I based/J on/I studies/J of/I other/J companies/N that/I have/V offered/J retirement/J plans/J ,/, it/P expects/J about/R one-third/J of/I its/P eligible/J managers/J to/T retire/J under/I the/D new/J program/J ./.
AT&T/J said/V third-quarter/J net/J income/J grew/J ,/, despite/J stiff/J competition/J in/I all/D of/I the/D company/N 's/P markets/J ./.
Net/J income/J rose/V to/T $/$ _OOV_/J million/C ,/, or/C 65/C cents/N a/D share/N ,/, from/I the/D year-earlier/J $/$ _OOV_/J million/C or/C 55/C cents/N a/D share/N ./.
Revenue/J edged/J up/R to/T $/$ 8.9/J billion/C from/I $/$ _OOV_/J billion/C ./.
The/D latest/J period/J 's/P net/J was/V reduced/J $/$ 102/J million/C ,/, or/C nine/C cents/N a/D share/N ,/, for/I a/D change/J in/I depreciation/J method/J and/C _OOV_/J changes/J in/I estimates/J of/I _OOV_/J lives/J and/C net/J _OOV_/J for/I certain/J telecommunications/J equipment/J ./.
The/D results/J roughly/J matched/J estimates/J of/I securities/J analysts/J ,/, who/W were/V encouraged/J by/I AT&T/J increasing/J its/P operating/J margin/J to/T 13/C %/N from/I 11/C %/N a/D year/N ago/R ,/, because/I of/I continued/J _OOV_/J efforts/J ./.
Sales/J of/I long-distance/J services/J ,/, an/D extremely/J competitive/J market/N ,/, rose/V 6.4/J %/N ./.
But/C the/D growth/J was/V partly/J offset/J by/I lower/J equipment/J sales/N and/C _OOV_/J and/C price/J cuts/J on/I some/D products/J ./.
Under/J the/D amended/J pension/J program/J ,/, AT&T/J managers/J who/W have/V at/I least/J five/C years/N of/I service/J will/M have/V five/C years/N added/J to/T their/P age/J and/C _OOV_/J of/I service/J for/I pension/J purposes/J ./.
Managers/J who/W retire/J Dec./J 30/C will/M have/V an/D additional/J 15/C %/N added/J to/T their/P monthly/J pension/J for/I as/I long/J as/I five/C years/N or/C age/J 65/C ,/, _OOV_/J comes/J earlier/R ./.
An/J AT&T/J spokeswoman/J said/V the/D company/N would/M likely/J replace/J about/R one-third/J of/I its/P managers/J who/W choose/J to/T retire/J with/I new/J employees/J ./.
Analysts/J _OOV_/J the/D sweetened/J pension/J package/J ,/, which/W they/P said/V had/V been/V the/D subject/J of/I rumors/J for/I several/J months/N ./.
``/` This/D tells/J you/P AT&T/J is/V serious/J about/R continuing/J to/T manage/J their/P cost/J structure/J and/C is/V committed/J to/T _OOV_/J earnings/N growth/J ,/, ''/' said/V Jack/J _OOV_/J ,/, an/D analyst/J with/I PaineWebber/J Inc/J ./.
But/C other/J analysts/J expressed/J _OOV_/J that/I the/D _OOV_/J move/J wo/J n't/R result/J in/I even/R greater/J earnings/N growth/J ./.
``/` This/D is/V a/D good/J move/J ,/, but/C it/P only/R gets/J you/P to/T where/W people/N 's/P expectations/J already/R are/V ,/, ''/' in/I terms/J of/I earnings/N growth/J ,/, said/V Joel/J D./J _OOV_/J ,/, an/D analyst/J with/I Donaldson/J ,/, Lufkin/J &/C Jenrette/J ./.
Mr./N _OOV_/J said/V he/P had/V hoped/J that/I a/D cost/J savings/J of/I $/$ _OOV_/J million/C would/M result/J in/I even/R greater/J growth/J than/I the/D 20/C %/N annual/J earnings/N increase/J AT&T/J has/V told/J analysts/J it/P expects/J in/I the/D future/J ./.
AT&T/J said/V the/D special/J retirement/J option/J will/M increase/J fourth-quarter/J expenses/J ./.
But/C the/D company/N said/V the/D amount/J ca/J n't/R be/V determined/J until/J it/P knows/J how/J many/J managers/J opt/J to/T retire/J ./.
AT&T/J said/V the/D expense/J increase/J will/M be/V largely/J offset/J by/I a/D gain/J from/I its/P previously/J announced/J plan/J to/T _OOV_/J its/P holdings/J in/I Ing/J ./. C./J Olivetti/J &/C Co./N for/I shares/N in/I Cie/J ./. _OOV_/J _OOV_/J ,/, an/D Italian/J holding/J company/N ./.
For/I the/D nine/C months/N ,/, AT&T/J said/V net/J income/J was/V $/$ _OOV_/J billion/C ,/, or/C $/$ 1.85/J a/D share/N ,/, up/R 19/C %/N from/I $/$ _OOV_/J billion/C ,/, or/C $/$ 1.56/J a/D share/N ./.
Revenue/J gained/J 3.1/C %/N to/T $/$ _OOV_/J billion/C from/I $/$ 26/C billion/C ./.
In/I composite/J trading/N yesterday/J on/I the/D New/N York/N Stock/J Exchange/J ,/, AT&T/J shares/N closed/J at/I $/$ _OOV_/J ,/, up/R 87.5/J cents/N ./.
When/J it/P comes/J to/T buying/J and/C selling/J shares/N ,/, _OOV_/J Capital/J Management/J Inc./N takes/J a/D back/R _OOV_/J to/T no/D one/C ./.
Every/J dollar/J 's/P worth/J of/I stock/N in/I the/D Los/J Angeles/J money/J manager/J 's/P portfolio/J is/V traded/J seven/C or/C eight/C times/J a/D year/N ,/, the/D firm/J estimates/J ./.
That/D makes/J it/P the/D most/J active/J trader/J among/I all/D the/D nation/J 's/P investment/J advisers/J ,/, according/J to/T Securities/J and/C Exchange/J Commission/J _OOV_/J ./.
But/C wait/J a/D second/J ./.
_OOV_/J Capital/J is/V an/D index/J fund/J --/: the/D type/J of/I _OOV_/J long-term/J investor/J whose/J goal/J is/V to/T be/V nothing/J more/J than/I average/J ./.
_OOV_/J Capital/J 's/P _OOV_/J trading/N reflects/J the/D changes/J sweeping/J through/I the/D previously/J _OOV_/J world/J of/I _OOV_/J ./.
_OOV_/J for/I the/D most/J part/J has/V involved/J simply/J buying/J and/C then/R holding/J stocks/J in/I the/D correct/J _OOV_/J to/T mirror/J a/D stock/N market/N _OOV_/J ,/, such/J as/I Standard/J &/C Poor/J 's/P 500-stock/J index/J ,/, and/C match/J its/P performance/J ./.
_OOV_/J investors/J have/V poured/J $/$ 210/J billion/C into/I stock/N and/C bond/J _OOV_/J as/I a/D cheap/J and/C easy/J form/J of/I investment/J management/J that/I _OOV_/J to/T post/J average/J market/N returns/J ./.
These/J big/J investors/J have/V _OOV_/J to/T _OOV_/J because/I relatively/J few/J ``/` active/J ''/' stock/N _OOV_/J have/V been/V able/J to/T consistently/J match/J the/D returns/J of/I the/D S&P/J 500/C or/C other/J _OOV_/J ,/, much/J less/J beat/J it/P ./.
And/C the/D fees/J investors/J pay/J for/I _OOV_/J run/J a/D few/J pennies/J for/I each/D $/$ 100/C of/I assets/J --/: a/D fraction/J of/I the/D cost/J of/I active/J managers/J ./.
That/D 's/P because/I computers/J do/V most/J of/I the/D work/J ,/, and/C low/J trading/N activity/J keeps/J a/D _OOV_/J on/I commission/J costs/J ./.
But/C today/J ,/, _OOV_/J is/V moving/J from/I a/D passive/J investment/J strategy/J to/T an/D increasingly/J active/J one/C ./.
Because/J _OOV_/J managers/J are/V no/D longer/J satisfied/J with/I merely/J being/J average/J ,/, they/P have/V developed/J ``/` enhanced/J ''/' _OOV_/J strategies/J that/I are/V intended/J to/T _OOV_/J the/D market/N as/I much/J as/I three/C percentage/J points/J ./.
``/` _OOV_/J has/V been/V the/D most/J single/J successful/J investment/J concept/J in/I the/D last/J decade/J ,/, but/C the/D index/J money/J has/V been/V just/R sort/J of/I _OOV_/J there/E ,/, ''/' says/V _OOV_/J M./J _OOV_/J ,/, president/N of/I _OOV_/J _OOV_/J Investors/J Inc./N ,/, an/D _OOV_/J based/J in/I _OOV_/J ,/, _OOV_/J ./.
``/` Now/R the/D interest/J is/V in/I what/W else/J can/M I/P do/V with/I that/I money/J ./. ''/'
Among/J the/D _OOV_/J _OOV_/J strategies/J :/: _OOV_/J portfolios/J can/M be/V built/J around/J thousands/J of/I stocks/J ,/, or/C just/R a/D few/J dozen/J ,/, rather/R than/I being/J restricted/J to/T the/D S&P/J 500/C companies/N ./.
They/P can/M ignore/J the/D S&P/J 500/C stocks/J altogether/J and/C focus/J on/I particular/J types/J of/I stocks/J ,/, such/J as/I smaller/J companies/N ,/, those/D paying/J high/J dividends/J or/C companies/N in/I a/D particular/J industry/N ,/, state/J or/C country/J ./.
With/J today/J 's/P _OOV_/J program/J trading/N _OOV_/J ,/, index/J funds/J can/M trade/J back/R and/C forth/J between/I stock-index/J futures/J and/C the/D actual/J stocks/J making/J up/R _OOV_/J such/J as/I the/D S&P/J 500/C ./.
Futures/J and/C options/J also/R make/J it/P possible/J to/T build/J ``/` synthetic/J ''/' index/J funds/J that/I do/V n't/R actually/J own/J a/D single/J share/N of/I stock/N ,/, but/C can/M produce/J returns/J that/I match/J or/C exceed/J the/D broad/J stock/N market/N ./.
One/C reason/J for/I these/D _OOV_/J is/V that/I _OOV_/J 's/P rapid/J growth/J is/V slowing/J ,/, particularly/J for/I those/D ``/` plain/J vanilla/J ''/' funds/J that/I mirror/J the/D 500/C ./.
``/` There/J is/V n't/R a/D _OOV_/J -LCB-/J of/I big/J investors/J -RCB-/J out/R there/E still/R waiting/J to/T get/J into/I _OOV_/J ,/, ''/' says/V P./J James/J _OOV_/J ,/, vice/J president/N of/I _OOV_/J Investment/J Management/J Co./N ,/, Chicago/J ,/, which/W offers/J both/J _OOV_/J and/C active/J management/J services/J ./.
After/J _OOV_/J in/I size/J in/I the/D past/J five/C years/N ,/, index/J funds/J now/R hold/J about/R 20/C %/N of/I the/D stock/N owned/J by/I pension/J funds/J ./.
A/D further/J problem/J is/V _OOV_/J profits/J ./.
_OOV_/J funds/J have/V become/J so/R _OOV_/J that/I fees/J they/P can/M charge/J have/V plunged/J to/T almost/R nothing/J ,/, and/C in/I some/D cases/J are/V just/R that/I ./.
To/J land/J customers/J for/I their/P _OOV_/J stock/N _OOV_/J business/N ,/, big/J banks/J sometimes/J will/M throw/J in/I basic/J _OOV_/J services/J for/I free/J ./.
``/` It/P 's/P like/I getting/J a/D free/J _OOV_/J when/W you/P open/J an/D account/J ,/, ''/' says/V _OOV_/J _OOV_/J 's/P Mr./N _OOV_/J ./.
As/I a/D result/J ,/, _OOV_/J have/V been/V looking/J for/I ways/J to/T give/J investors/J something/J more/J than/I the/D average/J for/I their/P money/J ./.
And/C many/J have/V been/V successful/J ,/, as/I in/I the/D case/J of/I the/D index/J fund/J operated/J by/I _OOV_/J _OOV_/J Capital/J ./.
_OOV_/J Capital/J has/V used/J enhanced/J _OOV_/J _OOV_/J to/T beat/J the/D S&P/J 500/C 's/P returns/J by/I 2.5/C to/T 3/C percentage/J points/J over/I the/D past/J four/C years/N ,/, with/I the/D same/J risk/J level/J as/I holding/J the/D S&P/J 500/C stocks/J ,/, according/J to/T James/J _OOV_/J ,/, the/D firm/J 's/P president/N ./.
_OOV_/J vary/J for/I _OOV_/J Capital/J ,/, which/W has/V $/$ 300/C million/C under/I management/J ./.
The/D firm/J sometimes/J buys/J S&P/J 500/C futures/J when/W they/P are/V selling/J at/I a/D discount/J to/T the/D actual/J stocks/J ,/, and/C will/M switch/J back/R and/C forth/J between/I stocks/J and/C stock-index/J futures/J to/T take/J _OOV_/J of/I any/D _OOV_/J price/J _OOV_/J ./.
Mr./N _OOV_/J also/R goes/J through/I periods/J when/W he/P buys/J stocks/J in/I conjunction/J with/I options/J to/T boost/J returns/J and/C protect/J against/I declines/J ./.
And/C in/I some/D months/N ,/, he/P buys/J stock-index/J futures/J and/C not/R stocks/J at/I all/D ./.
``/` By/J their/P nature/J ,/, our/P trades/J are/V very/R short-term/J and/C are/V going/J to/T create/J high/J turnover/J ,/, ''/' Mr./N _OOV_/J adds/J ./.
``/` The/D more/J turnover/J ,/, the/D better/J for/I our/P clients/J ./. ''/'
Big/J _OOV_/J Bankers/J Trust/J Co./N also/R uses/J futures/J in/I a/D strategy/J that/I on/I average/J has/V added/J one/C percentage/J point/J to/T its/P enhanced/J fund/J 's/P returns/J ./.
J./J Thomas/J _OOV_/J ,/, president/N of/I _OOV_/J Advanced/J Investment/J Management/J Inc./N ,/, agrees/J it/P 's/P a/D good/J idea/J to/T jump/J between/I the/D S&P/J 500/C stocks/J and/C futures/J ./.
``/` You/J 're/J buying/J the/D S&P/J ,/, and/C you/P always/R want/J to/T hold/J the/D _OOV_/J form/J of/I it/P ,/, ''/' he/P says/V ./.
But/C some/D _OOV_/J make/J little/J or/C no/D use/J of/I futures/J ,/, saying/J that/I these/D instruments/J present/J added/J risks/J for/I investors/J ./.
``/` If/I the/D futures/J markets/J have/V a/D problem/J ,/, then/R those/D products/J could/M have/V a/D problem/J ,/, ''/' says/V John/J _OOV_/J ,/, managing/J director/J of/I Prudential/J Insurance/J Co./N of/I America/J 's/P Investment/J Index/J Technologies/J Inc./N unit/J ./.
Prudential/J currently/R is/V seeking/J approval/J to/T offer/J a/D new/J fund/J offering/J a/D return/J equal/J to/T the/D S&P/J 500/C index/J plus/J of/I a/D percentage/J point/J ./.
An/J added/J _OOV_/J is/V that/I the/D _OOV_/J improved/J return/J would/M be/V guaranteed/J by/I Prudential/J ./.
There/J are/V many/J other/J strategies/J to/T bolster/J the/D returns/J of/I index/J funds/J ./.
They/P include/J :/:
_OOV_/J _OOV_/J FUNDS/J :/: These/J guarantee/J protection/J against/I stock/N market/N declines/J while/I still/R passing/J along/J most/J gains/J ./.
Here/J a/D fund/J may/M promise/J to/T pay/J back/R ,/, say/V ,/, $/$ 95/C of/I every/J $/$ 100/C invested/J for/I a/D year/N ,/, even/R if/I the/D market/N goes/J much/J lower/J ./.
The/D fund/J could/M invest/J $/$ 87/J for/I one/C year/N in/I Treasury/J bills/J yielding/J 8/C %/N to/T return/J the/D guaranteed/J $/$ 95/C ./.
That/D leaves/J $/$ 13/C ,/, which/W could/M be/V used/J to/T buy/J S&P/J 500/C options/J that/I will/M nearly/R match/J any/D gain/J in/I the/D S&P/J index/J ./.
_OOV_/J _OOV_/J FUNDS/J :/: _OOV_/J a/D big/J investor/J is/V interested/J in/I growth/J stocks/J ./.
Instead/J of/I hiring/J one/C of/I the/D many/J active/J managers/J specializing/J in/I growth/J stocks/J ,/, _OOV_/J can/M design/J a/D portfolio/J around/J the/D same/J stocks/J ;/: the/D portfolio/J will/M be/V _OOV_/J by/I computer/J ,/, reducing/J both/J fees/J and/C ,/, in/I theory/J ,/, risk/J -LRB-/- because/I of/I the/D large/J number/J of/I stocks/J -RRB-/- ./.
``/` We/P see/J a/D lot/J of/I interest/J in/I those/D kind/J of/I things/J ,/, ''/' says/V Frank/J _OOV_/J ,/, a/D vice/J president/N of/I Bankers/J Trust/J ./.
``/` People/J comfortable/J with/I the/D passive/J approach/J are/V using/J them/P for/I other/J strategies/J ./. ''/'
_OOV_/J FUNDS/J :/: This/D is/V an/D index/J fund/J with/I a/D _OOV_/J ./.
Instead/J of/I _OOV_/J the/D S&P/J 500/C or/C some/D other/J index/J exactly/J ,/, some/D stocks/J are/V _OOV_/J or/C _OOV_/J in/I the/D portfolio/J ./.
One/C simple/J approach/J is/V to/T _OOV_/J S&P/J 500/C companies/N considered/J bankruptcy/J candidates/J ;/: this/D can/M avoid/J weak/J _OOV_/J ,/, but/C also/R can/M hurt/J when/W a/D company/N like/I Chrysler/J Corp./N _OOV_/J ./.
Another/J approach/J :/: An/J investor/J with/I $/$ 100/C million/C might/J use/J $/$ 75/C million/C to/T buy/J the/D S&P/J 500/C index/J and/C spend/J the/D other/J $/$ 25/C million/C on/I a/D favorite/J group/C of/I stocks/J ./.
_OOV_/J FUNDS/J :/: _OOV_/J can/M be/V _OOV_/J to/T serve/J social/J goals/J ,/, such/J as/I eliminating/J the/D stocks/J of/I companies/N doing/J business/N in/I South/J Africa/J ./.
Other/J funds/J have/V been/V designed/J to/T concentrate/J on/I stocks/J in/I a/D _OOV_/J area/J in/I order/J to/T encourage/J local/J investment/J ./.
Pennsylvania/J State/J Employees/J Retirement/J System/J ,/, for/I example/J ,/, has/V about/R $/$ 130/J million/C invested/J in/I a/D fund/J of/I _OOV_/J companies/N that/I are/V either/C Pennsylvania-based/J or/C have/V 25/C %/N of/I their/P work/J forces/J in/I the/D state/J ./.
Short/J interest/J on/I the/D New/N York/N Stock/J Exchange/J declined/J for/I the/D second/J consecutive/J month/J ,/, this/D time/N 4.2/J %/N ,/, while/I the/D American/J Stock/J Exchange/J reported/J its/P third/J consecutive/J record/J month/J of/I short/J interest/J ./.
The/D Big/J Board/J reported/J that/I short/J interest/J dropped/J to/T _OOV_/J shares/N as/I of/I Oct./J 13/C from/I _OOV_/J shares/N in/I mid-September/J ./.
_OOV_/J short/J interest/J climbed/J 3/C %/N to/T _OOV_/J shares/N from/I _OOV_/J shares/N ./.
For/I the/D year-earlier/J month/J ,/, the/D Big/J Board/J reported/J _OOV_/J shares/N ,/, indicating/J a/D 13.5/J %/N _OOV_/J rise/J ,/, while/I the/D _OOV_/J reported/J _OOV_/J shares/N ,/, a/D 48/C %/N _OOV_/J ./.
_OOV_/J short/J interest/J has/V been/V _OOV_/J upward/J since/I _OOV_/J ,/, with/I increases/J in/I each/D month/J since/I then/R except/J at/I _OOV_/J ./.
Traders/J who/W sell/J short/J borrow/J stock/N and/C sell/J it/P ,/, _OOV_/J that/I the/D stock/N 's/P price/J will/M decline/J and/C that/I they/P can/M buy/J the/D shares/N back/R later/R at/I a/D lower/J price/J for/I return/J to/T the/D lender/J ./.
Short/J interest/J is/V the/D number/J of/I shares/N that/I have/V n't/R yet/J been/V purchased/J for/I return/J to/T lenders/J ./.
Although/J a/D substantial/J short/J position/J reflects/J heavy/J speculation/J that/I a/D stock/N 's/P price/J will/M decline/J ,/, some/D investors/J consider/J an/D increase/J in/I short/J interest/J bullish/J because/I the/D borrowed/J shares/N eventually/J must/J be/V bought/J back/R ./.
_OOV_/J in/I short/J interest/J of/I certain/J stocks/J also/R may/M be/V caused/J partly/J by/I _OOV_/J ./.
The/D figures/J occasionally/J include/J _OOV_/J transactions/J in/I restricted/J stock/N ./.
The/D level/J of/I negative/J sentiment/J measured/J by/I the/D Big/J Board/J short/J interest/J ratio/J slipped/J to/T _OOV_/J from/I last/J month/J 's/P _OOV_/J ./.
The/D ratio/J is/V the/D number/J of/I trading/N days/J ,/, at/I the/D exchange/J 's/P average/J trading/N volume/J ,/, that/I would/M be/V required/J to/T convert/J the/D total/J short/J interest/J position/J ./.
Some/D analysts/J suggest/J ,/, however/R ,/, that/I the/D ratio/J has/V weakened/J in/I value/J as/I an/D _OOV_/J because/I options/J and/C other/J products/J can/M be/V used/J to/T _OOV_/J short/J positions/J ./.
_OOV_/J Corp./N led/J the/D Big/J Board/J list/J of/I largest/J short/J volumes/J with/I _OOV_/J shares/N ./.
_OOV_/J has/V proposed/J to/T acquire/J _OOV_/J Corp./N ,/, consisting/J of/I the/D auto/J parts/J division/J and/C some/D debt/J of/I _OOV_/J Corp./N ,/, for/I $/$ _OOV_/J million/C of/I cash/J and/C securities/J ./.
Chemical/J Waste/J Management/J posted/J the/D biggest/J increase/J in/I short/J volume/J on/I the/D New/N York/N exchange/J ,/, up/R _OOV_/J shares/N to/T _OOV_/J ./.
Bristol-Myers/J Squibb/J Co./N ,/, the/D entity/J formed/J from/I the/D recent/J acquisition/J of/I Squibb/J Corp./N by/I Bristol-Myers/J Co./N ,/, _OOV_/J the/D largest/J volume/J decline/J ,/, _OOV_/J shares/N ,/, to/T _OOV_/J ./.
Short/J interest/J in/I International/J Business/J Machines/J Corp./N plunged/J to/T _OOV_/J shares/N from/I _OOV_/J shares/N a/D month/J earlier/R ./.
Also/J closely/J watched/J is/V Exxon/J Corp./N ,/, where/W short/J interest/J slid/J to/T _OOV_/J shares/N from/I _OOV_/J ./.
On/J a/D percentage/J basis/J ,/, Germany/J Fund/J Inc./N led/J the/D gainers/J ,/, _OOV_/J to/T _OOV_/J shares/N from/I three/C shares/N ./.
_OOV_/J _OOV_/J Ltd./J led/J the/D percentage/J _OOV_/J ,/, dropping/J to/T 59/J shares/N from/I _OOV_/J ./.
The/D _OOV_/J short/J interest/J volume/J leader/J again/J was/V Texas/J Air/J Corp./N ,/, rising/J to/T _OOV_/J shares/N from/I _OOV_/J ./.
_OOV_/J _OOV_/J Co./N posted/J the/D largest/J volume/J increase/J ,/, _OOV_/J shares/N ,/, to/T _OOV_/J ./.
The/D company/N is/V under/I an/D investigation/J concerning/J procedures/J to/T gain/J Food/J and/C Drug/J Administration/J approval/J of/I _OOV_/J drugs/J ./.
_OOV_/J has/V denied/J any/D _OOV_/J ./.
The/D largest/J volume/J drop/J --/: down/R _OOV_/J shares/N to/T _OOV_/J --/: came/J in/I shares/N represented/J by/I _OOV_/J Industries/J PLC/J 's/P American/J depositary/J receipts/J ./.
The/D company/N is/V facing/J a/D takeover/J proposal/J from/I the/D financier/J Sir/J James/J _OOV_/J ./.
First/J _OOV_/J Fund/J led/J the/D percentage/J increases/J ,/, rising/J to/T _OOV_/J shares/N from/I _OOV_/J ./.
Nelson/J Holdings/J International/J Ltd./J dropped/J the/D most/J on/I a/D percentage/J basis/J ,/, to/T 1,000/C shares/N from/I _OOV_/J ./.
The/D _OOV_/J tables/J show/J the/D Big/J Board/J and/C _OOV_/J issues/J in/I which/W a/D short/J interest/J position/J of/I at/I least/J 100,000/C shares/N _OOV_/J as/I of/I mid-October/J or/C in/I which/W there/E was/V a/D short/J position/J change/J of/I at/I least/J 50,000/J shares/N since/I mid-September/J ./.
Your/J Oct./J 12/C editorial/J ``/` _OOV_/J ,/, _OOV_/J _OOV_/J ?/J ''/' _OOV_/J states/J that/I I/P was/V critical/J of/I the/D Bush/J administration/J 's/P failure/J to/T have/V any/D plan/J in/I place/J to/T respond/J in/I a/D _OOV_/J fashion/J to/T the/D opportunities/J to/T oust/J Manuel/J Noriega/J presented/J by/I the/D attempted/J military/J coup/J on/I Oct./J 3/C ./.
You/J are/V absolutely/J wrong/J ,/, however/R ,/, in/I _OOV_/J that/I this/D position/J is/V some/D kind/J of/I ``/` _OOV_/J ,/, ''/' something/J newly/J arrived/J at/I as/I a/D result/J of/I reading/J the/D opinion/J polls/J ./.
My/J position/J is/V one/C founded/J on/I both/J the/D facts/J and/C the/D law/J ./.
Although/J you/P may/M have/V forgotten/J ,/, public/J opinion/J about/R Gen./J Noriega/J is/V where/W it/P is/V in/I large/J measure/J because/I of/I my/J investigation/J of/I his/P years/N of/I involvement/J in/I _OOV_/J _OOV_/J -LRB-/- and/C simultaneous/J work/J as/I a/D U.S./N _OOV_/J -RRB-/- ./.
The/D public/J made/J up/R its/P mind/J about/R Gen./J Noriega/J largely/J as/I a/D result/J of/I the/D hearings/J I/P chaired/J in/I the/D _OOV_/J on/I _OOV_/J and/C _OOV_/J of/I the/D Foreign/J _OOV_/J Committee/J on/I Feb./J 8/C ,/, 9/C ,/, 10/C and/C 11/C ,/, 1988/C ,/, and/C again/J on/I April/J 4/C ,/, 1988/C ./.
It/P was/V during/I those/D hearings/J that/I the/D nation/J first/J learned/J the/D _OOV_/J and/C _OOV_/J of/I Gen./J Noriega/J 's/P _OOV_/J ,/, and/C of/I his/P _OOV_/J relationships/J with/I a/D variety/J of/I U.S./N government/J agencies/J ./.
Those/J hearings/J also/R _OOV_/J how/J Gen./J Noriega/J was/V able/J to/T use/J his/P relationships/J with/I these/D agencies/J to/T delay/J U.S./N action/J against/I him/J ,/, and/C to/T exploit/J the/D administration/J 's/P _OOV_/J with/I _OOV_/J the/D _OOV_/J to/T protect/J his/P own/J _OOV_/J ./.
As/I former/J _OOV_/J to/T Costa/J _OOV_/J Francis/J J./J _OOV_/J testified/J before/I the/D _OOV_/J ,/, the/D Reagan/J administration/J knew/J that/I Gen./J Noriega/J was/V involved/J with/I _OOV_/J ,/, but/C made/J a/D decision/J in/I the/D summer/J of/I 1986/C ``/` to/T put/J Gen./J Noriega/J on/I the/D shelf/J until/J _OOV_/J was/V settled/J ./. ''/'
As/I the/D report/J issued/J by/I the/D _OOV_/J concluded/J ,/, ``/` Our/J government/J did/J nothing/J regarding/J Gen./J Noriega/J 's/P drug/J business/N and/C substantial/J criminal/J involvement/J because/I the/D first/J priority/J was/V the/D _OOV_/J war/J ./.
This/D decision/J resulted/J in/I at/I least/J some/D drugs/J entering/J the/D United/J States/J as/I a/D hidden/J cost/J of/I the/D war/J ./. ''/'
Unfortunately/J ,/, this/D problem/J continued/J even/R after/I Gen./J Noriega/J 's/P indictment/J ./.
_OOV_/J 1988/C and/C this/D year/N ,/, I/P and/C others/J in/I Congress/J have/V _OOV_/J the/D U.S./N to/T develop/J a/D plan/J for/I pushing/J this/D ``/` _OOV_/J ''/' out/R of/I Panama/J ./.
_OOV_/J ,/, two/C _OOV_/J in/I a/D row/J have/V been/V unwilling/J and/C unable/J to/T develop/J any/D plan/J ,/, military/J or/C economic/J ,/, for/I supporting/J the/D Panamanian/J people/N in/I their/P attempts/J to/T restore/J democracy/J ./.
Sen./J John/J _OOV_/J -LRB-/- D./J ,/, _OOV_/J ./. -RRB-/-
For/I _OOV_/J ,/, these/D are/V tricky/J ,/, often/R _OOV_/J ,/, times/J ./.
After/J years/N of/I hesitation/J ,/, economic/J and/C political/J reform/J was/V embraced/J at/I the/D end/J of/I 1986/C ,/, but/C _OOV_/J _OOV_/J have/V yet/J to/T be/V _OOV_/J into/I much/J action/J ./.
Vietnam/J is/V finding/J that/I turning/J a/D stagnant/J _OOV_/J order/J into/I a/D dynamic/J free/J market/N does/J n't/R come/J easy/J ./.
Here/J is/V how/J three/C _OOV_/J are/V _OOV_/J with/I change/J :/:
The/D Tire/J King/J
_OOV_/J Van/J _OOV_/J is/V living/J proof/J that/I old/J ways/J die/J hard/J ./.
Mr./N _OOV_/J used/J to/T be/V an/D _OOV_/J in/I _OOV_/J :/: a/D private/J entrepreneur/J ./.
His/J business/N success/J made/J him/J an/D official/J target/J in/I _OOV_/J days/J ./.
Mr./N _OOV_/J ,/, now/R 64/C years/N old/J ,/, _OOV_/J a/D fountain/J _OOV_/J he/P and/C his/P family/J produced/J from/I plastic/J waste/J ./.
Later/J ,/, he/P marketed/J _OOV_/J ./.
Both/J products/J were/V _OOV_/J popular/J ./.
For/I his/P troubles/J ,/, Mr./N _OOV_/J was/V _OOV_/J three/C times/J between/I _OOV_/J and/C 1974/J ./.
Though/J his/P operation/J was/V registered/J and/C used/J only/R scrap/J ,/, he/P was/V accused/J of/I conducting/J illegal/J business/N and/C _OOV_/J illegal/J materials/J ./.
Once/J he/P was/V held/J for/I three/C months/N without/J being/J charged/J ./.
Things/J were/V supposed/J to/T change/J when/W Vietnam/J 's/P economic/J reforms/J _OOV_/J pace/J ,/, and/C for/I _OOV_/J they/P did/J ./.
After/J years/N of/I _OOV_/J ,/, Mr./N _OOV_/J produced/J a/D heavy-duty/J _OOV_/J tire/J that/I _OOV_/J its/P _OOV_/J rival/J ./.
By/J 1982/J ,/, he/P was/V selling/J thousands/J of/I tires/J ./.
_OOV_/J published/J articles/J about/R him/J ,/, and/C he/P was/V _OOV_/J as/I ``/` the/D tire/J king/J ./. ''/'
His/J efforts/J earned/J a/D gold/J _OOV_/J at/I a/D national/J exhibition/J --/: and/C attracted/J renewed/J attention/J from/I local/J authorities/J ./.
District/J police/J in/I 1983/C _OOV_/J on/I his/P suburban/J home/J ,/, which/W he/P and/C his/P large/J family/J used/J as/I both/J residence/J and/C factory/J ,/, and/C _OOV_/J proof/J the/D house/J and/C equipment/J were/V his/P ./.
He/P produced/J it/P ./.
``/` That/D was/V the/D first/J time/N they/P lost/J and/C I/P won/J ,/, ''/' he/P says/V ./.
He/P was/V further/J questioned/J to/T determine/J if/I he/P was/V ``/` a/D real/J working/J man/J or/C an/D _OOV_/J ./. ''/'
_OOV_/J Mr./N _OOV_/J :/: ``/` When/J I/P showed/J it/P was/V from/I my/J own/J brain/J ,/, they/P lost/J for/I the/D second/J time/N ./. ''/'
But/C a/D few/J days/J later/R the/D police/J accused/J him/J of/I _OOV_/J electricity/J ,/, acquiring/J _OOV_/J without/J permission/J and/C buying/J stolen/J property/J ./.
_OOV_/J he/P was/V to/T be/V _OOV_/J again/J ,/, he/P _OOV_/J to/T the/D countryside/J ./.
His/J family/J was/V given/J three/C hours/J to/T leave/J before/I the/D house/J and/C _OOV_/J were/V _OOV_/J ./.
With/J only/R the/D _OOV_/J they/P were/V wearing/J ,/, family/J members/J moved/J to/T a/D home/J owned/J by/I one/C of/I Mr./N _OOV_/J 's/P sons/J ./.
After/J six/C months/N on/I the/D run/J ,/, Mr./N _OOV_/J learned/J the/D order/J for/I his/P arrest/J had/V been/V canceled/J ./.
He/P _OOV_/J his/P family/J in/I January/J 1984/J and/C began/J the/D long/J struggle/J for/I justice/J ,/, pressing/J everyone/J from/I _OOV_/J municipal/J officials/J to/T National/J _OOV_/J _OOV_/J for/I _OOV_/J of/I his/P rights/J ./.
He/P and/C his/P family/J kept/J _OOV_/J by/I _OOV_/J _OOV_/J ,/, selling/J fruit/J and/C doing/J odd/J jobs/J ./.
Mr./N _OOV_/J achieved/J a/D _OOV_/J in/I 1987/C --/: and/C became/J a/D minor/J _OOV_/J again/J --/: when/W his/P story/J was/V published/J in/I a/D weekly/J newspaper/J ./.
In/I 1988/C ,/, 18/C months/N after/I the/D sixth/J _OOV_/J formally/J endorsed/J family-run/J private/J enterprise/J ,/, district/J authorities/J allowed/J Mr./N _OOV_/J to/T resume/J work/J ./.
By/J late/J last/J year/N he/P was/V invited/J back/R as/I ``/` the/D tire/J king/J ''/' to/T _OOV_/J his/P products/J at/I a/D national/J exhibition/J ./.
National/J leaders/J stopped/J by/I his/P stand/J to/T _OOV_/J his/P achievements/J ./.
Mr./N _OOV_/J now/R produces/J 1,000/C _OOV_/J and/C _OOV_/J tires/J a/D month/J and/C 1,000/C _OOV_/J of/I _OOV_/J _OOV_/J in/I the/D son/J 's/P small/J house/J ./.
_OOV_/J people/N pack/J the/D house/J 's/P two/C rooms/J --/: the/D _OOV_/J ,/, four/C of/I their/P 10/C children/J with/I _OOV_/J ,/, and/C eight/C of/I 22/C grandchildren/J ./.
Most/J sleep/J on/I the/D floor/J ./.
_OOV_/J _OOV_/J ,/, eight/C family/J members/J and/C two/C other/J workers/J _OOV_/J a/D sheet/J of/I raw/J _OOV_/J that/I _OOV_/J the/D floor/J of/I the/D house/J and/C _OOV_/J out/R onto/J the/D street/J ./.
The/D primitive/J operations/J also/R _OOV_/J out/R the/D back/R door/J into/I a/D small/J _OOV_/J ,/, where/W an/D ancient/J press/J _OOV_/J _OOV_/J solution/J into/I a/D flat/J strip/J and/C newly/J made/J tires/J are/V cooled/J in/I a/D _OOV_/J filled/J with/I water/J ./.
Mr./N _OOV_/J talks/J _OOV_/J of/I expanding/J ,/, maybe/J even/R moving/J into/I the/D _OOV_/J field/J ./.
First/J ,/, however/R ,/, he/P has/V _OOV_/J business/N ./.
When/J district/J authorities/J allowed/J him/J to/T resume/J manufacturing/J ,/, they/P released/J only/R one/C of/I his/P machines/J ./.
They/P did/J n't/R return/J the/D _OOV_/J stocks/J that/I represent/J his/P capital/J ./.
_OOV_/J did/J they/P return/J his/P house/J and/C _OOV_/J ,/, which/W he/P values/J at/I about/R $/$ _OOV_/J ./.
He/P wants/J to/T _OOV_/J more/J than/I just/R his/P property/J ,/, though/J ./.
``/` I/P want/J my/J dignity/J back/R ,/, ''/' he/P says/V ./.
_OOV_/J _OOV_/J seemed/J an/D obvious/J choice/J when/W the/D _OOV_/J _OOV_/J Association/J was/V looking/J for/I a/D new/J editor/J to/T reform/J its/P weekly/J newspaper/J ,/, Van/J _OOV_/J ./.
After/J the/D sixth/J _OOV_/J ,/, journalists/J _OOV_/J the/D opportunity/J provided/J by/I the/D _OOV_/J to/T probe/J previously/J _OOV_/J subjects/J ./.
Mr./N _OOV_/J ,/, 57/C years/N old/J ,/, had/V solid/J _OOV_/J credentials/J :/: He/P had/V lost/J his/P official/J position/J in/I the/D association/J in/I he/P early/J 1980s/J because/I he/P questioned/J the/D intrusion/J of/I politics/J into/I literature/J ./.
_OOV_/J editor/J in/I chief/J in/I July/J 1987/C ,/, Mr./N _OOV_/J rapidly/J turned/J the/D _OOV_/J Van/J _OOV_/J into/I Vietnam/J 's/P _OOV_/J paper/J ./.
_OOV_/J soared/J as/I the/D weekly/J went/J way/J beyond/J standard/J literary/J themes/J to/T cover/J _OOV_/J society/J and/C its/P _OOV_/J ./.
_OOV_/J were/V _OOV_/J by/I the/D paper/J 's/P _OOV_/J and/C _OOV_/J by/I the/D dark/J side/J of/I life/J it/P uncovered/J ./.
One/C article/J _OOV_/J a/D decade-long/J struggle/J by/I a/D _OOV_/J _OOV_/J to/T prove/J ,/, officially/J ,/, he/P was/V alive/J ./.
Another/J described/J how/J _OOV_/J officials/J in/I _OOV_/J _OOV_/J _OOV_/J one/C night/J _OOV_/J through/I _OOV_/J and/C _OOV_/J rice/J from/I _OOV_/J _OOV_/J ./.
The/D newspaper/J also/R ran/J a/D series/J of/I controversial/J short/J stories/J by/I _OOV_/J _OOV_/J _OOV_/J ,/, a/D former/J history/J teacher/J ,/, who/W _OOV_/J debate/J over/I his/P interpretation/J of/I _OOV_/J culture/J and/C took/J a/D _OOV_/J _OOV_/J swipe/J at/I writers/J who/W had/V _OOV_/J his/P _OOV_/J into/I their/P official/J association/J ./.
Van/J _OOV_/J quickly/J made/J influential/J _OOV_/J ./.
``/` Those/J who/W manage/J _OOV_/J and/C a/D large/J number/J of/I writers/J reacted/J badly/J ''/' to/T the/D _OOV_/J paper/J ,/, says/V _OOV_/J _OOV_/J An/J ,/, a/D literary/J critic/J ./.
After/J months/N of/I internal/J _OOV_/J ,/, Mr./N _OOV_/J was/V fired/J last/J December/J ./.
His/J _OOV_/J triggered/J a/D furor/J among/I intellectuals/J that/I continues/J today/J ./.
``/` Under/J Mr./N _OOV_/J ,/, Van/J _OOV_/J protected/J the/D people/N instead/J of/I the/D government/J ,/, ''/' says/V _OOV_/J _OOV_/J ,/, a/D _OOV_/J who/W is/V the/D paper/J 's/P bureau/J chief/J for/I southern/J Vietnam/J ./.
``/` The/D paper/J reflected/J the/D truth/J ./.
For/I the/D leadership/J ,/, that/I was/V too/R painful/J to/T bear/J ./. ''/'
The/D `/J _OOV_/J '/P
_OOV_/J _OOV_/J _OOV_/J is/V Vietnam/J 's/P entrepreneur/J of/I the/D 1980s/J ./.
Her/J challenge/J is/V to/T keep/J her/P fledgling/J empire/J on/I top/J in/I the/D 1990s/J ./.
Mrs./J _OOV_/J did/J n't/R wait/J for/I the/D reforms/J to/T get/J her/P start/J ./.
She/J charged/J ahead/R of/I the/D government/J and/C the/D law/J to/T establish/J _OOV_/J City/J Food/J Co./N as/I the/D biggest/J rice/J dealer/J in/I the/D country/J ./.
Her/J success/J ,/, which/W included/J alleviating/J an/D urban/J food/J shortage/J in/I the/D early/J 1980s/J ,/, helped/J persuade/J _OOV_/J to/T take/J the/D reform/J path/J ./.
Her/J story/J is/V becoming/J part/J of/I local/J folklore/J ./.
A/D lifelong/J _OOV_/J with/I little/J education/J who/W fought/J both/J the/D French/J and/C the/D _OOV_/J _OOV_/J _OOV_/J ,/, she/P switched/J _OOV_/J to/T commerce/J after/I the/D war/J ./.
Her/J _OOV_/J were/V _OOV_/J ,/, despite/J her/P background/J ./.
As/I she/P _OOV_/J over/I regulations/J ,/, only/R her/P friendship/J with/I party/J leaders/J ,/, including/J _OOV_/J Van/J _OOV_/J ,/, then/R Ho/J Chi/J Minh/J City/J party/J secretary/J ,/, kept/J her/P out/R of/I jail/J ./.
Following/J Mr./N _OOV_/J 's/P appointment/J as/I _OOV_/J of/I the/D party/J at/I the/D sixth/J _OOV_/J ,/, Mrs./J _OOV_/J has/V become/J the/D darling/J of/I ``/` _OOV_/J _OOV_/J ''/' ,/, the/D _OOV_/J version/J of/I perestroika/J ./.
The/D authorities/J have/V _OOV_/J foreign/J reporters/J to/T her/P office/J to/T see/J an/D example/J of/I ``/` the/D new/J way/J of/I thinking/J ./. ''/'
Foreign/J publications/J have/V responded/J with/I articles/J _OOV_/J her/P Vietnam/J 's/P richest/J woman/J ./.
``/` Some/D people/N call/J me/J the/D communist/J _OOV_/J ,/, ''/' she/P has/V told/J visitors/J ./.
Actually/J ,/, 67-year-old/J Mrs./J _OOV_/J is/V about/R as/I poor/J as/I almost/R everyone/J else/J in/I this/D _OOV_/J land/J ./.
She/J has/V indeed/J turned/J _OOV_/J City/J Food/J into/I a/D budding/J conglomerate/J ,/, but/C the/D company/N itself/J remains/J state-owned/J ./.
She/J manages/J it/P with/I the/D title/J of/I _OOV_/J ./.
The/D heart/J of/I the/D business/N is/V the/D purchase/J of/I rice/J and/C other/J commodities/J ,/, such/J as/I corn/J and/C coffee/J ,/, from/I _OOV_/J in/I the/D south/J ,/, paying/J with/I _OOV_/J ,/, farm/J tools/J and/C other/J items/J ./.
Last/J year/N ,/, _OOV_/J City/J Food/J says/V it/P bought/J two/C million/C metric/J tons/J of/I _OOV_/J rice/J ,/, more/J than/I 10/C %/N of/I the/D country/J 's/P output/J ./.
The/D company/N operates/J a/D fleet/J of/I trucks/J and/C boats/J to/T transport/J the/D commodities/J to/T its/P warehouses/J ./.
A/D subsidiary/J company/N processes/J commodities/J into/I _OOV_/J such/J as/I _OOV_/J _OOV_/J that/I are/V sold/J with/I the/D rice/J through/I a/D vast/J retail/J network/J ./.
In/I recent/J years/N ,/, Mrs./J _OOV_/J has/V started/J to/T diversify/J the/D company/N ,/, taking/J a/D 20/C %/N stake/J in/I newly/J established/J ,/, partly/J private/J Industrial/J and/C Commercial/J Bank/J ,/, and/C setting/J up/R _OOV_/J _OOV_/J ,/, which/W owns/J and/C operates/J Vietnam/J 's/P first/J oil/J refinery/J ./.
Mrs./J _OOV_/J says/V _OOV_/J City/J Food/J last/J year/N increased/J pretax/J profit/J 60/C %/N to/T the/D equivalent/J of/I about/R $/$ 2.7/J million/C on/I sales/N of/I $/$ 150/C million/C ./.
She/J expects/J both/J revenue/J and/C profit/J to/T gain/J this/D year/N ./.
She/J is/V almost/R _OOV_/J about/R the/D possibility/J Vietnam/J 's/P reforms/J will/M create/J rivals/J on/I her/P home/J _OOV_/J ./.
``/` I/P do/V n't/R mind/J the/D competition/J inside/J the/D country/J ,/, ''/' she/P says/V ./.
``/` I/P am/J only/R afraid/J that/I with/I Vietnam/J 's/P _OOV_/J products/J we/P ca/J n't/R compete/J with/I _OOV_/J countries/J ./.
The/D earthquake/J that/I hit/J the/D San/J Francisco/J Bay/J area/J is/V n't/R likely/J to/T result/J in/I wholesale/J _OOV_/J of/I bond/J ratings/J ,/, officials/J at/I the/D two/C major/J rating/J agencies/J said/V ./.
Standard/J &/C Poor/J 's/P Corp./N is/V reviewing/J debt/J issued/J by/I 12/C California/J _OOV_/J ,/, and/C ``/` there/E are/V potential/J _OOV_/J problems/J ,/, ''/' said/V _OOV_/J _OOV_/J ,/, a/D managing/J director/J ./.
The/D agency/J is/V preparing/J a/D report/J ,/, to/T be/V issued/J today/J ,/, on/I the/D earthquake/J 's/P impact/J on/I the/D and/C _OOV_/J industry/N ./.
The/D only/R securities/J so/R far/R to/T be/V singled/J out/R are/V those/D issued/J by/I Bay/J View/J Federal/J Savings/J &/C Loan/J ./.
Moody/J 's/P Investors/J Service/J Inc./N said/V it/P is/V reviewing/J ,/, with/I an/D eye/J toward/J a/D possible/J _OOV_/J ,/, the/D ratings/J on/I Bay/J View/J Federal/J bonds/J ,/, long-term/J deposits/J and/C the/D _OOV_/J rating/J of/I its/P parent/J company/N ,/, Bay/J View/J Capital/J Corp/J ./.
As/I for/I property/J and/C casualty/J insurers/J ,/, Moody/J 's/P said/V ``/` preliminary/J estimates/J suggest/J that/I losses/J should/M not/R have/V a/D significant/J impact/J on/I most/J insurers/J '/P financial/J condition/J ,/, ''/' but/C it/P ``/` raises/J concerns/J about/R potentially/J substantial/J risks/J ''/' longer-term/J ./.
``/` _OOV_/J from/I the/D earthquake/J are/V expected/J to/T be/V of/I similar/J magnitude/J to/T those/D of/I Hurricane/J Hugo/J ,/, ''/' according/J to/T Moody/J 's/P ./.
Your/J Oct./J 5/C editorial/J ``/` A/D Democratic/J _OOV_/J _OOV_/J ''/' _OOV_/J an/D error/J ./.
In/I the/D third/J paragraph/J it/P referred/J to/T the/D senators/J seeking/J _OOV_/J _OOV_/J from/I lobbyists/J for/I various/J sectors/J of/I the/D economy/J ./.
Among/J them/P ,/, ``/` _OOV_/J _OOV_/J ./. ''/'
The/D only/R significant/J commercial/J _OOV_/J _OOV_/J in/I the/D U.S./N are/V in/I Hawaii/J ./.
The/D Hawaii/J _OOV_/J Industry/J Association/J ,/, to/T which/W nearly/R all/D of/I them/P _OOV_/J ,/, has/V no/D lobbyist/J ./.
Thomas/J _OOV_/J Reese/J _OOV_/J ./.
_OOV_/J _OOV_/J Co/J ./.
Western/J Digital/J Corp./N reported/J a/D net/J loss/J of/I $/$ 2.7/J million/C ,/, or/C nine/C cents/N a/D share/N ,/, for/I its/P first/J quarter/J ended/J Sept./J 30/C ,/, citing/J factors/J as/I _OOV_/J as/I _OOV_/J damage/J ,/, an/D advance/J in/I graphics/J technology/J and/C the/D _OOV_/J dollar/J ./.
In/I the/D year-ago/J period/J ,/, the/D company/N earned/J $/$ 12.9/J million/C ,/, or/C 45/C cents/N a/D share/N ,/, on/I sales/N of/I $/$ 247/J million/C ./.
Sales/J for/I the/D _OOV_/J period/J fell/J to/T about/R $/$ 225/J million/C ,/, the/D maker/J of/I computer/J parts/J said/V ./.
_OOV_/J ,/, Chairman/J _OOV_/J W./J Johnson/J said/V he/P expects/J the/D company/N to/T be/V profitable/J in/I the/D current/J quarter/J ./.
``/` We/P are/V _OOV_/J to/T come/J through/I ,/, ''/' he/P said/V ,/, noting/J that/I the/D company/N 's/P _OOV_/J was/V up/R from/I the/D previous/J quarter/J ./.
In/I its/P second/J quarter/J last/J year/N ,/, Western/J Digital/J earned/J $/$ _OOV_/J million/C ,/, or/C 44/C cents/N a/D share/N ,/, on/I sales/N of/I $/$ _OOV_/J million/C ./.
Mr./N Johnson/J said/V Western/J Digital/J 's/P plant/J in/I Puerto/J Rico/J was/V affected/J by/I Hurricane/J Hugo/J ,/, losing/J three/C days/J '/P production/J because/I of/I the/D storm/J ,/, which/W wrecked/J much/J of/I the/D Caribbean/J island/J 's/P infrastructure/J ./.
Although/J the/D plant/J itself/J was/V n't/R damaged/J ,/, Mr./N Johnson/J said/V millions/J of/I dollars/J in/I first-quarter/J revenue/J were/V lost/J ./.
The/D revenue/J will/M be/V _OOV_/J in/I the/D current/J period/J ,/, he/P added/J ./.
There/J are/V no/D plans/J to/T _OOV_/J a/D common/J stock/N dividend/J ,/, Mr./N Johnson/J said/V ,/, explaining/J that/I the/D board/J continues/J to/T believe/J shareholders/J are/V best/J served/J by/I _OOV_/J excess/J cash/J ./.
Mr./N Johnson/J said/V the/D first-quarter/J loss/J also/R heavily/J reflected/J a/D rapid/J change/J in/I graphics/J technology/J that/I left/J reseller/J _OOV_/J with/I too/R many/J of/I the/D old/J computer/J graphics/J boards/J and/C too/R few/J new/J _OOV_/J _OOV_/J with/I the/D new/J graphics/J boards/J ./.
Western/J Digital/J does/J n't/R make/J the/D _OOV_/J ./.
An/J accelerating/J move/J by/I personal/J computer/J manufacturers/J '/P to/T include/J advanced/J graphics/J _OOV_/J as/I standard/J equipment/J further/J _OOV_/J reseller/J purchases/J of/I Western/J Digital/J 's/P equipment/J ./.
``/` The/D other/J areas/J of/I the/D business/N --/: storage/J and/C _OOV_/J --/: were/V very/R good/J ,/, ''/' Mr./N Johnson/J said/V ./.
He/P said/V Western/J Digital/J has/V reacted/J _OOV_/J to/T the/D movement/J to/T video/J graphics/J array/J ,/, _OOV_/J ,/, graphics/J technology/J from/I the/D old/J enhanced/J graphics/J _OOV_/J ,/, _OOV_/J ,/, which/W has/V a/D lower/J resolution/J standard/J ,/, technology/J and/C now/R is/V one/C of/I the/D leading/J producers/J of/I these/D newer/J units/J ./.
Other/J makers/J of/I video/J _OOV_/J equipment/J also/R were/V caught/J in/I the/D _OOV_/J shift/J ,/, he/P said/V ,/, ``/` but/C we/P were/V able/J to/T respond/J much/J more/J quickly/J ./. ''/'
Still/J ,/, Mr./N Johnson/J said/V ,/, ``/` our/P stock/N is/V _OOV_/J _OOV_/J ./. ''/'
He/P said/V the/D company/N has/V cut/J operating/J expenses/J by/I about/R 10/C %/N over/I the/D last/J few/J quarters/J ,/, while/I maintaining/J research/J and/C development/J at/I about/R 8/C %/N to/T 9/C %/N of/I sales/N ./.
As/I part/J of/I its/P reorganization/J this/D week/J ,/, Western/J Digital/J has/V divided/J its/P business/N into/I two/C segments/J --/: storage/J products/J ,/, including/J _OOV_/J and/C _OOV_/J drives/J ;/: and/C _OOV_/J products/J ,/, which/W include/J graphics/J ,/, communications/J and/C _OOV_/J control/J chips/J ./.
Graphics/J ,/, communications/J and/C _OOV_/J control/J chips/J were/V combined/J because/I ,/, increasingly/J ,/, multiple/J functions/J are/V being/J governed/J by/I a/D single/J chip/J ./.
_OOV_/J ,/, which/W includes/J computer/J _OOV_/J and/C _OOV_/J _OOV_/J drives/J ,/, represents/J nearly/R two-thirds/J of/I the/D company/N 's/P business/N ./.
_OOV_/J drives/J ,/, which/W allow/J a/D computer/J to/T access/J its/P memory/J ,/, generated/J 38/C %/N more/J revenue/J in/I the/D most/J recent/J period/J compared/J with/I the/D fiscal/J first/J quarter/J a/D year/N earlier/R ./.
Computer/J parts/J are/V getting/J ever/R smaller/J ,/, Mr./N Johnson/J said/V ,/, a/D shrinking/J that/I has/V _OOV_/J _OOV_/J into/I position/J as/I the/D _OOV_/J segment/J of/I the/D computer/J business/N ./.
As/I smaller/J and/C more/J powerful/J computers/J continue/J to/T be/V the/D focus/J of/I the/D industry/N ,/, he/P said/V ,/, Western/J Digital/J is/V _OOV_/J development/J of/I laptop/J parts/J ./.
_OOV_/J year/N Western/J Digital/J plans/J to/T _OOV_/J its/P operations/J from/I 11/C buildings/J in/I _OOV_/J into/I two/C buildings/J in/I the/D same/J _OOV_/J new/J headquarters/J and/C ,/, a/D block/J away/R ,/, a/D modern/J $/$ 100/C million/C silicon/J _OOV_/J _OOV_/J plant/J ./.
The/D plan/J will/M help/J the/D company/N in/I its/P existing/J joint/J manufacturing/J agreement/J with/I AT&T/J ./.
About/J half/J of/I Western/J Digital/J 's/P business/N is/V overseas/J ,/, and/C Mr./N Johnson/J expects/J that/I proportion/J to/T continue/J ./.
_OOV_/J to/T _OOV_/J many/J of/I the/D trade/J barriers/J within/J Europe/J in/I 1992/C creates/J significant/J opportunities/J for/I the/D company/N ,/, he/P said/V ,/, particularly/J since/I Western/J Digital/J already/R manufactures/J there/E ./.
Capitalizing/J on/I that/I presence/J ,/, Western/J Digital/J is/V launching/J a/D major/J effort/J to/T develop/J the/D _OOV_/J reseller/J market/N in/I Europe/J ./.
_OOV_/J of/I state-owned/J Banca/J _OOV_/J del/J _OOV_/J approved/J a/D _OOV_/J _OOV_/J transaction/J and/C a/D change/J in/I the/D bank/J 's/P rules/J that/I will/M help/J it/P operate/J more/J like/I a/D private-sector/J institution/J ./.
Until/J now/R ,/, _OOV_/J 's/P top/J managers/J and/C its/P directors/J have/V been/V appointed/J by/I a/D Treasury/J decree/J ./.
But/C under/I the/D bank/J 's/P proposed/J _OOV_/J ,/, an/D assembly/J of/I shareholders/J must/J approve/J board/J members/J ./.
The/D bank/J 's/P chairman/J and/C director/J general/J ,/, who/W also/R sit/J on/I the/D board/J ,/, still/R would/M be/V appointed/J by/I the/D Treasury/J ./.
_OOV_/J ,/, which/W is/V controlled/J by/I the/D Italian/J Treasury/J ,/, was/V _OOV_/J by/I the/D disclosure/J last/J month/J that/I its/P Atlanta/J branch/J extended/J more/J than/I $/$ 3/C billion/C in/I unauthorized/J credits/J to/T _OOV_/J ./.
The/D _OOV_/J scandal/J ,/, in/I which/W the/D bank/J 's/P management/J resigned/J ,/, has/V helped/J _OOV_/J calls/J for/I _OOV_/J ,/, or/C at/I least/J an/D overhaul/J ,/, of/I Italy/J 's/P banking/J system/J ,/, which/W is/V about/R 80/C %/N _OOV_/J ./.
In/I a/D related/J move/J ,/, the/D bank/J also/R proposed/J that/I board/J representation/J be/V linked/J more/J closely/J to/T the/D bank/J 's/P new/J shareholding/J structure/J ./.
_OOV_/J called/J a/D shareholders/J '/P assembly/J meeting/J in/I December/J to/T vote/J on/I the/D proposals/J ./.
_OOV_/J has/V about/R 75,000/J _OOV_/J shares/N that/I are/V listed/J on/I the/D Milan/J Stock/J Exchange/J ./.
The/D shares/N were/V suspended/J from/I trading/N following/J disclosure/J of/I the/D Atlanta/J scandal/J ;/: _OOV_/J ,/, the/D stock/N exchange/J regulatory/J body/J ,/, reportedly/J will/M decide/J soon/R whether/I to/T end/J the/D trading/N _OOV_/J ./.
Switzerland/J 's/P wholesale/J price/J index/J increased/J 0.3/J %/N in/I September/J from/I August/J ,/, and/C was/V up/R 3.9/C %/N from/I a/D year/N ago/R ,/, _OOV_/J the/D first/J time/N this/D year/N that/I the/D index/J has/V fallen/J below/J 4/C %/N on/I a/D _OOV_/J basis/J ,/, the/D government/J reported/J ./.
The/D government/J attributed/J the/D 0.3/J %/N _OOV_/J rise/J in/I the/D index/J largely/J to/T higher/J energy/J prices/J ./.
In/I August/J ,/, the/D index/J was/V up/R 0.2/J %/N from/I the/D previous/J month/J ,/, and/C was/V up/R 4.5/J %/N on/I a/D _OOV_/J basis/J ./.
The/D wholesale/J price/J index/J ,/, based/J on/I 1963/J as/I 100/C ,/, was/V _OOV_/J in/I September/J ./.
American/J Express/J Co./N posted/J a/D 21/C %/N increase/J in/I third/J quarter/J net/J income/J despite/J a/D sharp/J rise/J in/I reserves/J for/I Third/J World/J loans/J at/I its/P banking/J unit/J ./.
Aided/J by/I a/D sharp/J gain/J in/I its/P travel/J business/N ,/, American/J Express/J said/V net/J rose/V to/T $/$ _OOV_/J million/C ,/, or/C 77/J cents/N a/D share/N ,/, from/I $/$ _OOV_/J million/C ,/, or/C 64/C cents/N a/D share/N ./.
The/D year-earlier/J figures/J included/J $/$ _OOV_/J million/C ,/, or/C three/C cents/N a/D share/N ,/, in/I income/J from/I discontinued/J operations/J ./.
Income/J from/I continuing/J operations/J was/V up/R 26/C %/N ./.
Revenue/J rose/V 24/C %/N to/T $/$ 6.5/J billion/C from/I $/$ _OOV_/J billion/C ./.
The/D travel/J ,/, investment/J services/J ,/, insurance/J and/C banking/J concern/J added/J $/$ 110/J million/C to/T reserves/J for/I credit/J losses/J at/I its/P American/J Express/J Bank/J unit/J ,/, _OOV_/J the/D reserve/J to/T $/$ _OOV_/J million/C as/I of/I Sept./J 30/C ./.
The/D bank/J 's/P Third/J World/J debt/J portfolio/J _OOV_/J $/$ _OOV_/J million/C ,/, down/R from/I $/$ 2.2/C billion/C at/I the/D end/J of/I 1986/C ./.
The/D bank/J charged/J off/R $/$ 53/J million/C in/I loans/J during/I the/D quarter/J ./.
At/I the/D American/J Express/J Travel/J _OOV_/J Services/J Co./N unit/J ,/, net/J rose/V 17/C %/N to/T a/D record/J $/$ _OOV_/J million/C on/I a/D 19/C %/N revenue/J increase/J ./.
The/D figures/J _OOV_/J businesses/J now/R organized/J as/I American/J Express/J Information/J Services/J Co/J ./.
American/J Express/J card/J charge/J volume/J rose/V 12/C %/N ./.
Travel/J sales/N rose/V 11/C %/N ,/, led/J by/I gains/J in/I the/D U.S/J ./.
At/I _OOV_/J Financial/J Services/J ,/, the/D financial/J planning/J and/C mutual/J fund/J unit/J ,/, net/J rose/V 19/C %/N to/T a/D record/J $/$ _OOV_/J million/C on/I a/D 33/C %/N revenue/J gain/J ./.
_OOV_/J owned/J or/C managed/J rose/V 20/C %/N to/T $/$ 45/C billion/C ,/, and/C mutual/J fund/J sales/N rose/V 45/C %/N in/I the/D quarter/J to/T $/$ _OOV_/J million/C ./.
American/J Express/J Bank/J earnings/N fell/J 50/C %/N to/T $/$ _OOV_/J million/C from/I $/$ _OOV_/J million/C despite/J a/D 29/C %/N revenue/J gain/J ./.
The/D results/J include/J $/$ 106/J million/C of/I tax/J benefits/J associated/J with/I previous/J years/N '/P Third/J World/J loan/J activity/J ,/, compared/J with/I $/$ 15/C million/C a/D year/N earlier/R ./.
Profit/J rose/V 38/C %/N at/I American/J Express/J Information/J Services/J to/T $/$ _OOV_/J million/C ./.
Shearson/J Lehman/J Hutton/J Holdings/J Inc./N ,/, as/I previously/J reported/J ,/, had/V net/J of/I $/$ _OOV_/J million/C ,/, _OOV_/J a/D $/$ 3.5/J million/C loss/J a/D year/N earlier/R ;/: its/P latest/J results/J include/J a/D $/$ 37/C million/C gain/J from/I the/D sale/J of/I an/D institutional/J money/J management/J business/N ./.
American/J Express/J 's/P share/N of/I Shearson/J 's/P earnings/N was/V $/$ 41/C million/C ,/, after/I preferred/J stock/N dividends/J ;/: it/P owns/J about/R 68/J %/N of/I Shearson/J 's/P common/J ./.
For/I the/D nine/C months/N ,/, American/J Express/J said/V net/J rose/V 11/C %/N to/T $/$ _OOV_/J million/C ,/, or/C $/$ _OOV_/J a/D share/N ,/, from/I $/$ _OOV_/J million/C ,/, or/C $/$ _OOV_/J a/D share/N ./.
Revenue/J rose/V 24/C %/N to/T $/$ _OOV_/J billion/C from/I $/$ _OOV_/J billion/C ./.
_OOV_/J Inc./N ,/, hampered/J by/I a/D slowdown/J in/I its/P defense/J sales/N ,/, reported/J an/D 8/C %/N decline/J in/I per-share/J earnings/N on/I nearly/R flat/J revenue/J for/I its/P third/J quarter/J ./.
The/D aerospace/J and/C financial/J services/J concern/J said/V net/J income/J fell/J 5/C %/N to/T $/$ _OOV_/J million/C from/I $/$ 62.8/J million/C ./.
Revenue/J of/I $/$ _OOV_/J billion/C was/V almost/R unchanged/J from/I last/J year/N 's/P $/$ _OOV_/J billion/C ./.
Per-share/J net/J of/I 66/C cents/N ,/, down/R from/I 72/J cents/N ,/, fell/J by/I more/J than/I overall/J net/J because/I of/I more/J shares/N outstanding/J ./.
The/D company/N said/V that/I improved/J results/J in/I its/P financial-services/J sector/J were/V _OOV_/J by/I increased/J costs/J in/I its/P government/J contract/J business/N ,/, lower/J operating/J earnings/N in/I its/P _OOV_/J sector/J and/C soft/J automotive/J markets/J ./.
Net/J was/V aided/J by/I a/D lower/J income/J tax/J rate/J ./.
Profit/J before/I taxes/J fell/J 17/C %/N to/T $/$ _OOV_/J million/C from/I $/$ _OOV_/J million/C ./.
For/I the/D nine/C months/N ,/, _OOV_/J reported/J net/J of/I $/$ _OOV_/J million/C ,/, or/C $/$ 2.06/J a/D share/N ,/, on/I revenue/J of/I $/$ _OOV_/J billion/C ./.
A/D year/N ago/R ,/, net/J was/V $/$ _OOV_/J million/C ,/, or/C $/$ _OOV_/J a/D share/N ,/, on/I revenue/J of/I $/$ 5.3/J billion/C ./.
The/D _OOV_/J results/J included/J a/D $/$ 9.5/J million/C special/J charge/J in/I 1989/C for/I an/D _OOV_/J settlement/J related/J to/T past/J export/J sales/N ,/, and/C $/$ _OOV_/J million/C in/I extraordinary/J charges/J in/I 1988/C related/J to/T a/D former/J line/J of/I business/N and/C early/J redemption/J of/I debt/J ./.
_OOV_/J said/V that/I _OOV_/J '/P results/J do/V n't/R include/J earnings/N of/I _OOV_/J PLC/J ,/, a/D British/J maker/J of/I industrial/J _OOV_/J ,/, but/C do/V include/J interest/J costs/J of/I $/$ _OOV_/J million/C on/I borrowings/J related/J to/T the/D proposed/J purchase/J of/I _OOV_/J ./.
A/D federal/J judge/J has/V issued/J a/D preliminary/J _OOV_/J against/I the/D purchase/J because/I of/I Federal/J Trade/J Commission/J concerns/J that/I the/D transaction/J would/M reduce/J competition/J in/I the/D production/J of/I two/C kinds/J of/I _OOV_/J ./.
For/I the/D quarter/J ,/, _OOV_/J said/V aerospace/J revenue/J ,/, including/J _OOV_/J _OOV_/J and/C _OOV_/J _OOV_/J ,/, declined/J _OOV_/J %/N to/T $/$ _OOV_/J million/C from/I $/$ _OOV_/J million/C ,/, an/D indication/J of/I slowing/J government/J defense/J work/J ./.
As/I the/D _OOV_/J brothers/J '/P personal/J bankruptcy/J cases/J _OOV_/J into/I their/P second/J year/N ,/, _OOV_/J S.A./J has/V proposed/J a/D deal/J to/T settle/J its/P huge/J claim/J against/I the/D troubled/J Texas/J oil/J men/J ./.
But/C the/D plan/J only/R threatens/J to/T _OOV_/J the/D tension/J and/C _OOV_/J already/R _OOV_/J the/D cases/J that/I were/V filed/J in/I September/J 1988/C ./.
The/D _OOV_/J _OOV_/J concern/J 's/P $/$ _OOV_/J million/C claim/J stems/J from/I 1988/C jury/J award/J in/I a/D case/J stemming/J from/I the/D brothers/J '/P alleged/J attempts/J to/T _OOV_/J the/D _OOV_/J silver/J market/N ./.
_OOV_/J now/R says/V it/P is/V willing/J to/T settle/J for/I up/R to/T $/$ _OOV_/J million/C from/I each/D _OOV_/J ,/, although/J the/D actual/J amount/J would/M probably/R be/V much/J less/J ./.
Although/J the/D proposal/J must/J be/V approved/J by/I federal/J Judge/J Harold/J C./J _OOV_/J ,/, W./J Herbert/J _OOV_/J has/V agreed/J to/T the/D _OOV_/J _OOV_/J concern/J 's/P proposal/J ./.
Nelson/J _OOV_/J _OOV_/J is/V considering/J it/P ,/, although/J his/P attorney/J says/V he/P wo/J n't/R do/V it/P if/I the/D proposal/J _OOV_/J a/D _OOV_/J settlement/J he/P has/V reached/J with/I the/D Internal/J Revenue/J Service/J ,/, which/W claims/J the/D brothers/J _OOV_/J $/$ 1/C billion/C in/I back/R taxes/J and/C is/V by/I far/R the/D biggest/J creditor/J in/I both/J cases/J ./.
The/D _OOV_/J agreement/J between/I the/D _OOV_/J and/C Nelson/J _OOV_/J _OOV_/J is/V awaiting/J U.S./N Justice/J Department/J approval/J ./.
Under/J it/P ,/, the/D former/J _OOV_/J 's/P assets/J would/M be/V liquidated/J with/I the/D _OOV_/J getting/J 80/C %/N of/I the/D proceeds/J and/C the/D rest/J being/J divided/J among/I other/J creditors/J ,/, including/J _OOV_/J and/C Manufacturers/J _OOV_/J Trust/J Co./N ,/, which/W is/V seeking/J _OOV_/J of/I a/D $/$ 36/J million/C loan/J ./.
A/D _OOV_/J proposal/J has/V been/V made/J in/I the/D W./J Herbert/J _OOV_/J case/J although/J he/P and/C the/D _OOV_/J are/V at/I odds/J over/I the/D size/J of/I the/D _OOV_/J debt/J he/P would/M have/V to/T pay/J to/T the/D government/J from/I future/J earnings/N ./.
In/I both/J cases/J ,/, _OOV_/J and/C Manufacturers/J _OOV_/J have/V been/V fighting/J ferociously/J over/I their/P shares/N of/I the/D pie/J ./.
With/J support/J from/I the/D _OOV_/J ,/, Manufacturers/J _OOV_/J has/V filed/J suit/J asking/J Judge/J _OOV_/J to/T _OOV_/J _OOV_/J 's/P claim/J to/T those/D of/I _OOV_/J _OOV_/J and/C the/D _OOV_/J ./.
_OOV_/J has/V threatened/J a/D ``/` _OOV_/J ''/' of/I litigation/J if/I the/D Manufacturers/J _OOV_/J Corp./N unit/J attempts/J to/T force/J such/J a/D plan/J through/I the/D court/J ./.
_OOV_/J said/V it/P would/M n't/R pursue/J such/J litigation/J if/I its/P settlement/J plan/J in/I the/D W./J Herbert/J _OOV_/J case/J is/V approved/J by/I Judge/J _OOV_/J ,/, who/W will/M consider/J the/D proposal/J at/I a/D hearing/J next/J week/J ./.
_OOV_/J attorney/J Thomas/J _OOV_/J _OOV_/J the/D plan/J as/I one/C step/J toward/J an/D overall/J settlement/J of/I the/D W./J Herbert/J _OOV_/J case/J but/C Hugh/J Ray/J ,/, attorney/J for/I Manufacturers/J _OOV_/J ,/, called/J it/P ``/` silly/J ''/' and/C said/V he/P would/M fight/J it/P in/I court/J ./.
``/` The/D thing/J is/V so/R fluid/J right/J now/R that/I there/E 's/P really/R no/D way/J to/T say/V what/W will/M happen/J ,/, ''/' says/V Justice/J Department/J attorney/J _OOV_/J _OOV_/J III/J ,/, who/W represents/J the/D _OOV_/J in/I the/D case/J ./.
``/` Developments/J like/I this/D are/V hard/J to/T predict/J ./.
_OOV_/J One/C Corp./N said/V it/P agreed/J in/I principle/J to/T buy/J five/C branch/J _OOV_/J from/I _OOV_/J Inc./N ,/, Toledo/J ,/, Ohio/J ,/, following/J the/D planned/J merger/J of/I _OOV_/J into/I _OOV_/J Corp./N ,/, Cleveland/J ./.
The/D five/C _OOV_/J in/I Erie/J and/C _OOV_/J _OOV_/J in/I northern/J Ohio/J have/V total/J assets/J of/I about/R $/$ 88/J million/C ,/, _OOV_/J One/C said/V ./.
The/D purchase/J price/J will/M be/V established/J after/I _OOV_/J One/C has/V an/D opportunity/J to/T study/J the/D quality/J of/I the/D assets/J ,/, _OOV_/J One/C said/V ./.
_OOV_/J Corp./N already/R has/V branches/J in/I the/D area/J ,/, and/C selling/J the/D _OOV_/J _OOV_/J could/M avoid/J a/D problem/J with/I regulators/J over/I excessive/J concentration/J of/I banking/J in/I the/D two/C _OOV_/J after/I the/D merger/J of/I _OOV_/J into/I _OOV_/J ,/, according/J to/T industry/N sources/J ./.
The/D merger/J is/V scheduled/J to/T take/J place/J in/I the/D 1990/C first/J quarter/J ./.
_OOV_/J fears/J and/C relatively/J more/J attractive/J interest/J rates/J pushed/J _OOV_/J mutual/J fund/J assets/J up/R $/$ _OOV_/J billion/C in/I the/D latest/J week/J ,/, the/D _OOV_/J increase/J in/I almost/R two/C years/N ./.
The/D _OOV_/J funds/J tracked/J by/I the/D Investment/J Company/J Institute/J ,/, a/D _OOV_/J trade/J group/C ,/, rose/V to/T $/$ _OOV_/J billion/C ,/, a/D record/J ./.
The/D $/$ _OOV_/J billion/C increase/J was/V the/D _OOV_/J weekly/J inflow/J since/I January/J 1988/C ./.
The/D increase/J was/V spread/J fairly/J _OOV_/J among/I all/D three/C types/J of/I funds/J ./.
Individual/J investors/J ,/, represented/J in/I the/D _OOV_/J and/C broker-dealer/J fund/J categories/J ,/, pulled/J money/J from/I the/D stock/N market/N after/I its/P big/J drop/J last/J Friday/J and/C put/J the/D money/J into/I funds/J ,/, said/V _OOV_/J _OOV_/J ,/, vice/J president/N and/C chief/J economist/J of/I the/D Institute/J ./.
``/` _OOV_/J investors/J ,/, on/I the/D other/J hand/J ,/, reacted/J to/T the/D steep/J decline/J in/I yields/J on/I direct/J _OOV_/J instruments/J following/J the/D _OOV_/J decline/J last/J Friday/J ,/, ''/' Mr./N _OOV_/J said/V ./.
Yields/J on/I money/J funds/J dropped/J in/I the/D week/J ended/J Tuesday/J ,/, according/J to/T _OOV_/J 's/P Money/J Fund/J Report/J ,/, a/D _OOV_/J ,/, Mass./J ,/, newsletter/J ./.
The/D average/J _OOV_/J compounded/J yield/J fell/J to/T _OOV_/J %/N from/I 8.60/J %/N the/D week/J earlier/R ,/, _OOV_/J 's/P said/V ./.
At/I the/D auction/J of/I six-month/J U.S./N Treasury/J bills/J on/I Monday/J ,/, the/D average/J yield/J fell/J to/T _OOV_/J %/N from/I _OOV_/J %/N ./.
_OOV_/J ,/, certificates/J of/I deposit/J on/I average/J posted/J lower/J yields/J in/I the/D week/J ended/J Tuesday/J ./.
The/D _OOV_/J _OOV_/J money/J funds/J rose/V $/$ _OOV_/J billion/C to/T $/$ _OOV_/J billion/C ./.
The/D _OOV_/J _OOV_/J funds/J increased/J $/$ _OOV_/J billion/C to/T $/$ _OOV_/J billion/C ,/, while/I 96/J broker-dealer/J funds/J increased/J $/$ 1.3/C billion/C to/T $/$ _OOV_/J billion/C ./.
_OOV_/J lending/J for/I real/J estate/J and/C property/J development/J was/V the/D source/J of/I Bank/J _OOV_/J Malaysia/J _OOV_/J 's/P most/J recent/J _OOV_/J of/I financial/J troubles/J ,/, the/D institution/J 's/P executive/J chairman/J ,/, _OOV_/J _OOV_/J _OOV_/J ,/, said/V ./.
_OOV_/J to/T reporters/J this/D week/J after/I Bank/J _OOV_/J 's/P shareholders/J approved/J a/D rescue/J plan/J ,/, _OOV_/J _OOV_/J _OOV_/J said/V heavy/J lending/J to/T the/D property/J sector/J _OOV_/J the/D bank/J when/W property/J prices/J in/I Malaysia/J plummeted/J in/I _OOV_/J ./.
He/P said/V the/D bank/J could/M n't/R wait/J any/D longer/J for/I prices/J to/T _OOV_/J and/C for/I _OOV_/J to/T service/J their/P loans/J ./.
So/J the/D bank/J 's/P board/J decided/J to/T make/J 1.23/J billion/C _OOV_/J dollars/J -LRB-/- US$/J _OOV_/J million/C -RRB-/- in/I provisions/J for/I interest/J payments/J from/I loans/J previously/J recorded/J as/I revenue/J but/C never/R actually/J received/J by/I the/D bank/J ,/, and/C to/T _OOV_/J a/D bailout/J package/J to/T _OOV_/J the/D bank/J 's/P _OOV_/J capital/J ./.
The/D _OOV_/J ,/, he/P added/J ,/, was/V similar/J to/T the/D Hong/J Kong/J _OOV_/J _OOV_/J collapse/J ,/, which/W exposed/J the/D involvement/J of/I Bank/J _OOV_/J 's/P former/J subsidiary/J in/I the/D colony/J in/I the/D largest/J banking/J scandal/J in/I Malaysia/J 's/P history/J ./.
The/D subsidiary/J ,/, _OOV_/J Malaysia/J Finance/J Ltd./J ,/, was/V left/J with/I _OOV_/J _OOV_/J billion/C in/I bad/J loans/J made/J to/T Hong/J Kong/J property/J speculators/J ./.
Both/J _OOV_/J wiped/J out/R Bank/J _OOV_/J 's/P shareholders/J '/P funds/J ./.
Each/J time/N ,/, the/D bank/J 's/P 90/C %/N shareholder/J --/: _OOV_/J _OOV_/J _OOV_/J ,/, or/C _OOV_/J ,/, the/D national/J oil/J company/N --/: has/V been/V called/J upon/J to/T rescue/J the/D institution/J ./.
In/I five/C years/N ,/, _OOV_/J ,/, which/W became/J the/D dominant/J shareholder/J in/I a/D 1984/J rescue/J exercise/J ,/, has/V spent/J about/R _OOV_/J 3.5/J billion/C to/T _OOV_/J up/R the/D troubled/J bank/J ./.
_OOV_/J _OOV_/J _OOV_/J said/V the/D capital/J restructuring/J plan/J has/V been/V approved/J by/I Malaysia/J 's/P Capital/J _OOV_/J Committee/J and/C central/J bank/J ./.
Malaysia/J 's/P _OOV_/J Court/J is/V expected/J to/T approve/J the/D plan/J ./.
Once/J the/D plan/J is/V approved/J ,/, _OOV_/J _OOV_/J _OOV_/J said/V ,/, most/J of/I Bank/J _OOV_/J 's/P _OOV_/J loans/J will/M have/V been/V fully/J provided/J for/I and/C the/D bank/J will/M be/V on/I track/J to/T report/J a/D pretax/J profit/J of/I between/I _OOV_/J 160/J million/C and/C _OOV_/J 170/J million/C for/I the/D fiscal/J year/N ending/J March/J 31/C ./.
For/I the/D previous/J financial/J year/N ,/, the/D bank/J would/M have/V reported/J a/D pretax/J profit/J of/I _OOV_/J _OOV_/J million/C if/I it/P had/V n't/R made/J provisions/J for/I the/D _OOV_/J loans/J ,/, he/P said/V ./.
Malaysia/J 's/P Banking/J _OOV_/J Act/J _OOV_/J the/D bank/J from/I identifying/J _OOV_/J _OOV_/J ,/, said/V _OOV_/J _OOV_/J _OOV_/J ./.
But/C public/J documents/J indicate/J 10/C %/N or/C more/J of/I the/D bank/J 's/P provisions/J were/V made/J for/I _OOV_/J interest/J on/I a/D _OOV_/J 200/C million/C loan/J to/T Malaysia/J 's/P dominant/J political/J party/J ,/, the/D United/J _OOV_/J National/J Organization/J ,/, to/T build/J its/P convention/J and/C headquarters/J complex/J in/I _OOV_/J _OOV_/J ./.
The/D loan/J to/T _OOV_/J was/V made/J in/I September/J 1983/C ./.
``/` We/P _OOV_/J a/D lot/J of/I money/J all/D over/I the/D place/J ,/, ''/' said/V _OOV_/J _OOV_/J _OOV_/J ,/, who/W refused/J to/T discuss/J the/D bank/J 's/P outstanding/J loans/J to/T
As/I well/R as/I the/D _OOV_/J 1.23/J billion/C in/I provisions/J announced/J on/I Oct./J 6/C ,/, the/D restructuring/J package/J _OOV_/J an/D additional/J _OOV_/J _OOV_/J million/C in/I provisions/J made/J in/I earlier/R years/N but/C never/R reflected/J in/I a/D reduction/J of/I the/D bank/J 's/P _OOV_/J capital/J ./.
At/I the/D end/J of/I the/D exercise/J ,/, the/D cash/J _OOV_/J from/I _OOV_/J will/M increase/J the/D bank/J 's/P _OOV_/J capital/J to/T _OOV_/J 1.15/J billion/C after/I virtually/J being/J wiped/J out/R by/I the/D new/J provisions/J ./.
_OOV_/J _OOV_/J might/J have/V stepped/J from/I a/D recruiting/J _OOV_/J for/I young/J Republicans/J ./.
White/J ,/, 24/C years/N old/J ,/, a/D singer/J in/I her/P church/J _OOV_/J ,/, she/P _OOV_/J a/D generation/J that/I gave/J its/P heart/J and/C its/P vote/J to/T Ronald/J Reagan/J ./.
``/` I/P felt/J kind/J of/I safe/J ,/, ''/' she/P says/V ./.
No/J longer/J ./.
When/J the/D Supreme/J Court/J opened/J the/D door/J this/D year/N to/T new/J restrictions/J on/I _OOV_/J ,/, Ms./J _OOV_/J opened/J her/P mind/J to/T Democratic/J politics/J ./.
Then/J a/D political/J _OOV_/J ,/, she/P stepped/J into/I a/D _OOV_/J of/I ``/` _OOV_/J ''/' _OOV_/J ,/, house/J parties/J and/C _OOV_/J ./.
Now/R she/P leads/J a/D _OOV_/J _OOV_/J campaign/J in/I _OOV_/J County/J for/I _OOV_/J Democratic/J _OOV_/J candidate/J James/J _OOV_/J ./.
``/` This/D is/V one/C where/W I/P _OOV_/J party/J lines/J ,/, ''/' she/P says/V ,/, rejecting/J the/D _OOV_/J _OOV_/J of/I Rep./J _OOV_/J 's/P _OOV_/J ,/, _OOV_/J Rep./J James/J _OOV_/J ./.
``/` People/J my/J age/J thought/J it/P was/V n't/R going/J to/T be/V an/D issue/J ./.
Now/R it/P has/V --/: especially/J for/I people/N my/J age/J ./. ''/'
_OOV_/J bear/J out/R this/D warning/J ,/, but/C after/I a/D decade/J of/I increased/J Republican/J influence/J here/R ,/, the/D new/J politics/J of/I _OOV_/J have/V contributed/J to/T a/D world/J turned/J upside/J down/R for/I Mr./N _OOV_/J ./.
Unless/J he/P closes/J the/D gap/J ,/, Republicans/J risk/J losing/J not/R only/R the/D _OOV_/J but/C also/R the/D assembly/J next/J month/J ./.
Going/J into/I the/D 1990s/J ,/, the/D _OOV_/J is/V paying/J a/D price/J for/I the/D same/J conservative/J social/J _OOV_/J that/I it/P used/J to/T _OOV_/J Democrats/J in/I the/D past/J ./.
This/D change/J comes/J less/J from/I a/D shift/J in/I public/J opinion/J ,/, which/W has/V n't/R changed/J much/J on/I _OOV_/J over/I the/D past/J decade/J ,/, than/I in/I the/D boundaries/J of/I the/D debate/J ./.
New/N Jersey/J 's/P own/J highest/J court/J remains/J a/D liberal/J _OOV_/J against/I major/J restrictions/J on/I _OOV_/J ,/, but/C the/D U.S./N Supreme/J Court/J ruling/J ,/, Webster/J vs./J Missouri/J ,/, has/V engaged/J voters/J across/J the/D nation/J who/W had/V been/V insulated/J from/I the/D issue/J ./.
Before/J July/J ,/, _OOV_/J voters/J could/M _OOV_/J make/J political/J decisions/J without/J focusing/J narrowly/J on/I _OOV_/J ./.
Now/R ,/, the/D threat/J of/I further/J restrictions/J adds/J a/D new/J _OOV_/J ,/, bringing/J an/D _OOV_/J in/I political/J activity/J by/I _OOV_/J forces/J ./.
A/D recent/J _OOV_/J rally/J in/I _OOV_/J _OOV_/J thousands/J ,/, and/C in/I a/D major/J reversal/J ,/, Congress/J is/V _OOV_/J a/D presidential/J veto/J and/C demanding/J that/I _OOV_/J _OOV_/J be/V permitted/J in/I cases/J of/I rape/J and/C incest/J ./.
``/` If/I Webster/J had/V n't/R happened/J ,/, you/P would/M n't/R be/V here/R ,/, ''/' _OOV_/J _OOV_/J tells/J a/D reporter/J in/I the/D _OOV_/J office/J of/I the/D National/J Organization/J for/I _OOV_/J ./.
``/` We/P could/M have/V _OOV_/J from/I the/D _OOV_/J about/R _OOV_/J and/C no/D one/C would/M have/V heard/J us/J ./. ''/'
New/N Jersey/J is/V a/D _OOV_/J ground/J for/I this/D aggressive/J _OOV_/J movement/J this/D year/N ./.
The/D infusion/J of/I _OOV_/J can/M bring/J a/D clash/J of/I _OOV_/J ./.
In/I _OOV_/J Hill/J ,/, the/D National/J _OOV_/J _OOV_/J _OOV_/J League/J ,/, whose/J goal/J is/V to/T sign/J up/R 50,000/J _OOV_/J voters/J ,/, _OOV_/J a/D union/J _OOV_/J to/T build/J labor/J support/J for/I its/P cause/J ./.
The/D _OOV_/J _OOV_/J seem/J more/J a/D fit/J with/I a/D convention/J next/J door/J of/I young/J _OOV_/J _OOV_/J in/I _OOV_/J than/I the/D _OOV_/J union/J leaders/J ;/: ``/` I/P wish/J I/P could/M go/J work/J out/R ,/, ''/' says/V a/D _OOV_/J activist/J ./.
A/D labor/J chief/J _OOV_/J _OOV_/J of/I having/J to/T ``/` man/J and/C woman/J ''/' Election/J _OOV_/J _OOV_/J ./.
No/J age/J group/C is/V more/J sensitive/J than/I younger/J voters/J ,/, like/I Ms./J _OOV_/J ./.
A/D year/N ago/R this/D fall/J ,/, New/N Jersey/J voters/J under/I 30/C favored/J George/J Bush/J by/I 56/J %/N to/T 39/J %/N over/I Michael/J _OOV_/J ,/, according/J to/T a/D survey/J then/R by/I _OOV_/J University/J 's/P _OOV_/J Institute/J ./.
A/D matching/J _OOV_/J _OOV_/J _OOV_/J poll/J last/J month/J showed/J a/D complete/J reversal/J ./.
_OOV_/J in/I the/D same/J age/J group/C backed/J Democrat/J _OOV_/J 55/C %/N to/T 29/C %/N over/I Republican/J _OOV_/J ./.
_OOV_/J alone/J ca/J n't/R explain/J this/D shift/J ,/, but/C New/N Jersey/J is/V a/D model/J of/I how/J so/R personal/J an/D issue/J can/M become/J a/D _OOV_/J of/I _OOV_/J in/I _OOV_/J a/D candidate/J ./.
By/J a/D _OOV_/J ratio/J ,/, voters/J appear/J more/J at/I ease/J with/I Mr./N _OOV_/J 's/P _OOV_/J on/I _OOV_/J ,/, and/C polls/J indicate/J his/P lead/J widens/J when/W the/D candidates/J are/V specifically/J linked/J to/T the/D issue/J ./.
``/` The/D times/J are/V my/J times/J ,/, ''/' says/V Mr./N _OOV_/J ./.
The/D _OOV_/J County/J _OOV_/J still/R carries/J himself/J with/I a/D _OOV_/J ``/` _OOV_/J ''/' _OOV_/J ,/, but/C at/I a/D _OOV_/J in/I _OOV_/J 's/P Columbus/J _OOV_/J _OOV_/J recently/R ,/, he/P was/V dancing/J with/I his/P wife/J in/I the/D middle/J of/I the/D avenue/J in/I the/D city/J 's/P old/J _OOV_/J _OOV_/J ./.
After/J losing/J by/I fewer/J than/I 1,800/J votes/J in/I the/D 1981/C governor/J 's/P _OOV_/J ,/, he/P has/V prepared/J himself/J _OOV_/J for/I this/D moment/J ,/, including/J _OOV_/J in/I recent/J years/N he/P could/M no/D longer/J support/J _OOV_/J on/I federal/J funding/J for/I _OOV_/J _OOV_/J ./.
``/` If/I you/P 're/J going/J to/T be/V _OOV_/J and/C say/V it/P is/V a/D _OOV_/J protected/J right/J ,/, ''/' he/P asks/J ,/, ``/` how/J are/V you/P going/J to/T say/V an/D upscale/J woman/J who/W can/M drive/J to/T the/D hospital/J or/C _OOV_/J in/I a/D nice/J car/J has/V a/D _OOV_/J right/J and/C someone/J who/W is/V not/R in/I great/J shape/J financially/J does/J not/R ?/J ''/'
Mr./N _OOV_/J ,/, by/I comparison/J ,/, seems/J a/D shadow/J of/I the/D _OOV_/J _OOV_/J who/W defended/J Oliver/J North/J before/I national/J cameras/J at/I Iran-Contra/J hearings/J two/C years/N ago/R ./.
_OOV_/J back/R ,/, he/P says/V he/P _OOV_/J by/I stating/J his/P ``/` personal/J ''/' opposition/J to/T _OOV_/J instead/J of/I _OOV_/J voters/J that/I he/P would/M n't/R _OOV_/J his/P views/J on/I ``/` policy/J ''/' as/I governor/J ./.
It/P is/V a/D _OOV_/J that/I _OOV_/J neither/J side/J in/I the/D debate/J ./.
``/` He/P does/J n't/R know/J himself/J ,/, ''/' _OOV_/J _OOV_/J of/I the/D _OOV_/J _OOV_/J League/J says/V of/I Mr./N _OOV_/J 's/P position/J ./.
Even/R _OOV_/J _OOV_/J ,/, however/R angry/J with/I Mr./N _OOV_/J ,/, ca/J n't/R hide/J their/P frustration/J with/I the/D Republican/J 's/P _OOV_/J ./.
``/` He/P does/J n't/R want/J to/T lead/J the/D people/N ,/, ''/' says/V Richard/J _OOV_/J ,/, president/N of/I New/N Jersey/J Right/J to/T Life/J ./.
Moreover/J ,/, by/I stepping/J outside/J the/D state/J 's/P _OOV_/J _OOV_/J ,/, Mr./N _OOV_/J _OOV_/J fears/J that/I he/P is/V too/R conservative/J as/I well/R on/I more/J pressing/J concerns/J such/J as/I auto/J insurance/J rates/J and/C the/D environment/J ./.
He/P hurt/J himself/J further/J this/D summer/J by/I bringing/J _OOV_/J issues/J into/I the/D debate/J ;/: and/C by/I _OOV_/J on/I this/D issue/J and/C _OOV_/J ,/, he/P has/V weakened/J his/P credibility/J in/I what/W is/V already/R a/D _OOV_/J campaign/J on/I both/J sides/J ./.
_OOV_/J to/T Congress/J in/I 1978/J ,/, the/D _OOV_/J Mr./N _OOV_/J is/V part/J of/I a/D generation/J of/I young/J _OOV_/J who/W were/V once/R very/R much/J in/I the/D lead/J of/I the/D _OOV_/J shift/J under/I Mr./N Reagan/J ./.
Like/J many/J of/I his/P colleagues/J ,/, he/P did/J n't/R serve/J in/I Vietnam/J in/I the/D 1960s/J yet/J embraced/J a/D _OOV_/J defense/J and/C foreign/J policy/J --/: even/R _OOV_/J against/I a/D 1984/J resolution/J critical/J of/I the/D U.S./N mining/J of/I _OOV_/J _OOV_/J ./.
Jack/J Kemp/J and/C the/D writers/J _OOV_/J Kristol/J and/C George/J _OOV_/J were/V _OOV_/J ,/, and/C Mr./N _OOV_/J 's/P own/J conservative/J credentials/J _OOV_/J useful/J to/T the/D current/J New/N Jersey/J _OOV_/J governor/J ,/, Thomas/J _OOV_/J ,/, in/I the/D 1981/C Republican/J primary/J here/R ./.
The/D same/J partnership/J is/V now/R crucial/J to/T Mr./N _OOV_/J 's/P _OOV_/J ,/, but/C the/D _OOV_/J issue/J is/V only/R a/D reminder/J of/I the/D gap/J between/I his/P record/J and/C that/I of/I the/D more/J moderate/J ,/, _OOV_/J Gov./J _OOV_/J ./.
While/J the/D _OOV_/J County/J _OOV_/J pursued/J an/D _OOV_/J ,/, _OOV_/J _OOV_/J in/I Washington/J ,/, Gov./J _OOV_/J was/V _OOV_/J increased/J income/J and/C sales/N taxes/J at/I home/J and/C _OOV_/J a/D near/J _OOV_/J in/I the/D size/J of/I New/N Jersey/J 's/P budget/J in/I his/P eight/C years/N in/I office/J ./.
_OOV_/J forces/J play/J down/R any/D differences/J with/I Mr./N _OOV_/J ,/, but/C this/D history/J makes/J it/P harder/J for/I the/D conservative/J to/T run/J against/I government/J ./.
Mr./N _OOV_/J 's/P free-market/J plan/J to/T bring/J down/R auto/J insurance/J rates/J met/J criticism/J from/I Gov./J _OOV_/J 's/P own/J insurance/J commissioner/J ./.
Mr./N _OOV_/J is/V further/J _OOV_/J by/I a/D record/J of/I votes/J opposed/J to/T government/J regulation/J on/I behalf/J of/I consumers/J ./.
_OOV_/J in/I _OOV_/J from/I his/P days/J in/I the/D _OOV_/J _OOV_/J ,/, Mr./N _OOV_/J actively/J courts/J minority/J voters/J but/C seems/J _OOV_/J over/I his/P head/J ./.
He/P is/V _OOV_/J and/C _OOV_/J before/I a/D Puerto/J _OOV_/J Congress/J in/I _OOV_/J _OOV_/J ./.
Yet/J minutes/J after/I promising/J to/T appoint/J _OOV_/J to/T high/J posts/J in/I state/J government/J ,/, he/P is/V unable/J to/T say/V whether/I he/P has/V ever/R employed/J any/D in/I his/P congressional/J office/J ./.
``/` I/P do/V n't/R think/J we/P do/V now/R ,/, ''/' he/P says/V ./.
``/` I/P think/J we/P did/J ./. ''/'
Asked/J the/D same/J question/J after/I his/P appearance/J ,/, Democrat/J _OOV_/J _OOV_/J a/D staff/J member/J by/I name/J and/C explains/J her/P _OOV_/J today/J ./.
When/J he/P is/V presented/J with/I a/D _OOV_/J _OOV_/J the/D organization/J 's/P _OOV_/J anniversary/J ,/, he/P recognizes/J a/D _OOV_/J of/I one/C of/I the/D _OOV_/J and/C recalls/J time/N spent/J together/J in/I _OOV_/J ./.
Details/J and/C _OOV_/J are/V essential/J _OOV_/J ./.
_OOV_/J to/T Congress/J as/I a/D ``/` Watergate/J baby/J ''/' in/I 1974/J ,/, he/P ran/J for/I governor/J three/C years/N later/R ./.
In/I the/D opinion/J of/I many/J ,/, he/P has/V n't/R stopped/J running/J since/I ,/, even/R though/J he/P declined/J a/D _OOV_/J with/I Gov./J _OOV_/J in/I 1985/C ./.
His/J base/J in/I South/J Jersey/J and/C on/I the/D House/J Energy/J and/C Commerce/J Committee/J helped/J him/J sustain/J a/D network/J of/I _OOV_/J committees/J to/T preserve/J his/P edge/J ./.
With/J limited/J _OOV_/J for/I television/J in/I a/D high-priced/J market/N ,/, Mr./N _OOV_/J 's/P higher/J _OOV_/J than/I his/P rival/J is/V a/D major/J advantage/J ./.
More/J than/I ever/R ,/, his/P _OOV_/J and/C _OOV_/J record/J is/V in/I _OOV_/J with/I the/D state/J ./.
Auto/J insurance/J rates/J are/V soaring/J ./.
A/D _OOV_/J fire/J destroyed/J part/J of/I an/D interstate/J highway/J this/D summer/J ./.
In/I _OOV_/J ,/, an/D important/J swing/J area/J ,/, Republican/J _OOV_/J now/R run/J on/I a/D _OOV_/J promising/J to/T keep/J the/D _OOV_/J ``/` clean/J and/C green/J ./. ''/'
Mr./N _OOV_/J _OOV_/J this/D _OOV_/J ,/, but/C at/I age/J 52/J ,/, the/D _OOV_/J is/V also/R a/D product/J of/I his/P times/J and/C losses/J ./.
He/P _OOV_/J for/I the/D death/J penalty/J as/I if/I reading/J from/I _OOV_/J 21/C ;/: to/T increase/J state/J revenue/J he/P focuses/J not/R on/I ``/` taxes/J ''/' but/C on/I ``/` _OOV_/J ''/' to/T cut/J waste/J ./.
_OOV_/J consultants/J match/J ads/J with/I Mr./N _OOV_/J 's/P team/J ,/, and/C Mr./N _OOV_/J _OOV_/J himself/J as/I the/D lean/J ,/, mean/J Democratic/J fighting/J machine/J of/I the/D 1990s/J ./.
_OOV_/J to/T a/D young/J audience/J ,/, he/P _OOV_/J an/D old/J _OOV_/J to/T _OOV_/J and/C _OOV_/J and/C instead/J quotes/J the/D _OOV_/J _OOV_/J ./.
The/D _OOV_/J chosen/J --/: ``/` long/J _OOV_/J night/J ''/' --/: may/M be/V an/D apt/J _OOV_/J to/T television/J _OOV_/J by/I both/J candidates/J intended/J to/T portray/J each/D other/J as/I a/D _OOV_/J ./.
The/D Democratic/J lawmaker/J fits/J a/D pattern/J of/I younger/J _OOV_/J _OOV_/J out/R of/I old/J machines/J ,/, but/C his/P ties/J to/T _OOV_/J remain/J a/D sore/J point/J because/I of/I the/D _OOV_/J 's/P past/J _OOV_/J ./.
His/J campaign/J _OOV_/J is/V chosen/J from/I elsewhere/J in/I the/D state/J ,/, and/C faced/J with/I criticism/J of/I a/D _OOV_/J bank/J investment/J ,/, he/P has/V so/R far/R _OOV_/J the/D issue/J by/I donating/J the/D bulk/J of/I his/P profits/J to/T his/P _OOV_/J _OOV_/J ,/, _OOV_/J State/J _OOV_/J ./.
Mr./N _OOV_/J 's/P _OOV_/J on/I the/D _OOV_/J issue/J after/I the/D Webster/J ruling/J _OOV_/J some/D of/I his/P old/J constituency/J ./.
_OOV_/J _OOV_/J ,/, an/D unlikely/J but/C _OOV_/J _OOV_/J major/J in/I an/D _OOV_/J County/J Irish/J _OOV_/J band/J ,/, _OOV_/J _OOV_/J of/I Mr./N _OOV_/J ./.
``/` I/P am/J a/D _OOV_/J _OOV_/J ,/, ''/' says/V Mr./N _OOV_/J ,/, a/D 40-year-old/J health/J officer/J ./.
``/` I/P ca/J n't/R support/J him/J because/I of/I _OOV_/J ./. ''/'
Bill/J _OOV_/J _OOV_/J ,/, 72/J ,/, is/V _OOV_/J too/R ,/, but/C _OOV_/J by/I Mr./N _OOV_/J 's/P stand/J on/I _OOV_/J ./.
A/D security/J _OOV_/J at/I a/D cargo/J terminal/J ,/, he/P _OOV_/J a/D Sons/J of/I Italy/J _OOV_/J and/C cap/J _OOV_/J ``/` The/D _OOV_/J 1/C _OOV_/J ./. ''/'
``/` I/P still/R think/J the/D woman/J has/V the/D right/J to/T do/V with/I her/P body/J as/I she/P _OOV_/J ,/, ''/' he/P says/V ./.
``/` If/I you/P want/J more/J opinions/J ask/J my/J wife/J ./.
She/J has/V lots/J of/I opinions/J ./.
Consumer/J prices/J rose/V a/D surprisingly/J moderate/J 0.2/J %/N in/I September/J ,/, pushed/J up/R mostly/J by/I a/D jump/J in/I clothing/J costs/J ,/, the/D Labor/J Department/J reported/J ./.
Energy/J costs/J ,/, which/W drove/J wholesale/J prices/J up/R sharply/J during/I the/D month/J ,/, continued/J to/T decline/J at/I the/D retail/J level/J ,/, pulling/J down/R transportation/J and/C helping/J to/T ease/J housing/J costs/J ./.
The/D report/J was/V the/D brightest/J news/J the/D financial/J markets/J had/V seen/J since/I before/I the/D stock/N market/N plunged/J more/J than/I 190/J points/J last/J Friday/J ./.
The/D Dow/J Jones/J Industrial/J Average/J rallied/J on/I the/D news/J ,/, closing/J _OOV_/J points/J higher/J at/I _OOV_/J ./.
Bond/J prices/J also/R jumped/J as/I traders/J appeared/J to/T read/J the/D data/J as/I a/D sign/J that/I interest/J rates/J may/M fall/J ./.
But/C many/J economists/J were/V not/R nearly/R as/I _OOV_/J ./.
The/D climb/J in/I wholesale/J energy/J prices/J is/V certain/J to/T push/J up/R retail/J energy/J prices/J in/I the/D next/J few/J months/N ,/, they/P warned/J ./.
They/P also/R said/V the/D dollar/J is/V _OOV_/J off/R after/I a/D rise/J this/D summer/J that/I helped/J to/T reduce/J the/D prices/J of/I imported/J goods/J ./.
``/` I/P think/J inflation/J is/V going/J to/T pick/J up/R through/I the/D fall/J ,/, ''/' said/V Joel/J _OOV_/J ,/, a/D specialist/J on/I inflation/J who/W runs/J an/D economic/J consulting/J firm/J here/R ./.
``/` It/P has/V been/V in/I what/W I/P would/M describe/J as/I a/D _OOV_/J for/I the/D past/J several/J months/N ./. ''/'
``/` We/P 've/J had/V _OOV_/J declines/J in/I consumer/J energy/J prices/J in/I each/D of/I the/D past/J three/C months/N ,/, and/C at/I the/D wholesale/J level/J those/D are/V fully/J behind/J us/J now/R ,/, ''/' said/V Jay/J _OOV_/J ,/, chief/J domestic/J economist/J at/I Bankers/J Trust/J Co./N in/I New/N York/N ./.
Because/J wholesale/J energy/J prices/J shot/J up/R by/I a/D steep/J 6.5/J %/N last/J month/J ,/, many/J analysts/J expected/J energy/J prices/J to/T rise/J at/I the/D consumer/J level/J too/R ./.
As/I a/D result/J ,/, many/J economists/J were/V expecting/J the/D consumer/J price/J index/J to/T increase/J significantly/J more/J than/I it/P did/J ./.
But/C retail/J energy/J prices/J declined/J 0.9/J %/N in/I September/J ./.
Though/J analysts/J say/V competition/J will/M probably/R hold/J down/R increases/J in/I retail/J energy/J prices/J ,/, many/J expect/J some/D of/I the/D wholesale/J rise/J to/T be/V passed/J along/J to/T the/D consumer/J before/I the/D end/J of/I the/D year/N ./.
Still/J ,/, some/D analysts/J insisted/J that/I the/D worst/J of/I the/D inflation/J is/V behind/J ./.
``/` It/P increasingly/J appears/J that/I _OOV_/J was/V a/D temporary/J inflation/J _OOV_/J and/C not/R the/D beginning/J of/I a/D cyclical/J inflation/J problem/J ,/, ''/' argued/J Edward/J _OOV_/J ,/, chief/J economist/J at/I Prudential-Bache/J Securities/J Inc./N in/I New/N York/N ./.
In/I both/J 1987/C and/C 1988/C ,/, consumer/J prices/J rose/V _OOV_/J %/N ./.
A/D run-up/J in/I world/J oil/J prices/J last/J winter/J sent/J consumer/J prices/J soaring/J at/I a/D _OOV_/J %/N annual/J rate/J in/I the/D first/J five/C months/N of/I this/D year/N ,/, but/C the/D subsequent/J decline/J in/I energy/J prices/J has/V pulled/J the/D annual/J rate/J back/R down/R to/T _OOV_/J %/N ./.
Mr./N _OOV_/J predicted/J that/I world/J business/N competition/J will/M continue/J to/T _OOV_/J prices/J ./.
``/` The/D bottom/J line/J is/V ,/, it/P seems/J to/T me/J that/I the/D economic/J environment/J has/V become/J very/R ,/, very/R _OOV_/J for/I a/D lot/J of/I businesses/J ,/, ''/' he/P said/V ./.
``/` Back/J in/I _OOV_/J ,/, business/N was/V operating/J at/I fairly/J _OOV_/J capacity/J ,/, so/R businesses/J felt/J they/P could/M raise/J prices/J ./. ''/'
Now/R ,/, he/P said/V ,/, a/D slowdown/J in/I economic/J activity/J has/V _OOV_/J demand/J ./.
The/D _OOV_/J inflation/J figures/J renewed/J investors/J '/P hopes/J that/I the/D Federal/J Reserve/J will/M ease/J its/P interest-rate/J _OOV_/J ./.
The/D steep/J climb/J in/I producer/J prices/J reported/J last/J Friday/J fostered/J _OOV_/J about/R lower/J interest/J rates/J and/C contributed/J to/T the/D stock/N market/N 's/P 6.9/J %/N plunge/J that/I day/J ./.
In/I the/D past/J several/J days/J ,/, however/R ,/, the/D U.S./N 's/P central/J bank/J has/V allowed/J a/D key/J interest/J rate/J to/T fall/J slightly/J to/T try/J to/T stabilize/J the/D markets/J ./.
Analysts/J say/V Fed/J policy/J makers/J have/V been/V wary/J of/I _OOV_/J credit/J too/R much/J because/I they/P were/V still/R uncertain/J about/R the/D level/J of/I inflation/J in/I the/D economy/J ./.
Excluding/J the/D volatile/J categories/J of/I energy/J and/C food/J --/: leaving/J what/W some/D economists/J call/J the/D core/J inflation/J rate/J --/: consumer/J prices/J still/R rose/V only/R 0.2/J %/N in/I September/J ./.
Transportation/J costs/J actually/J fell/J 0.5/J %/N ,/, and/C housing/J costs/J gained/J only/R 0.1/J %/N ./.
Apparel/J prices/J _OOV_/J up/R 1.7/C %/N ,/, but/C that/I was/V after/I three/C months/N of/I declines/J ./.
Medical/J costs/J continued/J their/P steep/J _OOV_/J ,/, rising/J _OOV_/J %/N after/I four/C consecutive/J months/N of/I 0.7/J %/N increases/J ./.
Car/J prices/J ,/, another/J area/J that/I contributed/J to/T the/D steep/J rise/J in/I the/D wholesale/J index/J last/J month/J ,/, still/R showed/J declines/J at/I the/D consumer/J level/J ./.
They/P dropped/J _OOV_/J %/N as/I dealers/J continued/J to/T offer/J _OOV_/J to/T attract/J customers/J ./.
Food/J prices/J rose/V 0.2/J %/N for/I the/D second/J month/J in/I a/D row/J ,/, far/R slower/J than/I the/D monthly/J rises/J earlier/R in/I the/D year/N ./.
Separately/J ,/, the/D Labor/J Department/J reported/J that/I average/J weekly/J earnings/N rose/V 0.3/J %/N in/I September/J ,/, after/I _OOV_/J for/I inflation/J ,/, following/J a/D 0.7/J %/N decline/J in/I August/J ./.
All/J the/D numbers/J are/V adjusted/J for/I seasonal/J fluctuations/J ./.
Here/J are/V the/D seasonally/J adjusted/J changes/J in/I the/D _OOV_/J of/I the/D Labor/J Department/J 's/P consumer/J price/J index/J for/I September/J ./.
After/J watching/J interest/J in/I the/D sport/J _OOV_/J for/I years/N ,/, the/D _OOV_/J industry/N is/V trying/J to/T give/J itself/J a/D lift/J ./.
_OOV_/J the/D country/J ,/, resorts/J are/V using/J everything/J from/I fireworks/J to/T _OOV_/J _OOV_/J to/T attract/J new/J customers/J ./.
Some/D have/V built/J health/J _OOV_/J ,/, business/N centers/J and/C shopping/J _OOV_/J so/R visitors/J have/V more/J to/T do/V than/I _OOV_/J ./.
And/C this/D week/J ,/, the/D industry/N 's/P efforts/J will/M go/J national/J for/I the/D first/J time/N when/W it/P _OOV_/J a/D $/$ 7/C million/C advertising/J campaign/J ./.
Such/J efforts/J --/: _OOV_/J of/I only/R a/D few/J years/N ago/R --/: are/V the/D latest/J attempts/J to/T _OOV_/J the/D sagging/J $/$ 1.76/J billion/C U.S./N _OOV_/J industry/N ./.
Since/J the/D start/J of/I the/D decade/J ,/, _OOV_/J sales/N have/V grown/J only/R 3/C %/N a/D year/N on/I average/J ,/, compared/J with/I 16/C %/N annual/J growth/J rates/J in/I the/D _OOV_/J and/C _OOV_/J ./.
Last/J season/J ,/, _OOV_/J sales/N fell/J for/I the/D first/J time/N in/I seven/C years/N ./.
By/J some/D estimates/J ,/, nearly/R a/D fourth/J of/I all/D U.S./N _OOV_/J areas/J have/V been/V forced/J to/T shut/J down/R since/I the/D early/J _OOV_/J ./.
Competition/J and/C mounting/J insurance/J and/C equipment/J costs/J have/V been/V the/D _OOV_/J of/I many/J resorts/J ./.
But/C another/J big/J problem/J has/V been/V the/D _OOV_/J of/I baby/J boomers/J ./.
_OOV_/J ,/, after/I all/D ,/, has/V mainly/J been/V for/I the/D young/J and/C _OOV_/J and/C many/J baby/J boomers/J have/V _OOV_/J _OOV_/J or/C have/V too/R many/J family/J responsibilities/J to/T _OOV_/J with/I the/D sport/J ./.
In/I its/P new/J ad/J campaign/J ,/, created/J by/I _OOV_/J _OOV_/J _OOV_/J &/C _OOV_/J Inc./N ,/, Chicago/J ,/, the/D _OOV_/J industry/N is/V trying/J to/T change/J its/P image/J as/I a/D sport/J primarily/J for/I young/J white/J people/N ./.
One/C _OOV_/J TV/J spot/J features/J a/D diverse/J group/C of/I _OOV_/J _OOV_/J _OOV_/J down/R _OOV_/J _OOV_/J :/: senior/J citizens/J ,/, minorities/J ,/, families/J with/I children/J --/: even/R a/D _OOV_/J _OOV_/J ./.
``/` _OOV_/J school/J is/V great/J ,/, ''/' _OOV_/J out/R a/D _OOV_/J ,/, _OOV_/J in/I a/D _OOV_/J as/I he/P _OOV_/J down/R a/D _OOV_/J _OOV_/J ./.
``/` You/J 'll/J never/R _OOV_/J you/P try/J ,/, ''/' says/V a/D black/J _OOV_/J ./.
``/` We/P used/J to/T show/J some/D _OOV_/J _OOV_/J in/I his/P _OOV_/J or/C _OOV_/J going/J over/I the/D edge/J of/I a/D _OOV_/J ,/, ''/' says/V _OOV_/J _OOV_/J ,/, a/D spokeswoman/J for/I the/D United/J _OOV_/J Industries/J Association/J ,/, the/D trade/J group/C _OOV_/J the/D campaign/J ./.
_OOV_/J promotions/J have/V traditionally/J avoided/J the/D touchy/J issue/J of/I safety/J ./.
But/C the/D new/J commercials/J deal/J with/I it/P _OOV_/J by/I showing/J a/D woman/J _OOV_/J as/I she/P tries/J to/T get/J up/R from/I a/D fall/J ./.
``/` We/P wanted/J to/T show/J it/P 's/P _OOV_/J if/I you/P fall/J ,/, ''/' says/V Ms./J _OOV_/J ./.
``/` Most/J people/N think/J if/I you/P _OOV_/J ,/, you/P 'll/J wind/J up/R in/I a/D body/J cast/J ./. ''/'
The/D ad/J campaign/J represents/J an/D unusual/J spirit/J of/I cooperation/J among/I resorts/J and/C _OOV_/J equipment/J makers/J ;/: normally/J ,/, they/P only/R run/J ads/J hyping/J their/P own/J products/J and/C facilities/J ./.
But/C in/I these/D crunch/J times/J for/I the/D _OOV_/J industry/N ,/, some/D resorts/J ,/, such/J as/I the/D _OOV_/J _OOV_/J ,/, Red/J River/J and/C _OOV_/J _OOV_/J areas/J in/I New/N Mexico/J ,/, have/V even/R started/J _OOV_/J _OOV_/J to/T each/D other/J 's/P _OOV_/J and/C next/J year/N plan/J to/T sell/J tickets/J good/J for/I all/D local/J _OOV_/J ./.
Many/J resorts/J also/R are/V focusing/J more/J on/I the/D service/J side/J of/I their/P business/N ./.
Since/J 40/C %/N of/I _OOV_/J are/V parents/J ,/, many/J _OOV_/J are/V building/J nurseries/J ,/, expanding/J _OOV_/J schools/J and/C adding/J entertainment/J for/I kids/J ./.
_OOV_/J ,/, Colo./J ,/, now/R has/V a/D _OOV_/J that/I looks/J like/I an/D old/J mining/J town/J ;/: kids/J can/M _OOV_/J through/I and/C _OOV_/J for/I _OOV_/J 's/P gold/J ./.
For/I $/$ 15/C ,/, they/P can/M enjoy/J their/P own/J nightly/J entertainment/J ,/, with/I dinner/J ,/, without/J _OOV_/J and/C _OOV_/J ./.
A/D few/J years/N ago/R ,/, parents/J usually/J had/V to/T hire/J a/D _OOV_/J or/C take/J turns/J _OOV_/J while/I one/C _OOV_/J stayed/J with/I the/D children/J ./.
``/` Most/J parents/J who/W had/V to/T go/J through/I that/I never/R came/J back/R ,/, ''/' says/V Michael/J _OOV_/J ,/, president/N of/I _OOV_/J Associates/J Inc./N ,/, which/W owns/J and/C operates/J the/D _OOV_/J and/C nearby/J Beaver/J _OOV_/J resorts/J ./.
To/J make/J _OOV_/J more/J _OOV_/J for/I _OOV_/J visitors/J ,/, several/J resorts/J are/V buying/J or/C starting/J their/P own/J travel/J agencies/J ./.
In/I one/C phone/J call/J ,/, _OOV_/J _OOV_/J can/M make/J hotel/J and/C restaurant/J _OOV_/J ,/, buy/J lift/J tickets/J ,/, rent/J _OOV_/J equipment/J and/C sign/J up/R for/I _OOV_/J ./.
And/C resorts/J are/V adding/J other/J _OOV_/J ,/, such/J as/I pricey/J restaurants/J ,/, health/J _OOV_/J and/C _OOV_/J packages/J with/I a/D twist/J ./.
During/J _OOV_/J Carnival/J week/J ,/, for/I example/J ,/, visitors/J at/I Sunday/J River/J in/I Maine/J can/M take/J a/D _OOV_/J _OOV_/J ride/J ./.
``/` People/J these/D days/J want/J something/J else/J to/T do/V _OOV_/J _OOV_/J and/C sit/J in/I the/D bar/J ,/, ''/' says/V Don/J _OOV_/J ,/, executive/J director/J of/I _OOV_/J _OOV_/J ,/, _OOV_/J 's/P Chamber/J of/I Commerce/J ./.
The/D _OOV_/J industry/N hopes/J to/T increase/J the/D number/J of/I _OOV_/J by/I 3.5/J million/C to/T about/R _OOV_/J million/C in/I the/D next/J five/C years/N with/I its/P latest/J ads/J and/C promotions/J ./.
But/C some/D think/J that/I 's/P being/J _OOV_/J optimistic/J ./.
For/I one/C thing/J ,/, it/P may/M be/V tough/J to/T attract/J people/N because/I _OOV_/J is/V still/R expensive/J :/: a/D lift/J _OOV_/J can/M cost/J up/R to/T $/$ 35/C a/D day/J and/C equipment/J prices/J are/V rising/J ./.
And/C most/J _OOV_/J still/R prefer/J a/D _OOV_/J climate/J for/I their/P winter/J _OOV_/J ./.
An/J American/J Express/J Co./N survey/J of/I its/P travel/J agents/J _OOV_/J that/I only/R 34/C %/N believe/J their/P clients/J will/M pick/J a/D trip/J this/D winter/J based/J on/I the/D availability/J of/I winter/J sports/J ,/, as/I opposed/J to/T 69/J %/N who/W think/J that/I _OOV_/J sports/J will/M be/V the/D _OOV_/J factor/J ./.
``/` Even/R if/I they/P could/M bring/J in/I that/I many/J new/J _OOV_/J ,/, I/P do/V n't/R know/J if/I -LCB-/J the/D industry/N -RCB-/J could/M handle/J that/I kind/J of/I an/D increase/J ,/, ''/' says/V _OOV_/J William/J Berry/J ,/, editor/J and/C publisher/J of/I the/D _OOV_/J Industry/J _OOV_/J in/I _OOV_/J ,/, _OOV_/J ./.
``/` Most/J people/N will/M come/J on/I the/D weekend/J ,/, the/D _OOV_/J will/M be/V _OOV_/J and/C then/R these/D -LCB-/J new/J _OOV_/J -RCB-/J wo/J n't/R come/J back/R ./.
They/P did/J n't/R play/J the/D third/J game/J of/I the/D World/J Series/J on/I Tuesday/J night/J as/I scheduled/J ,/, and/C they/P did/J n't/R play/J it/P on/I Wednesday/J or/C Thursday/J either/C ./.
But/C you/P knew/J that/I ,/, did/J n't/R you/P ?/J
They/P are/V supposed/J to/T play/J the/D game/J next/J Tuesday/J ,/, in/I _OOV_/J _OOV_/J here/R ./.
The/D theory/J is/V that/I the/D stadium/J ,/, damaged/J by/I Tuesday/J 's/P earthquake/J ,/, will/M be/V _OOV_/J by/I then/R ,/, and/C that/I people/N will/M be/V able/J to/T get/J there/E ./.
Like/J just/R about/R everything/J else/J ,/, that/I remains/J to/T be/V seen/J ./.
_OOV_/J could/M _OOV_/J ./.
But/C ,/, at/I least/J ,/, the/D law/J of/I _OOV_/J should/M have/V _OOV_/J to/T the/D favorable/J side/J ./.
It/P may/M seem/J _OOV_/J to/T worry/J about/R the/D World/J Series/J amid/J the/D destruction/J to/T the/D Bay/J Area/J _OOV_/J by/I Tuesday/J 's/P quake/J ,/, but/C the/D name/J of/I this/D column/J is/V ``/` On/J Sports/J ,/, ''/' so/R I/P feel/J obliged/J to/T do/V so/R ./.
You/J might/J be/V interested/J to/T know/J that/I baseball/J ,/, not/R _OOV_/J ,/, appeared/J to/T be/V the/D first/J thought/J of/I most/J of/I the/D crowd/J of/I _OOV_/J that/I had/V _OOV_/J at/I _OOV_/J at/I _OOV_/J p.m./J Tuesday/J ,/, a/D half-hour/J before/I game/J time/N ,/, when/W the/D quake/J _OOV_/J ./.
As/I soon/R as/I the/D _OOV_/J passed/J ,/, many/J people/N _OOV_/J _OOV_/J and/C cheered/J ,/, as/I though/J it/P had/V been/V a/D _OOV_/J kind/J of/I _OOV_/J show/J ./.
One/C fan/J ,/, seated/J several/J _OOV_/J in/I front/J of/I the/D open/J ,/, _OOV_/J auxiliary/J press/J section/J where/W I/P was/V _OOV_/J ,/, faced/J the/D _OOV_/J _OOV_/J and/C _OOV_/J _OOV_/J ,/, ``/` We/P arranged/J that/I just/R for/I you/P guys/J ''/' I/P thought/J and/C ,/, I/P 'm/J sure/J ,/, others/J did/J :/: ``/` You/J should/M n't/R have/V _OOV_/J ./. ''/'
I/P 'd/J _OOV_/J through/I my/J only/R previous/J _OOV_/J with/I natural/J disaster/J ,/, a/D _OOV_/J 15/C or/C so/R _OOV_/J ago/R near/J _OOV_/J City/J ,/, Mich./J ,/, so/R I/P was/V _OOV_/J for/I one/C reaction/J to/T such/J things/J :/: the/D urge/J to/T talk/J about/R them/P ./.
Perhaps/J primed/J by/I the/D daily/J diet/J of/I radio/J and/C TV/J reporters/J _OOV_/J _OOV_/J into/I people/N 's/P faces/J and/C asking/J how/J they/P ``/` feel/J ''/' about/R one/C _OOV_/J or/C another/J ,/, fellow/J reporters/J and/C civilians/J who/W _OOV_/J my/J press/J _OOV_/J were/V eager/J to/T _OOV_/J ./.
``/` It/P felt/J like/I I/P was/V on/I a/D station/J platform/J and/C a/D _OOV_/J went/J by/I ,/, ''/' said/V one/C man/J ,/, describing/J my/J own/J reaction/J ./.
A/D women/J said/V she/P saw/J the/D park/J 's/P light/J standards/J _OOV_/J ./.
A/D man/J said/V he/P saw/J the/D upper/J rim/J _OOV_/J ./.
I/P saw/J neither/J ./.
_OOV_/J of/I good/J sense/J to/T the/D _OOV_/J not/R _OOV_/J ,/, the/D general/J _OOV_/J was/V to/T believe/J that/I the/D _OOV_/J would/M be/V brief/J and/C that/I ball/J would/M be/V played/J ./.
``/` I/P was/V near/J the/D top/J of/I the/D stadium/J ,/, and/C saw/J a/D steel/J _OOV_/J bow/J six/C feet/J from/I where/W I/P sat/J ,/, but/C I/P stayed/J put/J for/I 10/C or/C 15/C minutes/J ,/, ''/' _OOV_/J a/D friend/J ./.
``/` I/P guess/J I/P thought/J ,/, `/J This/D is/V the/D World/J Series/J and/C I/P 'm/J not/R gon/J na/J _OOV_/J out/R '/P ''/'
Here/J in/I the/D Global/J _OOV_/J ,/, though/J ,/, _OOV_/J do/V not/R stay/J _OOV_/J for/I long/J ./.
_OOV_/J power/J was/V out/R in/I _OOV_/J _OOV_/J _OOV_/J ,/, but/C _OOV_/J _OOV_/J and/C television/J sets/J were/V plentiful/J ./.
Within/J a/D few/J minutes/J ,/, the/D true/J extent/J of/I the/D catastrophe/J was/V becoming/J clear/J ./.
Its/J _OOV_/J _OOV_/J _OOV_/J was/V reported/J as/I 6.5/J ,/, then/R 6.9/J ,/, then/R _OOV_/J ./.
A/D section/J of/I the/D Bay/J Bridge/J had/V collapsed/J ,/, as/I had/V a/D part/J of/I Interstate/J Highway/J 880/J in/I _OOV_/J ./.
People/J had/V died/J ./.
At/I _OOV_/J p.m./J ,/, scheduled/J game/J time/N having/J passed/J ,/, some/D fans/J _OOV_/J ``/` Let/J 's/P _OOV_/J Ball/J ./. ''/'
No/J longer/J innocent/J ,/, they/P qualified/J as/I _OOV_/J ./.
The/D stadium/J was/V _OOV_/J _OOV_/J soon/R afterward/J ;/: the/D announcement/J ,/, made/J over/I police/J _OOV_/J ,/, cited/J the/D power/J _OOV_/J ,/, but/C it/P later/R was/V _OOV_/J that/I there/E also/R had/V been/V damage/J of/I the/D sort/J reported/J by/I my/J friend/J ./.
_OOV_/J ,/, I/P _OOV_/J two/C young/J men/J _OOV_/J blocks/J of/I _OOV_/J ./.
``/` _OOV_/J of/I _OOV_/J ,/, ''/' they/P said/V ./.
The/D crowd/J remained/J good/J _OOV_/J ,/, even/R _OOV_/J ./.
TV/J reporters/J interviewed/J fans/J in/I the/D parking/J lots/J while/I ,/, a/D few/J feet/J away/R ,/, others/J watched/J the/D interviews/J on/I their/P _OOV_/J TVs/J ./.
The/D only/R _OOV_/J I/P saw/J was/V commercial/J :/: _OOV_/J selling/J World/J Series/J _OOV_/J _OOV_/J and/C dated/J _OOV_/J were/V besieged/J by/I fledgling/J speculators/J who/W saw/J future/J profit/J in/I the/D items/J ./.
The/D traffic/J _OOV_/J out/R of/I the/D park/J was/V monumental/J ./.
It/P took/J me/J a/D half-hour/J to/T move/J 10/C feet/J from/I my/J parking/J spot/J in/I an/D _OOV_/J lot/J to/T an/D _OOV_/J ,/, and/C an/D additional/J hour/J to/T reach/J an/D inner/J roadway/J a/D _OOV_/J away/R ./.
The/D _OOV_/J trip/J to/T my/J _OOV_/J hotel/J that/I had/V taken/J 20/C minutes/J earlier/R in/I the/D day/J took/J more/J than/I three/C hours/J ./.
At/I my/J hotel/J ,/, the/D _OOV_/J ,/, power/J was/V out/R ,/, some/D _OOV_/J _OOV_/J had/V _OOV_/J loose/J and/C there/E had/V been/V water/J damage/J ,/, but/C little/J else/J ./.
With/J _OOV_/J _OOV_/J ,/, a/D hotel/J across/J the/D street/J ,/, the/D _OOV_/J ,/, had/V been/V hit/J harder/J :/: A/D large/J sheet/J of/I its/P _OOV_/J _OOV_/J and/C several/J _OOV_/J _OOV_/J were/V _OOV_/J away/R ./.
The/D _OOV_/J staff/J had/V ,/, _OOV_/J ,/, set/J out/R _OOV_/J _OOV_/J in/I the/D _OOV_/J ,/, prepared/J a/D _OOV_/J _OOV_/J and/C passed/J around/J pillows/J and/C _OOV_/J ./.
I/P fell/J _OOV_/J on/I the/D _OOV_/J floor/J ,/, next/J to/T a/D man/J wearing/J a/D Chicago/J _OOV_/J _OOV_/J ./.
I/P expected/J him/J to/T say/V ,/, ``/` I/P told/J you/P so/R ,/, ''/' but/C he/P already/R was/V _OOV_/J ./.
The/D _OOV_/J consensus/J was/V that/I the/D earthquake/J made/J the/D World/J Series/J seem/J unimportant/J ./.
My/J response/J was/V that/I sports/J rarely/J are/V important/J ,/, only/R _OOV_/J ,/, and/C the/D quake/J merely/J _OOV_/J that/I fact/J ./.
Should/J the/D rest/J of/I the/D Series/J be/V played/J at/I all/D ?/J
The/D quake/J and/C baseball/J were/V n't/R related/J ,/, unlike/J the/D _OOV_/J of/I _OOV_/J that/I attended/J the/D 1972/J _OOV_/J ./.
That/D heavily/J _OOV_/J event/J learned/J nothing/J from/I the/D _OOV_/J experience/J ,/, and/C seems/J doomed/J to/T _OOV_/J it/P ./.
Two/J _OOV_/J _OOV_/J ./.
This/D has/V been/V widely/J dubbed/J the/D BART/J Series/J ,/, after/I the/D local/J subway/J line/J ,/, and/C the/D Bay/J Bridge/J Series/J ./.
_OOV_/J fly/J at/I _OOV_/J for/I the/D death/J of/I _OOV_/J _OOV_/J ,/, the/D late/J baseball/J commissioner/J ,/, and/C now/R the/D Bay/J Bridge/J lies/J in/I _OOV_/J ./.
A/D Series/J that/I was/V shaping/J up/R as/I the/D _OOV_/J since/I the/D _OOV_/J _OOV_/J _OOV_/J go/J of/I 1984/J has/V become/J memorable/J in/I the/D least/J _OOV_/J way/J ./.
Still/J ,/, its/P edge/J is/V lost/J ./.
It/P now/R will/M be/V played/J mostly/J for/I the/D record/J ,/, and/C should/M be/V _OOV_/J up/R as/I quickly/J as/I possible/J ,/, without/J ``/` off/R ''/' days/J ./.
And/C I/P will/M never/R again/J complain/J about/R a/D _OOV_/J ./.
The/D disarray/J in/I the/D junk-bond/J market/N that/I began/J last/J month/J with/I a/D credit/J crunch/J at/I Campeau/J Corp./N has/V offered/J commercial/J banks/J a/D golden/J opportunity/J to/T play/J a/D greater/J role/J in/I financing/J _OOV_/J takeovers/J ./.
But/C two/C big/J New/N York/N banks/J seem/J to/T have/V kicked/J those/D chances/J away/R ,/, for/I the/D moment/J ,/, with/I the/D embarrassing/J failure/J of/I _OOV_/J and/C Chase/J Manhattan/J Corp./N to/T deliver/J $/$ 7.2/J billion/C in/I bank/J financing/J for/I a/D leveraged/J buy-out/J of/I United/J Airlines/J parent/J UAL/J Corp/J ./.
For/I more/J than/I a/D decade/J ,/, banks/J have/V been/V pressing/J Congress/J and/C banking/J regulators/J for/I expanded/J _OOV_/J to/T act/J like/I securities/J firms/J in/I playing/J Wall/J Street/J 's/P lucrative/J takeover/J game/J ,/, from/I giving/J mergers/J advice/J all/D the/D way/J to/T selling/J and/C trading/N high-yield/J junk/J bonds/J ./.
Those/J expanded/J _OOV_/J reached/J their/P _OOV_/J in/I July/J when/W Bankers/J Trust/J New/N York/N Corp./N provided/J mergers/J advice/J ,/, an/D equity/J investment/J and/C bank/J loans/J for/I the/D $/$ _OOV_/J billion/C leveraged/J buy-out/J of/I _OOV_/J Airlines/J parent/J _OOV_/J Inc/J ./.
One/C of/I the/D major/J selling/J points/J used/J by/I Los/J Angeles/J financier/J Alfred/J _OOV_/J in/I getting/J the/D takeover/J approved/J was/V that/I the/D deal/J did/J n't/R include/J any/D junk/J bonds/J ./.
That/D was/V seen/J as/I an/D advantage/J in/I lobbying/J airline/J employees/J and/C Washington/J regulators/J for/I approval/J of/I the/D _OOV_/J takeover/J ./.
All/J $/$ _OOV_/J billion/C in/I debt/J for/I the/D deal/J was/V _OOV_/J by/I banks/J ./.
Charles/J _OOV_/J ,/, _OOV_/J of/I mergers/J and/C acquisitions/J at/I Salomon/J Brothers/J Inc./N ,/, says/V it/P is/V natural/J for/I banks/J to/T try/J to/T expand/J beyond/J their/P _OOV_/J business/N of/I providing/J senior/J debt/J for/I _OOV_/J ./.
But/C the/D UAL/J collapse/J ,/, he/P says/V ,/, ``/` may/M tell/J you/P it/P 's/P not/R going/J to/T work/J that/I _OOV_/J ./. ''/'
David/J _OOV_/J ,/, a/D mergers/J adviser/J in/I La/J _OOV_/J ,/, Calif./J ,/, who/W aided/J Los/J Angeles/J investor/J Marvin/J Davis/J on/I the/D bids/J which/W put/J both/J UAL/J and/C _OOV_/J in/I play/J as/I takeover/J candidates/J this/D year/N ,/, says/V that/I banks/J have/V been/V ``/` preparing/J to/T play/J a/D larger/J and/C larger/J role/J in/I acquisition/J financing/J ./. ''/'
Mr./N _OOV_/J says/V that/I in/I the/D past/J ,/, banks/J would/M normally/J have/V _OOV_/J 65/C %/N of/I a/D total/J buy-out/J price/J ,/, with/I the/D loans/J secured/J by/I the/D target/J company/N 's/P assets/J ./.
Another/J 20/C %/N of/I the/D borrowed/J funds/J would/M come/J from/I the/D sale/J to/T investors/J of/I junk/J bonds/J ,/, which/W offer/J less/J security/J and/C typically/J carry/J higher/J yields/J than/I bank/J loans/J ./.
Mr./N _OOV_/J 's/P purchase/J of/I _OOV_/J ,/, Mr./N _OOV_/J notes/J ,/, ``/` was/V probably/R the/D most/J aggressive/J to/T date/J ,/, ''/' with/I bank/J debt/J at/I 85/J %/N of/I the/D purchase/J price/J ./.
But/C Mr./N _OOV_/J says/V that/I _OOV_/J 's/P ``/` failure/J to/T deliver/J ''/' on/I its/P promise/J to/T raise/J the/D UAL/J bank/J debt/J for/I a/D labor-management/J buy-out/J group/C ``/` is/V very/R _OOV_/J to/T potential/J users/J of/I a/D `/J _OOV_/J '/P letter/J from/I commercial/J banks/J ./. ''/'
His/J client/J ,/, Mr./N Davis/J ,/, used/J just/R such/J a/D letter/J from/I _OOV_/J in/I _OOV_/J UAL/J ;/: _OOV_/J later/R agreed/J to/T work/J with/I a/D competing/J UAL/J buy-out/J group/C ./.
Executives/J of/I _OOV_/J and/C Chase/J Manhattan/J declined/J to/T comment/J on/I either/C the/D UAL/J situation/J ,/, or/C on/I the/D changing/J nature/J of/I banks/J '/P role/J in/I financing/J takeovers/J ./.
In/I the/D wake/J of/I Campeau/J 's/P problems/J ,/, prices/J of/I junk/J bonds/J tumbled/J ,/, throwing/J into/I doubt/J the/D ability/J of/I corporate/J _OOV_/J to/T finance/J large/J takeovers/J with/I the/D help/J of/I junk/J bond/J sales/N ./.
Mark/J _OOV_/J ,/, senior/J managing/J director/J at/I Manufacturers/J _OOV_/J Trust/J Co./N ,/, says/V the/D _OOV_/J in/I junk/J bonds/J may/M yet/J open/J new/J business/N opportunities/J to/T banks/J in/I _OOV_/J takeovers/J ./.
But/C he/P warns/J that/I banks/J will/M have/V ``/` to/T have/V enough/J discipline/J ''/' not/R to/T make/J loans/J that/I are/V too/R risky/J ./.
In/I fact/J ,/, Manufacturers/J _OOV_/J said/V in/I its/P third-quarter/J earnings/N report/J that/I fees/J from/I _OOV_/J loans/J to/T other/J banks/J dropped/J 48/C %/N ,/, to/T $/$ 21/C million/C ./.
``/` We/P did/J n't/R take/J part/J in/I a/D lot/J of/I deals/J because/I their/P credit/J quality/J was/V poor/J ,/, ''/' says/V a/D bank/J spokesman/J ./.
James/J B./J Lee/J ,/, head/J of/I _OOV_/J and/C private/J _OOV_/J at/I Chemical/J Banking/J Corp./N ,/, said/V he/P believes/J banks/J can/M still/R make/J a/D _OOV_/J offer/J of/I _OOV_/J shopping/J for/I takeover/J finance/J ./.
As/I evidence/J ,/, he/P cites/J yesterday/J 's/P arrangement/J for/I the/D final/J financing/J of/I a/D $/$ 3/C billion/C bid/J for/I American/J Medical/J International/J Inc./N in/I which/W Chemical/J served/J as/I both/J the/D lead/J bank/J and/C an/D equity/J investor/J ./.
Beyond/J the/D current/J weakness/J in/I the/D junk/J bond/J market/N ,/, banks/J have/V another/J advantage/J over/I investment/J banks/J in/I financing/J _OOV_/J takeovers/J ./.
Arthur/J _OOV_/J Jr./J ,/, a/D takeover/J lawyer/J at/I Fried/J Frank/J Harris/J _OOV_/J &/C _OOV_/J ,/, notes/J that/I ``/` a/D political/J and/C emotional/J bias/J ''/' has/V developed/J against/I junk/J bonds/J ./.
One/C hostile/J _OOV_/J who/W deliberately/J avoided/J using/J junk/J bonds/J was/V Paramount/J Communications/J Inc./N in/I its/P initial/J offer/J to/T acquire/J Time/J Inc./N for/I $/$ _OOV_/J billion/C ,/, or/C $/$ 175/J a/D share/N ./.
A/D Paramount/J spokesman/J says/V that/I decision/J was/V based/J on/I the/D financial/J ,/, not/R political/J ,/, drawbacks/J of/I junk/J bonds/J ./.
But/C some/D observers/J believe/J Paramount/J Chairman/J Martin/J Davis/J wanted/J to/T avoid/J the/D possible/J _OOV_/J of/I being/J perceived/J as/I a/D corporate/J raider/J in/I his/P controversial/J bid/J for/I Time/J ./.
In/I the/D end/J ,/, Mr./N Davis/J used/J junk/J bonds/J so/R that/I he/P could/M raise/J Paramount/J 's/P bid/J to/T $/$ 200/C a/D share/N ./.
Some/D _OOV_/J _OOV_/J said/V the/D initial/J lower/J bid/J ,/, without/J junk/J bonds/J ,/, was/V a/D factor/J in/I his/P losing/J the/D company/N ./.
Time/J _OOV_/J Paramount/J by/I acquiring/J Warner/J Communications/J Inc/J ./.
The/D success/J of/I the/D _OOV_/J financing/J ,/, and/C the/D failure/J of/I the/D UAL/J deal/J ,/, also/R seem/J to/T highlight/J the/D important/J new/J role/J in/I takeover/J financing/J being/J played/J by/I Japanese/J banks/J ./.
Japanese/J banks/J accounted/J for/I 50/C %/N of/I the/D _OOV_/J bank/J debt/J ,/, according/J to/T a/D report/J by/I Transportation/J Secretary/J Samuel/J _OOV_/J ./.
But/C it/P was/V _OOV_/J rejection/J by/I Japanese/J banks/J that/I helped/J seal/J the/D _OOV_/J of/I the/D attempt/J to/T buy/J UAL/J ./.
_OOV_/J and/C Chase/J are/V attempting/J to/T put/J together/J a/D new/J ,/, lower/J bid/J ./.
_OOV_/J _OOV_/J ,/, chief/J economist/J of/I the/D Institute/J for/I Financial/J Affairs/J Inc./N ,/, a/D Tokyo/J research/J center/J on/I finance/J and/C economics/J ,/, says/V ,/, ``/` The/D junk/J bond/J market/N became/J very/R _OOV_/J ,/, and/C there/E 's/P a/D fear/J of/I a/D coming/J recession/J and/C the/D possible/J bankruptcy/J of/I _OOV_/J companies/N ./.
_OOV_/J Inc./N filed/J suit/J in/I federal/J court/J here/R ,/, _OOV_/J that/I a/D group/C that/I holds/J _OOV_/J %/N of/I its/P stock/N made/J ``/` false/J ,/, _OOV_/J and/C misleading/J ''/' statements/J in/I recent/J regulatory/J _OOV_/J and/C public/J announcements/J ./.
_OOV_/J 's/P complaint/J claims/J that/I the/D group/C ,/, led/J by/I investor/J Malcolm/J _OOV_/J _OOV_/J ,/, violated/J securities/J laws/J by/I failing/J to/T disclose/J plans/J to/T purchase/J 15/C %/N of/I the/D company/N 's/P shares/N outstanding/J and/C that/I when/W the/D required/J Hart-Scott-Rodino/J filing/J eventually/J was/V made/J ,/, it/P did/J n't/R disclose/J the/D group/C 's/P alleged/J earlier/R violation/J of/I the/D so-called/J _OOV_/J requirements/J of/I the/D law/J ./.
Mr./N _OOV_/J could/M n't/R immediately/J be/V reached/J to/T comment/J ./.
But/C when/W _OOV_/J last/J week/J publicly/J questioned/J the/D _OOV_/J of/I the/D group/C 's/P filing/J procedures/J ,/, the/D Rochester/J ,/, N.Y./J ,/, investor/J said/V ``/` we/P _OOV_/J with/I every/J law/J ,/, ''/' and/C he/P denied/J any/D _OOV_/J ./.
The/D _OOV_/J group/C said/V in/I a/D Securities/J and/C Exchange/J Commission/J filing/J in/I early/J October/J that/I it/P may/M seek/J a/D controlling/J interest/J in/I _OOV_/J ,/, or/C seek/J representation/J on/I the/D company/N 's/P board/J ./.
_OOV_/J has/V said/V it/P does/J n't/R intend/J to/T be/V acquired/J by/I the/D _OOV_/J group/C or/C any/D other/J party/J ./.
Inland/J Steel/J Industries/J Inc./N ,/, battered/J by/I lower/J volume/J and/C higher/J costs/J ,/, posted/J a/D 75/C %/N drop/J in/I third-quarter/J earnings/N ./.
The/D nation/J 's/P _OOV_/J steelmaker/J earned/J $/$ _OOV_/J million/C ,/, or/C 43/C cents/N a/D share/N ,/, compared/J with/I $/$ 61/C million/C ,/, or/C $/$ _OOV_/J a/D share/N ,/, a/D year/N earlier/R ,/, when/W the/D industry/N was/V _OOV_/J peak/J demand/J and/C strong/J pricing/J ./.
Sales/J fell/J to/T $/$ _OOV_/J million/C from/I $/$ 1.02/J billion/C ./.
The/D earnings/N also/R mark/J a/D significant/J drop/J from/I the/D second/J quarter/J 's/P $/$ _OOV_/J million/C or/C $/$ 1.25/J a/D share/N ./.
Moreover/J ,/, the/D earnings/N were/V well/R below/J analysts/J '/P expectations/J of/I about/R $/$ _OOV_/J a/D share/N ./.
In/I composite/J trading/N on/I the/D New/N York/N Stock/J Exchange/J ,/, Inland/J closed/J yesterday/J at/I $/$ _OOV_/J a/D share/N ,/, down/R $/$ 1/C ./.
The/D company/N attributed/J the/D earnings/N drop/J to/T lower/J volume/J related/J to/T seasonal/J demand/J and/C the/D soft/J consumer/J durable/J market/N ,/, especially/J in/I the/D automotive/J sector/J ./.
However/J ,/, the/D company/N also/R lost/J orders/J because/I of/I prolonged/J labor/J talks/J in/I the/D second/J quarter/J ./.
Third-quarter/J shipments/J slipped/J 7/C %/N from/I the/D year-ago/J period/J ,/, and/C 17/C %/N from/I this/D year/N 's/P second/J quarter/J ./.
Profit/J of/I steel/J shipped/J for/I the/D company/N 's/P steel/J segment/J slid/J to/T $/$ 26/C a/D ton/J ,/, from/I $/$ 66/C a/D ton/J a/D year/N earlier/R and/C $/$ 57/C a/D ton/J a/D quarter/J earlier/R ./.
Analysts/J noted/J that/I the/D disappointing/J results/J do/V n't/R reflect/J lower/J prices/J for/I steel/J products/J ./.
Charles/J Bradford/J ,/, an/D analyst/J with/I Merrill/J Lynch/J Capital/J Markets/J ,/, said/V higher/J prices/J for/I _OOV_/J and/C _OOV_/J products/J offset/J lower/J prices/J for/I bar/J ,/, _OOV_/J and/C _OOV_/J steel/J ./.
_OOV_/J steel/J ,/, which/W primarily/J serves/J the/D construction/J market/N ,/, was/V especially/J hurt/J by/I a/D 15/C %/N price/J drop/J ,/, Mr./N Bradford/J said/V ./.
The/D company/N said/V its/P integrated/J steel/J sector/J was/V also/R hurt/J by/I higher/J raw/J material/J ,/, repair/J and/C maintenance/J ,/, and/C labor/J costs/J ./.
The/D increased/J labor/J costs/J became/J effective/J Aug./J 1/C under/I terms/J of/I the/D four-year/J labor/J agreement/J with/I the/D United/J _OOV_/J union/J ./.
Meanwhile/J ,/, the/D company/N 's/P service/J center/J segment/J ,/, which/W saw/J operating/J profit/J drop/J to/T $/$ 11.5/J million/C from/I $/$ _OOV_/J million/C a/D year/N ago/R ,/, experienced/J much/J of/I the/D same/J demand/J and/C cost/J problems/J ,/, as/I well/R as/I start-up/J costs/J associated/J with/I a/D _OOV_/J _OOV_/J facility/J in/I Chicago/J and/C an/D _OOV_/J computer/J information/J system/J ./.
Inland/J Chairman/J Frank/J W./J _OOV_/J said/V the/D company/N 's/P short-term/J outlook/J is/V ``/` _OOV_/J by/I uncertainties/J in/I the/D economy/J and/C financial/J markets/J ./. ''/'
However/J ,/, he/P noted/J that/I steel/J mill/J _OOV_/J are/V up/R from/I early/J summer/J levels/J ,/, and/C that/I he/P expects/J the/D company/N to/T improve/J its/P cost/J performance/J in/I the/D fourth/J quarter/J ./.
In/I the/D first/J nine/C months/N ,/, profit/J was/V $/$ 113/J million/C ,/, or/C $/$ _OOV_/J a/D share/N ,/, on/I sales/N of/I $/$ _OOV_/J billion/C ,/, compared/J with/I $/$ _OOV_/J million/C ,/, or/C $/$ _OOV_/J a/D share/N ,/, on/I sales/N of/I $/$ _OOV_/J billion/C ,/, a/D year/N earlier/R ./.
The/D ``/` _OOV_/J ''/' activity/J of/I a/D financial/J market/N bears/J a/D _OOV_/J to/T the/D _OOV_/J activity/J of/I the/D earth/J ./.
When/J things/J are/V quiet/J -LRB-/- low/J volatility/J -RRB-/- ,/, the/D _OOV_/J on/I which/W markets/J stand/J can/M be/V relatively/J inefficient/J and/C still/R _OOV_/J their/P functions/J _OOV_/J ./.
However/J ,/, when/W powerful/J forces/J start/J _OOV_/J the/D market/N 's/P structure/J ,/, the/D more/J ``/` _OOV_/J ''/' it/P is/V ,/, the/D better/J its/P chance/J for/I _OOV_/J ./.
America/J 's/P financial/J markets/J do/V not/R yet/J have/V all/D the/D required/J modern/J features/J required/J to/T make/J them/P fully/J ``/` _OOV_/J ./. ''/'
Investors/J lack/J equal/J access/J to/T the/D markets/J '/P trading/N _OOV_/J and/C its/P information/J ./.
That/D _OOV_/J lack/J is/V crucial/J because/I investors/J are/V the/D only/R source/J of/I market/N liquidity/J ./.
And/C liquidity/J is/V what/W markets/J need/J to/T damp/J _OOV_/J and/C _OOV_/J ./.
In/I today/J 's/P markets/J ,/, specialists/J -LRB-/- on/I the/D New/N York/N Stock/J Exchange/J -RRB-/- and/C ``/` _OOV_/J ''/' market/N makers/J -LRB-/- in/I the/D over-the-counter/J market/N -RRB-/- are/V the/D only/R market/N participants/J allowed/J to/T play/J a/D direct/J role/J in/I the/D _OOV_/J process/J ./.
When/J they/P _OOV_/J trading/N ,/, all/D market/N liquidity/J is/V gone/J ./.
And/C when/W any/D _OOV_/J of/I the/D market/N --/: cash/J ,/, futures/J or/C options/J --/: loses/J liquidity/J ,/, the/D price/J discovery/J system/J -LRB-/- the/D way/J prices/J are/V determined/J -RRB-/- becomes/J _OOV_/J or/C is/V lost/J entirely/J for/I a/D time/N ./.
Last/J Friday/J the/D _OOV_/J -LRB-/- as/I well/R as/I two/C years/N ago/R this/D week/J -RRB-/- the/D markets/J became/J _OOV_/J ./.
When/J that/I happened/J ,/, ``/` _OOV_/J ''/' _OOV_/J of/I fear/J --/: much/J like/I the/D shock/J waves/J created/J by/I an/D earthquake/J --/: _OOV_/J through/I the/D market/N and/C increased/J the/D market/N 's/P volatility/J ./.
_OOV_/J of/I important/J ,/, needed/J information/J can/M cause/J fear/J ./.
_OOV_/J is/V the/D father/J of/I _OOV_/J ./.
_OOV_/J frequently/J results/J in/I _OOV_/J behavior/J ./.
And/C in/I financial/J markets/J ,/, _OOV_/J behavior/J is/V sometimes/J _OOV_/J into/I catastrophe/J ./.
When/J market/N _OOV_/J start/J ,/, it/P is/V crucial/J that/I as/I much/J information/J about/R transaction/J prices/J and/C the/D _OOV_/J curve/J -LRB-/- buy/J and/C sell/J orders/J at/I various/J prices/J -RRB-/- be/V made/J available/J to/T all/D ,/, not/R just/R to/T market/N makers/J ./.
Because/J of/I a/D lack/J of/I information/J and/C access/J ,/, many/J investors/J --/: including/J the/D very/R ones/J whose/J buying/J power/J could/M restore/J stability/J and/C damp/J volatility/J --/: are/V forced/J to/T stand/J on/I the/D _OOV_/J when/W they/P are/V most/J needed/J ,/, because/I of/I their/P ignorance/J of/I important/J market/N information/J ./.
To/J add/J _OOV_/J power/J to/T America/J 's/P markets/J ,/, a/D modern/J ,/, electronic/J trading/N system/J should/M be/V implemented/J that/I permits/J equal/J access/J to/T the/D trading/N _OOV_/J -LRB-/- and/C the/D information/J that/I would/M automatically/J _OOV_/J such/J access/J -RRB-/- by/I investors/J --/: particularly/J institutional/J investors/J ./.
_OOV_/J to/T some/D opinions/J ,/, the/D trading/N activities/J of/I specialists/J and/C other/J market/N makers/J do/V not/R provide/J liquidity/J to/T the/D market/N as/I a/D whole/J ./.
What/J market/N makers/J provide/J is/V _OOV_/J ,/, a/D very/R valuable/J service/J ./.
_OOV_/J is/V not/R a/D service/J ./.
It/P is/V a/D market/N _OOV_/J --/: the/D ability/J to/T absorb/J selling/J orders/J without/J causing/J significant/J price/J changes/J in/I the/D absence/J of/I news/J ./.
Market/J makers/J buy/J what/W investors/J wish/J to/T sell/J ;/: their/P business/N is/V _OOV_/J these/D unwanted/J positions/J as/I quickly/J as/I possible/J to/T other/J investors/J ,/, and/C at/I a/D profit/J ./.
As/I a/D result/J ,/, while/I any/D one/C customer/J may/M purchase/J _OOV_/J by/I selling/J to/T a/D market/N maker/J -LRB-/- which/W is/V _OOV_/J for/I the/D investor/J -RRB-/- ,/, the/D market/N as/I a/D whole/J remains/J in/I the/D same/J circumstances/J it/P was/V before/I the/D transaction/J :/: The/D unwanted/J position/J is/V still/R an/D unwanted/J position/J ;/: only/R the/D _OOV_/J of/I the/D seller/J has/V changed/J ./.
In/I fact/J it/P can/M be/V argued/J that/I increasing/J capital/J commitments/J by/I market/N makers/J -LRB-/- a/D result/J of/I some/D _OOV_/J crash/J studies/J -RRB-/- also/R increases/J market/N volatility/J ,/, since/I the/D more/J securities/J are/V held/J by/I market/N makers/J at/I any/D given/J time/N ,/, the/D more/J selling/J pressure/J is/V overhanging/J the/D market/N ./.
In/I an/D open/J electronic/J system/J ,/, any/D investor/J _OOV_/J to/T pay/J for/I _OOV_/J access/J to/T the/D trading/N _OOV_/J through/I a/D registered/J broker-dealer/J would/M be/V able/J to/T see/J the/D _OOV_/J _OOV_/J curve/J -LRB-/- buy/J and/C sell/J orders/J at/I each/D price/J -RRB-/- entered/J by/I dealers/J and/C investors/J alike/J ,/, and/C to/T enter/J and/C _OOV_/J orders/J ./.
_OOV_/J quotations/J would/M reflect/J the/D combined/J financial/J judgment/J of/I all/D market/N participants/J --/: not/R just/R those/D of/I intermediaries/J who/W become/J extremely/J _OOV_/J during/I times/J of/I crisis/J ./.
Investors/J and/C professionals/J alike/J would/M compete/J on/I the/D level/J playing/J field/J Congress/J sought/J and/C called/J a/D ``/` national/J market/N system/J ''/' -LRB-/- not/R yet/J achieved/J -RRB-/- almost/R 15/C years/N ago/R when/W it/P passed/J the/D Securities/J Reform/J Act/J of/I _OOV_/J ./.
Last/J Friday/J 's/P market/N _OOV_/J did/J not/R result/J in/I severe/J ``/` _OOV_/J ./. ''/'
_OOV_/J we/P smart/J or/C just/R lucky/J ?/J
I/P 'm/J not/R certain/J ./.
But/C I/P am/J sure/J we/P need/J to/T maximize/J our/P ``/` earthquake/J ''/' protection/J by/I making/J certain/J that/I our/P market/N _OOV_/J let/J investors/J add/J their/P _OOV_/J _OOV_/J power/J to/T our/P nation/J 's/P markets/J ./.
Mr./N _OOV_/J is/V chairman/J of/I his/P own/J consulting/J company/N in/I _OOV_/J ,/, N.J/J ./.
_OOV_/J _OOV_/J _OOV_/J _OOV_/J ,/, now/R you/P do/V n't/R ./.
The/D recession/J ,/, that/I is/V ./.
The/D economy/J 's/P _OOV_/J steps/J leave/J investors/J _OOV_/J whether/I things/J are/V slowing/J down/R or/C _OOV_/J up/R ./.
So/J often/R are/V government/J statistics/J revised/J that/I they/P seem/J to/T _OOV_/J a/D _OOV_/J weather/J _OOV_/J ./.
For/I the/D past/J seven/C years/N ,/, investors/J have/V had/V the/D wind/J at/I their/P _OOV_/J ,/, in/I the/D form/J of/I a/D generally/J growing/J economy/J ./.
Some/D may/M have/V forgotten/J --/: and/C some/D younger/J ones/J may/M never/R have/V experienced/J --/: what/W it/P 's/P like/I to/T invest/J during/I a/D recession/J ./.
_OOV_/J tactics/J are/V called/J for/I ,/, as/I losing/J money/J becomes/J easier/J and/C making/J money/J becomes/J tougher/J ./.
For/I those/D investors/J who/W believe/J --/: or/C fear/J --/: that/I 1990/C will/M be/V a/D recession/J year/N ,/, many/J economists/J and/C money/J managers/J agree/J on/I steps/J that/I can/M be/V taken/J to/T lower/J the/D risks/J in/I a/D portfolio/J ./.
In/I a/D _OOV_/J ,/, _OOV_/J _OOV_/J investors/J who/W expect/J a/D slowdown/J to/T hold/J fewer/J stocks/J than/I usual/J and/C to/T favor/J shares/N of/I big/J companies/N in/I ``/` defensive/J ''/' industries/J ./.
A/D heavy/J dose/J of/I cash/J is/V _OOV_/J ,/, along/J with/I a/D _OOV_/J _OOV_/J to/T bonds/J --/: _OOV_/J government/J bonds/J ./.
It/P 's/P _OOV_/J to/T think/J these/D defensive/J steps/J can/M be/V delayed/J until/J a/D recession/J is/V clearly/J at/I hand/J ./.
But/C that/I may/M not/R be/V possible/J ,/, because/I _OOV_/J often/R take/J investors/J by/I surprise/J ./.
``/` They/P always/R seem/J to/T come/J a/D bit/J later/R than/I you/P expect/J ./.
When/J they/P do/V hit/J ,/, they/P hit/J fast/J ,/, ''/' says/V David/J A./J _OOV_/J ,/, chief/J financial/J economist/J at/I the/D Data/J Resources/J division/J of/I McGraw-Hill/J Inc/J ./.
Though/J he/P himself/J does/J n't/R expect/J a/D recession/J soon/R ,/, Mr./N _OOV_/J advises/J people/N who/W do/V that/I ``/` the/D best/J thing/J to/T be/V in/I is/V long/J that/I is/V ,/, _OOV_/J to/T 30-year/J Treasury/J bonds/J ./. ''/'
The/D reason/J is/V simple/J ,/, Mr./N _OOV_/J says/V :/: ``/` Interest/J rates/J almost/R always/R decline/J during/I recession/J ./. ''/'
As/I surely/J as/I a/D _OOV_/J _OOV_/J ,/, falling/J interest/J rates/J force/J up/R the/D price/J of/I previously/J issued/J bonds/J ./.
They/P are/V worth/J more/J because/I they/P pay/J higher/J interest/J than/I newly/J issued/J bonds/J do/V ./.
That/D effect/J holds/J true/J for/I both/J short-term/J and/C long-term/J bonds/J ./.
But/C short-term/J bonds/J ca/J n't/R rise/J too/R much/J ,/, because/I everyone/J knows/J they/P will/M be/V redeemed/J at/I a/D _OOV_/J price/J fairly/J soon/R ./.
_OOV_/J bonds/J ,/, with/I many/J years/N left/J before/I maturity/J ,/, swing/J more/J widely/J in/I price/J ./.
But/C not/R just/R any/D bonds/J will/M do/V ./.
Corporate/J bonds/J ``/` are/V usually/J not/R a/D good/J _OOV_/J in/I a/D recession/J ,/, ''/' Mr./N _OOV_/J says/V ./.
As/I times/J get/J tougher/J ,/, investors/J _OOV_/J about/R whether/I companies/N will/M have/V enough/J money/J to/T pay/J their/P debts/J ./.
This/D _OOV_/J the/D price/J of/I corporate/J bonds/J ./.
Also/J ,/, he/P notes/J ,/, ``/` most/J corporate/J bonds/J are/V _OOV_/J ./. ''/'
That/D means/J that/I a/D corporation/J ,/, after/I a/D _OOV_/J amount/J of/I time/N has/V passed/J ,/, can/M buy/J back/R its/P bonds/J by/I paying/J investors/J the/D face/J value/J -LRB-/- plus/J ,/, in/I some/D cases/J ,/, a/D _OOV_/J -RRB-/- ./.
When/J interest/J rates/J have/V dropped/J ,/, it/P makes/J sense/J for/I corporations/J to/T do/V just/R that/I ;/: they/P then/R save/J on/I interest/J costs/J ./.
But/C the/D investors/J are/V left/J _OOV_/J with/I money/J to/T _OOV_/J at/I a/D time/N when/W interest/J rates/J are/V _OOV_/J ./.
If/I corporate/J bonds/J are/V bad/J in/I _OOV_/J ,/, junk/J bonds/J are/V likely/J to/T be/V the/D worst/J of/I all/D ./.
It/P 's/P an/D ``/` _OOV_/J necessity/J ''/' to/T get/J out/R of/I junk/J bonds/J when/W a/D recession/J is/V in/I the/D _OOV_/J ,/, says/V _OOV_/J _OOV_/J ,/, professor/J of/I finance/J at/I Cornell/J University/J ./.
``/` Such/J bonds/J are/V very/R sensitive/J to/T the/D downside/J ,/, and/C this/D could/M be/V a/D disaster/J ./. ''/'
Municipal/J bonds/J are/V generally/J a/D bit/J safer/J than/I corporate/J bonds/J in/I a/D recession/J ,/, but/C not/R as/I safe/J as/I bonds/J issued/J by/I the/D federal/J government/J ./.
During/J an/D economic/J slump/J ,/, local/J tax/J revenues/J often/R go/J down/R ,/, raising/J the/D risks/J associated/J with/I at/I least/J some/D _OOV_/J ./.
And/C ,/, like/I corporates/J ,/, many/J municipal/J bonds/J are/V _OOV_/J ./.
But/C a/D few/J experts/J ,/, going/J against/I the/D consensus/J ,/, do/V n't/R think/J bonds/J would/M help/J investors/J even/R if/I a/D recession/J is/V in/I the/D _OOV_/J ./.
One/C of/I these/D is/V Jeffrey/J L./J _OOV_/J ,/, director/J of/I research/J for/I _OOV_/J _OOV_/J &/C Co./N ,/, a/D brokerage/J house/J in/I Houston/J ,/, who/W _OOV_/J that/I ``/` we/P 're/J either/C in/I a/D recession/J or/C about/R to/T go/J into/I one/C ./. ''/'
What/J 's/P more/J ,/, he/P _OOV_/J this/D could/M be/V a/D _OOV_/J recession/J than/I usual/J :/: ``/` Once/J the/D downturn/J comes/J ,/, it/P 's/P going/J to/T be/V very/R hard/J to/T reverse/J ./. ''/'
Investors/J ,/, he/P advises/J ,/, ``/` should/M be/V cautious/J ,/, ''/' holding/J fewer/J stocks/J than/I usual/J and/C also/R _OOV_/J bonds/J ./.
Because/J he/P sees/J ``/` 5/C %/N to/T 6/C %/N base/J rate/J of/I inflation/J in/I the/D economy/J ,/, ''/' he/P doubts/J that/I interest/J rates/J will/M fall/J much/J any/D time/N soon/R ./.
Instead/J ,/, Mr./N _OOV_/J says/V ,/, investors/J ``/` probably/R should/M be/V carrying/J a/D very/R high/J level/J of/I cash/J ,/, ''/' by/I which/W he/P means/J such/J so-called/J cash/J _OOV_/J as/I _OOV_/J funds/J and/C Treasury/J bills/J ./.
_OOV_/J _OOV_/J ,/, president/N of/I _OOV_/J Financial/J Inc./N in/I _OOV_/J ,/, Pa./J ,/, also/R _OOV_/J that/I investors/J go/J heavily/J for/I cash/J ./.
He/P is/V n't/R sure/J a/D recession/J is/V coming/J ,/, but/C says/V the/D other/J likely/J alternative/J --/: _OOV_/J inflation/J --/: is/V just/R as/I bad/J ./.
``/` This/D late/J in/I an/D expansion/J ,/, ''/' the/D economy/J tends/J to/T _OOV_/J off/R either/C into/I damaging/J inflation/J or/C into/I a/D recession/J ,/, Mr./N _OOV_/J says/V ./.
The/D Federal/J Reserve/J Board/J 's/P plan/J for/I a/D ``/` soft/J landing/J ,/, ''/' he/P says/V ,/, requires/J the/D Fed/J to/T _OOV_/J ``/` an/D _OOV_/J corridor/J ./. ''/'
A/D soft/J landing/J is/V n't/R something/J that/I can/M be/V achieved/J once/R and/C for/I all/D ,/, Mr./N _OOV_/J adds/J ./.
It/P has/V to/T be/V engineered/J over/I and/C over/I again/J ,/, month/J after/I month/J ./.
He/P believes/J that/I the/D task/J facing/J Fed/J Chairman/J Alan/J Greenspan/J is/V so/R difficult/J that/I it/P resembles/J ``/` _OOV_/J a/D _OOV_/J _OOV_/J and/C a/D _OOV_/J saw/J ./. ''/'
And/C ,/, in/I a/D sense/J ,/, that/I 's/P the/D kind/J of/I task/J individuals/J face/J in/I _OOV_/J what/W to/T do/V about/R stocks/J --/: the/D mainstay/J of/I most/J serious/J investors/J '/P portfolios/J ./.
It/P comes/J down/R to/T a/D question/J of/I whether/I to/T try/J to/T ``/` time/N ''/' the/D market/N ./.
For/I people/N who/W can/M ride/J out/R market/N waves/J through/I good/J times/J and/C bad/J ,/, stocks/J have/V been/V _OOV_/J long-term/J investments/J ./.
Most/J studies/J show/J that/I _OOV_/J investors/J historically/J have/V earned/J an/D annual/J return/J from/I stocks/J of/I 9/C %/N to/T 10/C %/N ,/, including/J both/J dividends/J and/C price/J appreciation/J ./.
That/D 's/P well/R above/J what/W bonds/J or/C bank/J certificates/J have/V paid/J ./.
Moreover/J ,/, because/I no/D one/C knows/J for/I sure/J just/R when/W a/D recession/J is/V coming/J ,/, some/D analysts/J think/J investors/J should/M n't/R even/R worry/J too/R much/J about/R timing/J ./.
``/` _OOV_/J to/T time/N the/D economy/J is/V a/D mistake/J ,/, ''/' says/V David/J Katz/J ,/, chief/J investment/J officer/J of/I Value/J _OOV_/J Management/J Inc./N in/I New/N York/N ./.
Mr./N Katz/J notes/J that/I some/D economists/J have/V been/V predicting/J a/D recession/J for/I at/I least/J two/C years/N ./.
Investors/J who/W listened/J ,/, and/C _OOV_/J up/R on/I stocks/J ,/, ``/` have/V just/R hurt/J themselves/J ,/, ''/' he/P says/V ./.
Mr./N Katz/J adds/J that/I people/N who/W jump/J in/I and/C out/R of/I the/D stock/N market/N need/J to/T be/V right/J about/R 70/C %/N of/I the/D time/N to/T beat/J a/D _OOV_/J strategy/J ./.
_OOV_/J trading/N runs/J up/R high/J commission/J costs/J ./.
And/C the/D _OOV_/J might/J _OOV_/J the/D sudden/J _OOV_/J that/I account/J for/I much/J of/I the/D stock/N market/N 's/P gains/J over/I time/N ./.
Still/J ,/, few/J investors/J are/V able/J to/T sit/J _OOV_/J when/W they/P are/V convinced/J a/D recession/J is/V coming/J ./.
After/J all/D ,/, in/I all/D five/C _OOV_/J since/I _OOV_/J ,/, stocks/J declined/J ./.
According/J to/T _OOV_/J Davis/J ,/, president/N of/I _OOV_/J Davis/J Research/J Inc./N in/I _OOV_/J ,/, _OOV_/J ,/, the/D average/J drop/J in/I the/D Dow/J Jones/J Industrial/J Average/J was/V about/R 21/C %/N ,/, and/C the/D decrease/J began/J an/D average/J of/I six/C months/N before/I a/D recession/J officially/J started/J ./.
By/J the/D time/N a/D recession/J is/V ``/` official/J ''/' -LRB-/- two/C consecutive/J quarters/J of/I declining/J gross/J national/J product/J -RRB-/- ,/, much/J of/I the/D damage/J to/T stocks/J has/V already/R been/V _OOV_/J ,/, in/I the/D typical/J case/J ,/, the/D recession/J is/V already/R half/J over/I ./.
About/J six/C months/N before/I a/D recession/J ends/J ,/, stocks/J typically/J begin/J to/T rise/J again/J ,/, as/I investors/J anticipate/J a/D recovery/J ./.
The/D average/J recession/J _OOV_/J about/R a/D year/N ./.
Unfortunately/J ,/, though/J ,/, _OOV_/J vary/J enough/J in/I _OOV_/J so/R that/I the/D average/J ca/J n't/R _OOV_/J be/V used/J to/T guide/J investors/J in/I timing/J stock/N sales/N or/C purchases/J ./.
But/C whatever/J their/P advice/J about/R timing/J ,/, none/J of/I these/D experts/J _OOV_/J _OOV_/J stocks/J entirely/J during/I a/D recession/J ./.
For/I the/D portion/J of/I an/D investor/J 's/P portfolio/J that/I _OOV_/J in/I stocks/J ,/, professionals/J have/V a/D number/J of/I _OOV_/J ./.
Mr./N Katz/J _OOV_/J issues/J with/I low/J _OOV_/J ratios/J --/: that/I is/V ,/, low/J prices/J in/I relation/J to/T the/D company/N 's/P earnings/N per/J share/N ./.
``/` _OOV_/J _OOV_/J ''/' stocks/J ,/, he/P says/V ,/, _OOV_/J _OOV_/J others/J ``/` during/I a/D recession/J or/C bear/J market/N ./. ''/'
In/I good/J times/J ,/, he/P says/V ,/, they/P lag/J a/D bit/J ,/, but/C overall/J they/P provide/J superior/J performance/J ./.
_OOV_/J _OOV_/J _OOV_/J investors/J to/T discard/J stocks/J in/I small/J companies/N ./.
_OOV_/J shares/N typically/J fall/J more/J than/I _OOV_/J stocks/J in/I a/D recession/J ,/, he/P says/V ./.
And/C in/I any/D case/J ,/, he/P argues/J ,/, stocks/J of/I small/J companies/N are/V ``/` almost/R as/I overpriced/J as/I they/P were/V Sept./J 30/C ,/, 1987/C ,/, just/R before/I the/D crash/J ./. ''/'
For/I example/J ,/, Mr./N _OOV_/J says/V ,/, stocks/J of/I small/J companies/N are/V selling/J for/I about/R 19/C times/J cash/J flow/J ./.
_OOV_/J flow/J ,/, _OOV_/J earnings/N plus/J depreciation/J ,/, is/V one/C common/J _OOV_/J of/I a/D company/N 's/P financial/J health/J ./. -RRB-/-
That/D ratio/J is/V _OOV_/J close/J to/T the/D ratio/J of/I _OOV_/J that/I prevailed/J before/I the/D 1987/C _OOV_/J crash/J ,/, Mr./N _OOV_/J says/V ./.
And/C it/P 's/P way/J above/J the/D ratio/J -LRB-/- _OOV_/J times/J cash/J flow/J -RRB-/- that/I bigger/J companies/N are/V selling/J for/I ./.
Another/J major/J _OOV_/J in/I making/J a/D portfolio/J _OOV_/J is/V choosing/J stocks/J in/I ``/` defensive/J ''/' industries/J ./.
Food/J ,/, _OOV_/J ,/, drugs/J and/C utilities/J are/V the/D classic/J examples/J ./.
Recession/J or/C not/R ,/, people/N still/R eat/J ,/, smoke/J ,/, and/C take/J medicine/J when/W they/P 're/J sick/J ./.
George/J _OOV_/J III/J ,/, editor/J of/I _OOV_/J _OOV_/J in/I Boston/J ,/, offers/J one/C final/J tip/J for/I _OOV_/J investors/J ./.
``/` _OOV_/J some/D money/J available/J for/I opportunities/J ,/, ''/' he/P says/V ./.
``/` If/I the/D recession/J does/J hit/J ,/, there/E will/M be/V some/D great/J investment/J opportunities/J just/R when/W things/J seem/J the/D _OOV_/J ./. ''/'
Mr./N Dorfman/J _OOV_/J investing/J issues/J from/I The/D Wall/J Street/J Journal/J 's/P New/N York/N bureau/J ./.
Some/D industry/N groups/J consistently/J weather/J the/D storm/J better/J than/I others/J ./.
The/D following/J shows/J the/D number/J of/I times/J these/D industries/J outperformed/J the/D Standard/J &/C Poor/J 's/P _OOV_/J Index/J during/I the/D first/J six/C months/N of/I the/D past/J seven/C _OOV_/J ./.
Bond/J prices/J posted/J strong/J gains/J as/I investors/J went/J on/I a/D bargain/J _OOV_/J ./.
But/C while/I the/D overall/J market/N improved/J ,/, the/D _OOV_/J junk-bond/J market/N continued/J to/T count/J _OOV_/J ,/, even/R as/I junk-bond/J prices/J rose/V ./.
Yesterday/J ,/, Prudential-Bache/J Securities/J Inc./N said/V it/P _OOV_/J a/D $/$ _OOV_/J million/C senior/J subordinated/J _OOV_/J offering/J by/I York/N International/J Corp/J ./.
And/C Donaldson/J ,/, Lufkin/J &/C Jenrette/J Securities/J Corp./N _OOV_/J to/T restructure/J and/C improve/J the/D potential/J returns/J on/I a/D $/$ _OOV_/J million/C _OOV_/J offering/J by/I Chicago/J &/C North/J Western/J Acquisition/J Corp./N that/I was/V still/R being/J negotiated/J late/J last/J night/J ./.
The/D issue/J by/I Chicago/J &/C North/J Western/J is/V one/C of/I the/D so-called/J good/J junk-bond/J offerings/J on/I the/D _OOV_/J _OOV_/J ./.
Some/D analysts/J said/V the/D restructuring/J of/I the/D railroad/J concern/J 's/P issue/J shows/J how/J tough/J it/P is/V for/I underwriters/J to/T sell/J even/R the/D junk/J bonds/J of/I a/D company/N considered/J to/T be/V a/D relatively/J good/J credit/J risk/J ./.
Since/J last/J week/J 's/P junk-bond/J market/N _OOV_/J ,/, many/J new/J issues/J of/I high-yield/J ,/, high-risk/J corporate/J bonds/J have/V either/C been/V scaled/J back/R ,/, delayed/J or/C dropped/J ./.
On/J Wednesday/J ,/, Drexel/N Burnham/J Lambert/J Inc./N had/V to/T _OOV_/J the/D size/J of/I Continental/J Airlines/J '/P junk-bond/J offering/J to/T $/$ 71/J million/C from/I $/$ 150/C million/C ./.
Salomon/J Brothers/J Inc./N has/V delayed/J Grand/J Union/J Co./N 's/P $/$ _OOV_/J billion/C junk-bond/J offering/J while/I it/P _OOV_/J the/D transaction/J ./.
Last/J week/J ,/, the/D Grand/J Union/J offering/J was/V sweetened/J to/T include/J warrants/J that/I allow/J _OOV_/J to/T acquire/J common/J stock/N ./.
Prudential-Bache/J said/V the/D York/N issue/J was/V delayed/J because/I of/I market/N conditions/J ./.
``/` _OOV_/J is/V going/J through/I _OOV_/J right/J now/R ,/, and/C -LCB-/J Chicago/J &/C North/J Western/J -RCB-/J is/V no/D _OOV_/J ,/, ''/' said/V _OOV_/J _OOV_/J ,/, vice/J president/N ,/, high-yield/J research/J ,/, at/I _OOV_/J ./.
_OOV_/J managers/J say/V _OOV_/J like/I equity/J _OOV_/J and/C _OOV_/J _OOV_/J _OOV_/J may/M increasingly/J be/V required/J to/T sell/J junk-bond/J deals/J ./.
Dan/J _OOV_/J ,/, managing/J director/J of/I high-yield/J investments/J at/I Chancellor/J Capital/J Management/J ,/, said/V the/D Chicago/J &/C North/J Western/J offering/J was/V restructured/J in/I part/J because/I ``/` several/J large/J insurance/J buyers/J right/J now/R are/V demanding/J equity/J as/I part/J of/I the/D package/J ./.
If/I you/P 're/J going/J to/T take/J the/D risk/J in/I this/D market/N ,/, you/P want/J something/J extra/J ./. ''/'
Mr./N _OOV_/J likes/J the/D offering/J ./.
But/C several/J mutual-fund/J managers/J ,/, nervous/J about/R the/D deteriorating/J quality/J of/I their/P junk-bond/J portfolios/J and/C _OOV_/J about/R buying/J new/J issues/J ,/, said/V they/P 're/J staying/J away/R from/I any/D junk/J security/J that/I is/V n't/R considered/J first/J rate/J for/I its/P class/J ./.
While/J they/P consider/J the/D Chicago/J &/C North/J Western/J issue/J to/T be/V good/J ,/, they/P do/V n't/R view/J it/P as/I the/D best/J ./.
To/J lure/J buyers/J to/T the/D Chicago/J &/C North/J Western/J bonds/J ,/, portfolio/J managers/J said/V Donaldson/J Lufkin/J sweetened/J the/D transaction/J by/I offering/J the/D bonds/J with/I a/D _OOV_/J interest/J rate/J and/C a/D 10/C %/N equity/J _OOV_/J ./.
The/D bonds/J are/V expected/J to/T have/V a/D 14/C %/N coupon/J rate/J ./.
The/D equity/J arrangement/J apparently/J would/M allow/J _OOV_/J to/T buy/J a/D total/J of/I 10/C %/N of/I the/D stock/N of/I _OOV_/J Corp./N ,/, Chicago/J &/C North/J Western/J 's/P parent/J company/N ./.
Donaldson/J Lufkin/J declined/J to/T comment/J on/I the/D restructuring/J ./.
According/J to/T some/D analysts/J familiar/J with/I the/D negotiations/J ,/, the/D 10/C %/N of/I equity/J would/M come/J directly/R from/I Donaldson/J Lufkin/J and/C a/D fund/J _OOV_/J with/I the/D investment/J bank/J _OOV_/J Group/J ,/, which/W would/M reduce/J their/P _OOV_/J equity/J holdings/J by/I 5/C %/N each/D ./.
That/D would/M leave/J the/D _OOV_/J fund/J with/I a/D 60/C %/N stake/J and/C Donaldson/J Lufkin/J with/I 15/C %/N ./.
Despite/J the/D problems/J with/I new/J issues/J ,/, high-yield/J bonds/J showed/J gains/J in/I the/D secondary/J ,/, or/C _OOV_/J ,/, market/N ./.
_OOV_/J bonds/J ended/J about/R one-half/J point/J higher/J with/I so-called/J high-quality/J issues/J from/I RJR/J Capital/J Holdings/J Corp./N and/C _OOV_/J Gas/J Service/J Limited/J _OOV_/J rising/J one/C point/J ./.
In/I the/D Treasury/J market/N ,/, the/D benchmark/J 30-year/J bond/J rose/V _OOV_/J point/J ,/, or/C $/$ 8.75/J for/I each/D $/$ 1,000/C face/J amount/J ./.
The/D gain/J reflects/J fresh/J economic/J evidence/J that/I inflation/J is/V _OOV_/J while/I the/D economy/J _OOV_/J ./.
That/D raised/J hopes/J that/I interest/J rates/J will/M continue/J to/T move/J lower/J ./.
The/D Labor/J Department/J reported/J that/I consumer/J prices/J rose/V just/R 0.2/J %/N last/J month/J ,/, slightly/J lower/J than/I some/D economists/J had/V expected/J ./.
But/C there/E were/V also/R rumors/J yesterday/J that/I several/J Japanese/J institutional/J investors/J were/V shifting/J their/P portfolios/J and/C buying/J long-term/J bonds/J while/I selling/J _OOV_/J Treasurys/J ./.
Short-term/J Treasury/J securities/J ended/J narrowly/J mixed/J ,/, with/I two-year/J notes/J _OOV_/J slight/J declines/J while/I _OOV_/J notes/J were/V slightly/J higher/J ./.
Yesterday/J ,/, the/D Fed/J executed/J four-day/J matched/J sales/N ,/, a/D technical/J trading/N operation/J designed/J to/T drain/J reserves/J from/I the/D banking/J system/J ./.
The/D move/J was/V interpreted/J by/I some/D economists/J as/I a/D sign/J that/I the/D Fed/J does/J n't/R want/J the/D federal/J funds/J rate/J to/T move/J any/D lower/J than/I the/D 8/C %/N at/I which/W it/P has/V been/V _OOV_/J around/J during/I the/D past/J week/J ./.
The/D closely/J watched/J funds/J rate/J is/V what/W banks/J charge/J each/D other/J on/I overnight/J loans/J ./.
It/P is/V considered/J an/D early/J _OOV_/J of/I Fed/J credit/J policy/J changes/J ./.
``/` The/D fact/J that/I they/P did/J four-day/J matched/J sales/N means/J they/P are/V not/R in/I a/D mood/J to/T ease/J aggressively/J ./.
They/P are/V telling/J us/J that/I -LCB-/J 8/C %/N -RCB-/J is/V as/I low/J as/I they/P want/J to/T see/J the/D fed/J funds/J rate/J ,/, ''/' said/V Robert/J _OOV_/J at/I _OOV_/J Bank/J PLC/J ./.
The/D benchmark/J 30-year/J bond/J was/V quoted/J late/J at/I a/D price/J of/I 101/C to/T yield/J _OOV_/J %/N ,/, compared/J with/I 100/C to/T yield/J _OOV_/J %/N Wednesday/J ./.
The/D latest/J 10-year/J notes/J were/V quoted/J late/J at/I 100/C to/T yield/J _OOV_/J %/N ,/, compared/J with/I 99/J to/T yield/J _OOV_/J %/N ./.
Short-term/J rates/J rose/V yesterday/J ./.
The/D discount/J rate/J on/I three-month/J Treasury/J bills/J rose/V to/T _OOV_/J %/N from/I _OOV_/J %/N Wednesday/J ,/, while/I the/D rate/J on/I six-month/J bills/J rose/V to/T _OOV_/J %/N from/I _OOV_/J %/N ./.
Meanwhile/J ,/, the/D Treasury/J sold/J $/$ _OOV_/J billion/C of/I _OOV_/J bills/J yesterday/J ./.
The/D average/J yield/J on/I the/D bills/J was/V _OOV_/J %/N ,/, down/R from/I _OOV_/J %/N at/I the/D previous/J _OOV_/J bill/J auction/J Sept./J 21/C ./.
Yesterday/J 's/P yield/J was/V the/D lowest/J since/I _OOV_/J %/N on/I July/J 27/J ./.
Here/J are/V details/J of/I the/D auction/J :/:
Rates/J are/V determined/J by/I the/D difference/J between/I the/D purchase/J price/J and/C face/J value/J ./.
Thus/J ,/, higher/J bidding/J narrows/J the/D investor/J 's/P return/J while/I lower/J bidding/J widens/J it/P ./.
The/D percentage/J rates/J are/V calculated/J on/I a/D 360-day/J year/N ,/, while/I the/D coupon-equivalent/J yield/J is/V based/J on/I a/D 365-day/J year/N ./.
_OOV_/J bond/J price/J climbed/J yesterday/J despite/J skittishness/J in/I the/D _OOV_/J market/N for/I high-yield/J securities/J ./.
Dealers/J said/V junk/J bond/J issues/J on/I average/J were/V up/R by/I to/T point/J with/I so-called/J quality/J issues/J from/I RJR/J Capital/J Holdings/J Corp./N and/C _OOV_/J Gas/J Service/J Limited/J _OOV_/J _OOV_/J _OOV_/J gains/J ./.
_OOV_/J Gas/J Service/J 's/P 13/C %/N debentures/J traded/J at/I 102/J ,/, after/I trading/N around/J par/J earlier/R this/D week/J ,/, and/C RJR/J 's/P 13/C %/N subordinated/J debentures/J of/I 2001/J were/V at/I 101/C after/I trading/N at/I below/J par/J earlier/R this/D week/J ./.
Investment-grade/J bonds/J were/V unchanged/J ./.
Activity/J was/V brisk/J in/I the/D _OOV_/J general/J _OOV_/J market/N ,/, as/I a/D series/J of/I sell/J lists/J hit/J the/D Street/J and/C capped/J upward/J price/J movement/J in/I the/D sector/J ./.
Traders/J estimated/J that/I more/J than/I $/$ 140/J million/C of/I _OOV_/J bonds/J was/V put/J up/R for/I sale/J via/J _OOV_/J lists/J _OOV_/J by/I a/D handful/J of/I major/J brokers/J ./.
There/J was/V speculation/J that/I the/D supply/J was/V coming/J from/I a/D commercial/J bank/J 's/P portfolios/J ./.
According/J to/T market/N participants/J ,/, the/D bonds/J were/V met/J with/I decent/J bids/J ,/, but/C the/D volume/J of/I paper/J left/J high/J _OOV_/J in/I the/D 10-year/J and/C under/I maturity/J range/J unchanged/J to/T _OOV_/J percentage/J point/J higher/J in/I yield/J ./.
_OOV_/J from/I the/D general/J _OOV_/J sector/J ,/, activity/J was/V modest/J ./.
Long/J dollar/J bonds/J were/V flat/J to/T up/R point/J ./.
New/N Jersey/J _OOV_/J Authority/J 's/P 7.20/J %/N issue/J of/I _OOV_/J was/V up/R at/I 98/J bid/J to/T yield/J about/R 7.32/J %/N ,/, down/R _OOV_/J percentage/J point/J ./.
The/D debt/J of/I some/D California/J issuers/J pulled/J off/R lows/J reached/J after/I Tuesday/J 's/P massive/J earthquake/J ,/, although/J traders/J said/V market/N participants/J remained/J cautious/J ./.
California/J expects/J to/T _OOV_/J on/I federal/J emergency/J funds/J and/C its/P $/$ _OOV_/J billion/C in/I general/J fund/J reserves/J to/T meet/J the/D estimated/J $/$ 500/C million/C to/T $/$ 1/C billion/C in/I damages/J resulting/J from/I the/D quake/J ,/, according/J to/T a/D state/J official/J ./.
It/P 's/P also/R unclear/J _OOV_/J how/J the/D state/J will/M _OOV_/J its/P reserve/J ,/, said/V _OOV_/J Katz/J ,/, assistant/J director/J of/I California/J 's/P department/J of/I finance/J ,/, although/J she/P noted/J that/I a/D bond/J offering/J for/I that/I purpose/J is/V n't/R anticipated/J ./.
Meanwhile/J ,/, new/J issuance/J was/V slow/J ./.
The/D largest/J sale/J in/I the/D competitive/J _OOV_/J was/V a/D $/$ _OOV_/J million/C issue/J of/I school/J financing/J bonds/J from/I the/D _OOV_/J Public/J School/J Authority/J ./.
A/D balance/J of/I $/$ _OOV_/J million/C remained/J in/I late/J _OOV_/J ,/, according/J to/T the/D lead/J manager/J ./.
Mortgage/J securities/J generally/J ended/J to/T point/J higher/J ,/, but/C _OOV_/J gains/J in/I the/D Treasury/J market/N because/I of/I a/D shift/J in/I the/D shape/J of/I the/D Treasury/J yield/J curve/J and/C rumored/J mortgage/J sales/N by/I thrifts/J ./.
_OOV_/J Government/J National/J Mortgage/J Association/J securities/J with/I coupon/J rates/J of/I 13/C %/N and/C higher/J actually/J declined/J amid/J concerns/J about/R increased/J prepayments/J because/I of/I a/D plan/J being/J considered/J by/I Congress/J to/T speed/J the/D _OOV_/J of/I _OOV_/J mortgages/J ./.
Ginnie/J Mae/J 13/C %/N securities/J were/V down/R about/R at/I _OOV_/J ./.
If/I the/D _OOV_/J plan/J _OOV_/J Congress/J ,/, there/E could/M be/V fairly/J heavy/J prepayments/J on/I the/D premium/J securities/J ,/, hurting/J any/D investor/J paying/J much/J above/J par/J for/I them/P ./.
In/I the/D _OOV_/J sector/J ,/, a/D shift/J in/I the/D Treasury/J yield/J curve/J resulting/J from/I the/D better/J performance/J of/I _OOV_/J issues/J over/I _OOV_/J securities/J hurt/J major/J _OOV_/J because/I it/P will/M become/J more/J difficult/J to/T structure/J new/J derivative/J securities/J offerings/J ./.
Ginnie/J Mae/J 9/C %/N securities/J ended/J at/I 98/J ,/, up/R 9/C ,/, 9/C %/N
%/N to/T a/D 12-year/J average/J life/J assumption/J ,/, as/I the/D spread/J above/J the/D Treasury/J 10-year/J note/J widened/J _OOV_/J percentage/J point/J to/T _OOV_/J ./.
While/J Remic/J issuance/J may/M slow/J in/I the/D coming/J days/J because/I of/I the/D shift/J in/I the/D Treasury/J yield/J curve/J ,/, underwriters/J continued/J to/T _OOV_/J out/R new/J real/J estate/J mortgage/J investment/J conduits/J structured/J when/W the/D yield/J curve/J was/V more/J favorable/J ./.
Two/J new/J _OOV_/J _OOV_/J $/$ 900/J million/C were/V announced/J by/I Freddie/J Mac/J yesterday/J ./.
British/J government/J bonds/J ended/J little/J changed/J as/I investors/J awaited/J an/D economic/J policy/J address/J last/J night/J by/I Chancellor/J of/I the/D _OOV_/J Nigel/J _OOV_/J ./.
The/D Treasury/J 11/C %/N bond/J due/J was/V down/R at/I 111/J to/T yield/J _OOV_/J %/N ,/, while/I the/D 11/C %/N notes/J due/J 1991/C were/V unchanged/J at/I 98/J to/T yield/J _OOV_/J %/N ./.
In/I Japan/J ,/, the/D bellwether/J No./J 111/J 4.6/C %/N bond/J of/I 1998/J ended/J off/R _OOV_/J at/I _OOV_/J ,/, to/T yield/J _OOV_/J %/N ,/, and/C in/I West/J Germany/J ,/, the/D 7/C %/N benchmark/J issue/J due/J October/J 1999/J ended/J _OOV_/J point/J lower/J at/I _OOV_/J to/T yield/J _OOV_/J %/N ./.
