``/` We/P 're/V strongly/N _OOV_/N that/I anyone/N who/W has/V eaten/N in/I the/D _OOV_/N this/D month/N have/V the/D shot/N ,/, ''/' Mr./N _OOV_/N added/V ,/, ``/` and/C that/I means/V virtually/N everyone/N who/W works/N here/R ./.
I/P was/V _OOV_/N to/T read/V the/D _OOV_/N of/I facts/N in/I your/N Oct./N 13/C editorial/N ``/` _OOV_/N 's/P _OOV_/N _OOV_/N ./. ''/'
It/P is/V the/D _OOV_/N _OOV_/N who/W are/V _OOV_/N with/I the/D drug/N traffickers/N ,/, not/R the/D left/V _OOV_/N ./.
This/D information/N was/V _OOV_/N from/I your/N own/J news/N stories/N on/I the/D region/N ./.
_OOV_/N _OOV_/N government/N _OOV_/N of/I the/D ``/` _OOV_/N ''/' was/V due/J to/T the/D drug/N _OOV_/N '/P history/N of/I _OOV_/N out/I _OOV_/N in/I the/D _OOV_/N ./.
Mary/N _OOV_/N Palo/N Alto/N ,/, Calif/N ./.
I/P suggest/V that/I The/D Wall/N Street/N Journal/N -LRB-/- as/I well/R as/I other/J U.S./N news/N publications/N of/I like/I mind/N -RRB-/- should/M put/V its/P money/N where/W its/P _OOV_/N is/V :/: _OOV_/N computer/N equipment/N to/T replace/N that/I damaged/N at/I El/N _OOV_/N ,/, buy/V ad/N space/N ,/, publish/V stories/N under/I the/D _OOV_/N of/I El/N _OOV_/N journalists/N ./.
Perhaps/N an/D arrangement/N could/M be/V worked/V out/I to/T ``/` sponsor/N ''/' El/N _OOV_/N journalists/N and/C staff/N by/I paying/V for/I added/V security/N in/I exchange/N for/I exclusive/N stories/N ./.
_OOV_/N El/N _OOV_/N 's/P courage/N with/I real/J support/N ./.
Douglas/N B./N Evans/N
_OOV_/N Co/N ./. -LRB-/- Atlanta/N -RRB-/- --/: _OOV_/N _OOV_/N and/C George/N _OOV_/N were/V elected/V vice/N _OOV_/N of/I this/D _OOV_/N company/N ./.
Mr./N _OOV_/N ,/, 46/N years/N old/J ,/, is/V the/D company/N 's/P director/N of/I quality/N _OOV_/N ;/: most/J recently/R ,/, he/P served/V as/I vice/N president/N ,/, operations/N ,/, for/I Coca-Cola/N _OOV_/N ./.
Mr./N _OOV_/N ,/, 48/N ,/, is/V manager/N for/I corporate/J manufacturing/N operations/N ;/: he/P was/V assistant/N vice/N president/N at/I the/D company/N ./.
In/I the/D wake/N of/I a/D slide/N in/I sterling/N ,/, a/D tailspin/N in/I the/D stock/N market/N ,/, and/C a/D string/N of/I _OOV_/N economic/J _OOV_/N ,/, British/J Chancellor/N of/I the/D _OOV_/N Nigel/N _OOV_/N promised/N gradual/N improvement/N in/I the/D U.K./N economy/N ./.
In/I a/D speech/N prepared/V for/I delivery/N to/T London/N 's/P financial/J community/N ,/, Mr./N _OOV_/N _OOV_/N up/R current/J economic/J policy/N as/I a/D battle/N to/T _OOV_/N inflation/N out/I of/I the/D British/J economy/N ,/, using/V high/J interest/N rates/N as/I ``/` the/D essential/N _OOV_/N ''/' to/T carry/V out/I the/D campaign/N ./.
Two/N weeks/N after/I _OOV_/N base/N rates/N to/T 15/C %/N ,/, he/P _OOV_/N that/I ``/` rates/N will/M have/V to/T remain/V high/J for/I some/D time/N to/T come/V ./. ''/'
Mr./N _OOV_/N also/R made/V it/P clear/J that/I he/P would/M be/V watching/N exchange/N rates/N carefully/N ./.
A/D sinking/N pound/N makes/V imports/N more/J expensive/N and/C increases/N businesses/N '/P expectations/N of/I future/N inflation/N ,/, he/P argued/N ./.
In/I an/D apparent/N warning/N to/T currency/N traders/N who/W have/V lately/N been/V selling/V the/D British/J currency/N ,/, he/P stated/N that/I the/D exchange/N rates/N will/M have/V a/D ``/` major/J role/N in/I the/D assessment/N of/I monetary/N conditions/N ./. ''/'
In/I _OOV_/N the/D current/J monetary/N policy/N of/I using/V high/J interest/N rates/N to/T fight/N inflation/N and/C shore/N up/R the/D pound/N ,/, Mr./N _OOV_/N _OOV_/N other/J approaches/N to/T managing/N the/D economy/N ./.
He/P said/V he/P _OOV_/N the/D _OOV_/N figures/N ,/, but/C does/V n't/R give/V them/P _OOV_/N importance/N ,/, as/I some/D private/J and/C government/N economists/N have/V suggested/N ./.
Mr./N _OOV_/N also/R _OOV_/N the/D possibility/N of/I _OOV_/N direct/N credit/N controls/N on/I Britain/N 's/P financial/J system/N ./.
Mr./N _OOV_/N 's/P speech/N ,/, delivered/V at/I the/D Lord/N Mayor/N of/I London/N 's/P annual/J dinner/N at/I _OOV_/N House/N ,/, came/V on/I the/D heels/N of/I a/D _OOV_/N period/N for/I the/D U.K./N economy/N ./.
Two/N weeks/N ago/I ,/, in/I a/D campaign/N to/T _OOV_/N inflation/N at/I home/N and/C arrest/N a/D world-wide/N plunge/N in/I the/D pound/N ,/, he/P raised/V base/N rates/N a/D full/J percentage/N point/N to/T 15/C %/N ./.
Despite/N the/D increase/N ,/, the/D British/J currency/N slid/N below/N a/D perceived/N _OOV_/N of/I three/C marks/N early/J last/J week/N ./.
It/P was/V quoted/V at/I _OOV_/N marks/N in/I late/J New/N York/N trading/N Wednesday/N ./.
_OOV_/N up/R to/T the/D speech/N was/V a/D _OOV_/N of/I economic/J statistics/N suggesting/N that/I the/D British/J war/N on/I inflation/N will/M be/V more/J _OOV_/N than/I previously/N assumed/N ./.
_OOV_/N in/I September/N dropped/V to/T _OOV_/N ,/, the/D lowest/N level/N since/I 1980/N ./.
While/I lower/J _OOV_/N is/V generally/N good/J news/N ,/, the/D hefty/N drop/N last/J month/N indicates/N that/I the/D economy/N is/V n't/R slowing/N down/R as/I much/J as/I hoped/N --/: despite/N a/D _OOV_/N of/I interest/N rates/N over/I the/D last/J 16/C months/N ./.
Meanwhile/N ,/, average/N earnings/N in/I Britain/N were/V up/R 8.75/N %/N in/I August/N over/I the/D previous/J year/N ./.
Another/N _OOV_/N sign/N came/V in/I a/D surge/N in/I _OOV_/N lending/N to/T a/D record/N #/N _OOV_/N billion/C -LRB-/- $/$ _OOV_/N billion/C -RRB-/- last/J month/N ,/, a/D much/J higher/J level/N than/I economists/N had/V predicted/V ./.
In/I a/D separate/N speech/N prepared/V for/I delivery/N at/I the/D dinner/N ,/, Robin/N _OOV_/N ,/, Bank/N of/I England/N governor/N ,/, conceded/N that/I ``/` demand/N pressures/N were/V even/R more/J buoyant/N than/I had/V been/V _OOV_/N ''/' when/W the/D British/J economy/N was/V heating/N up/R last/J year/N ./.
He/P added/V that/I ``/` there/E 's/P no/D _OOV_/N solution/N ''/' to/T the/D economic/J woes/N ,/, and/C said/V ``/` _OOV_/N monetary/N policy/N is/V the/D right/N approach/N ./. ''/'
_OOV_/N the/D recent/J slide/N in/I stock/N prices/N ,/, the/D central/N bank/N governor/N stated/N that/I ``/` the/D markets/N now/R appear/V to/T have/V _OOV_/N ''/' after/I the/D ``/` nasty/N jolt/N ''/' of/I the/D _OOV_/N plunge/N in/I the/D Dow/N Jones/N Industrial/N Average/N a/D week/N ago/I ./.
Although/I the/D New/N York/N market/N plunge/N prompted/N a/D _OOV_/N drop/N in/I the/D London/N Financial/N Times-Stock/N Exchange/N 100/C Share/N Index/N ,/, Mr./N _OOV_/N declared/N ``/` that/I the/D experience/N owed/N nothing/N to/T the/D particular/N problems/N of/I the/D British/J economy/N ./. ''/'
_OOV_/N ,/, he/P pointed/N out/I that/I compared/V with/I the/D U.S./N market/N ,/, the/D U.K./N has/V far/R fewer/N highly/N leveraged/N junk-bond/N _OOV_/N ./.
_OOV_/N future/N monetary/N arrangements/N ,/, Mr./N _OOV_/N _OOV_/N the/D Thatcher/N government/N 's/P commitment/N to/T join/N the/D exchange/N rate/N mechanism/N of/I the/D European/N _OOV_/N System/N ,/, but/C he/P did/V n't/R indicate/N when/W ./.
C./N Olivetti/N &/C Co./N ,/, claiming/N it/P has/V won/V the/D _OOV_/N in/I Europe/N to/T introduce/N computers/N based/V on/I a/D powerful/N new/J microprocessor/N chip/N ,/, unveiled/N its/P _OOV_/N computer/N yesterday/N ./.
The/D product/N is/V the/D first/J from/I a/D European/N company/N based/V on/I Intel/N Corp./N 's/P new/J _OOV_/N _OOV_/N microprocessor/N ,/, which/W works/N several/J times/N faster/N than/I previously/N available/J chips/N ./.
Hewlett-Packard/N Co./N became/V the/D first/J company/N world-wide/N to/T announce/N a/D product/N based/V on/I the/D chip/N earlier/R this/D month/N ,/, but/C it/P wo/N n't/R start/V shipping/N the/D computers/N until/I early/J next/J year/N ./.
An/N Olivetti/N spokesman/N said/V the/D company/N 's/P _OOV_/N are/V already/R beginning/N to/T produce/V the/D machine/N ,/, and/C that/I it/P should/M be/V available/J in/I Europe/N by/I December/N ./.
``/` What/N this/D means/V is/V that/I _OOV_/N will/M have/V these/D machines/N in/I their/P _OOV_/N before/I Americans/N do/V ,/, ''/' the/D spokesman/N said/V ./.
The/D new/J chip/N ``/` is/V a/D very/R big/J step/N in/I computing/N ,/, and/C it/P is/V important/J that/I Olivetti/N be/V one/C of/I the/D first/J out/I on/I the/D market/N with/I this/D product/N ,/, ''/' said/V _OOV_/N _OOV_/N Davis/N ,/, an/D analyst/N at/I James/N _OOV_/N &/C Co./N in/I London/N ./.
Executives/N at/I Olivetti/N ,/, whose/N earnings/N have/V been/V steadily/N sliding/N over/I the/D past/J couple/N of/I years/N ,/, have/V acknowledged/N that/I in/I the/D past/J they/P have/V _OOV_/N at/I getting/V new/J technology/N to/T market/N ./.
Ms./N Davis/N said/V the/D new/J machines/N could/M steal/N some/D sales/N away/N from/I Olivetti/N 's/P own/J _OOV_/N ,/, but/C would/M bring/V new/J sales/N among/I professionals/N such/J as/I engineers/N ,/, _OOV_/N and/C medical/N doctors/N ./.
Although/I Olivetti/N 's/P profits/N tumbled/N 40/C %/N in/I the/D first/J half/N of/I this/D year/N ,/, she/P believes/V Olivetti/N 's/P restructuring/N last/J fall/N and/C its/P introduction/N of/I new/J products/N will/M begin/V to/T bear/N fruit/N with/I an/D earnings/N rebound/N next/J year/N ,/, especially/N if/I it/P can/M _OOV_/N its/P promise/N to/T deliver/N the/D new/J machines/N by/I December/N ./.
``/` We/P think/V the/D worst/N is/V over/I ''/' in/I the/D European/N _OOV_/N market/N ,/, she/P said/V ./.
Depending/N on/I the/D type/N of/I software/N and/C _OOV_/N used/V ,/, the/D machines/N can/M serve/N either/N as/I the/D main/N computer/N in/I a/D network/N of/I many/J _OOV_/N -LRB-/- a/D role/N usually/N filled/N by/I a/D _OOV_/N -RRB-/- ,/, as/I a/D technical/N workstation/N or/C as/I a/D very/R fast/N personal/N computer/N ./.
``/` It/P 's/P the/D missing/N link/N ''/' in/I Olivetti/N 's/P product/N line/N between/I small/J personal/N computers/N and/C _OOV_/N _OOV_/N ,/, the/D Olivetti/N spokesman/N said/V ./.
He/P added/V that/I Olivetti/N will/M continue/V making/V its/P _OOV_/N _OOV_/N line/N ./.
The/D machines/N will/M cost/N around/I $/$ _OOV_/N on/I average/N in/I Europe/N ./.
The/D Intel/N _OOV_/N chip/N can/M process/N 15/C million/C _OOV_/N per/N second/J ,/, or/C _OOV_/N ,/, while/I Intel/N 's/P previous/J _OOV_/N chip/N could/M handle/N only/R 3/C to/T 6/N _OOV_/N ./.
Olivetti/N also/R plans/N to/T sell/V the/D _OOV_/N computer/N in/I the/D U.S./N starting/N next/J year/N through/I Olivetti/N USA/N and/C through/I its/P _OOV_/N unit/N ,/, which/W _OOV_/N in/I _OOV_/N _OOV_/N networks/N ./.
_OOV_/N Inc./N said/V it/P received/V approval/N from/I the/D French/N government/N for/I its/P proposed/V $/$ _OOV_/N million/C acquisition/N of/I _OOV_/N _OOV_/N ./.
The/D approval/N _OOV_/N the/D remaining/V conditions/N of/I the/D purchase/N ,/, which/W is/V expected/V to/T close/V within/I two/C weeks/N ./.
_OOV_/N ,/, the/D second-largest/N maker/N of/I food/N cans/N in/I France/N ,/, had/V 1988/C sales/N of/I $/$ 150/N million/C ./.
_OOV_/N has/V _OOV_/N workers/N at/I four/C canning/N manufacturing/N plants/N and/C one/C plastic/N _OOV_/N facility/N ./.
_OOV_/N makes/V _OOV_/N packaging/N films/N and/C machinery/N ,/, and/C materials/N for/I the/D food/N and/C pharmaceutical/N industries/N ./.
Social/N Security/N benefits/N will/M rise/N _OOV_/N %/N next/J year/N to/T keep/V pace/N with/I inflation/N ,/, _OOV_/N the/D average/N monthly/N benefit/N to/T $/$ _OOV_/N from/I $/$ _OOV_/N ,/, the/D Department/N of/I Health/N and/C _OOV_/N Services/N announced/V ./.
The/D higher/J payments/N will/M start/V with/I Social/N Security/N _OOV_/N received/V on/I Jan./N 3/C ,/, 1990/C ./.
_OOV_/N Security/N Income/N payments/N to/T the/D _OOV_/N also/R will/M rise/N _OOV_/N %/N ,/, starting/N with/I _OOV_/N received/V on/I Dec./N 29/N ,/, 1988/C ,/, increasing/V the/D maximum/N _OOV_/N payment/N to/T $/$ _OOV_/N from/I $/$ _OOV_/N a/D month/N ./.
The/D inflation/N adjustment/N also/R means/V that/I the/D maximum/N annual/J level/N of/I earnings/N subject/N to/T the/D wage/N tax/N that/I _OOV_/N revenue/N for/I the/D Social/N Security/N trust/N fund/N will/M rise/N to/T $/$ _OOV_/N in/I 1990/C from/I $/$ _OOV_/N this/D year/N ./.
As/I mandated/N by/I law/N ,/, the/D tax/N rate/N will/M rise/N to/T _OOV_/N %/N in/I 1990/C from/I _OOV_/N %/N and/C wo/N n't/R rise/N any/D further/J in/I the/D future/N ./.
This/D means/V that/I the/D maximum/N yearly/N Social/N Security/N tax/N paid/V by/I workers/N and/C employers/N each/D will/M rise/N $/$ _OOV_/N next/J year/N to/T $/$ _OOV_/N ./.
_OOV_/N aged/N 65/N through/I 69/N will/M be/V able/J to/T earn/N $/$ _OOV_/N without/I losing/V any/D Social/N Security/N benefits/N in/I 1990/C ,/, up/R from/I $/$ _OOV_/N this/D year/N ./.
The/D _OOV_/N amount/N for/I _OOV_/N under/I 65/N will/M rise/N to/T $/$ _OOV_/N from/I $/$ _OOV_/N ./.
The/D _OOV_/N reflect/V the/D increase/N in/I the/D consumer/N price/N index/N for/I urban/N wage/N _OOV_/N and/C _OOV_/N workers/N from/I the/D third/J quarter/N of/I last/J year/N to/T the/D third/J quarter/N of/I this/D year/N ./.
_OOV_/N companies/N should/M get/V _OOV_/N in/I the/D third/J quarter/N ./.
_OOV_/N houses/N are/V expected/V to/T report/N earnings/N increases/N of/I about/I 15/C %/N on/I average/N for/I the/D third/J quarter/N ,/, despite/N sales/N increases/N of/I less/J than/I 10/C %/N ,/, analysts/N say/V ./.
To/N offset/V sluggish/N sales/N growth/N ,/, companies/N have/V been/V cutting/N staff/N ,/, mostly/N through/I _OOV_/N ,/, and/C slowing/N the/D growth/N in/I research/N and/C development/N spending/N ./.
Sales/N growth/N in/I the/D quarter/N was/V slowed/N by/I mounting/N pressure/N from/I groups/N of/I buyers/N ,/, such/J as/I hospitals/N ,/, to/T hold/V down/R prices/N ./.
_OOV_/N were/V also/R hurt/V by/I the/D _OOV_/N U.S./N dollar/N ,/, which/W makes/V sales/N abroad/N more/J difficult/N ./.
In/I some/D cases/N ,/, competition/N has/V squeezed/N margins/N ./.
_OOV_/N ,/, _OOV_/N &/C Co./N ,/, for/I example/N ,/, faces/V stiff/N competition/N from/I a/D Japanese/J supplier/N in/I the/D important/J _OOV_/N market/N ./.
The/D Franklin/N _OOV_/N ,/, N.J./N ,/, company/N is/V expected/V to/T report/N sales/N growth/N of/I only/R 5/C %/N to/T 6/N %/N ,/, but/C should/M still/R maintain/V earnings/N growth/N of/I 10/C %/N ,/, says/V _OOV_/N E./N _OOV_/N ,/, an/D analyst/N with/I Duff/N &/C Phelps/N Inc/N ./.
Among/N the/D first/J of/I the/D group/N to/T post/N results/N ,/, Abbott/N Laboratories/N said/V third-quarter/J net/J income/N jumped/V 14/C %/N to/T $/$ _OOV_/N million/C ,/, or/C 88/N cents/N a/D share/N ,/, from/I $/$ _OOV_/N million/C ,/, or/C _OOV_/N cents/N a/D share/N ,/, a/D year/N earlier/R ./.
Sales/N for/I the/D company/N ,/, based/V in/I Abbott/N _OOV_/N ,/, Ill./N ,/, rose/V _OOV_/N %/N to/T $/$ 1.31/N billion/C from/I $/$ _OOV_/N billion/C ./.
_OOV_/N International/N Inc./N yesterday/N reported/V net/J climbed/V 20/C %/N in/I the/D third/J period/N to/T $/$ 102/N million/C ,/, or/C 34/N cents/N a/D share/N ,/, from/I $/$ 85/N million/C ,/, or/C 28/N cents/N a/D share/N ,/, a/D year/N earlier/R ./.
Sales/N for/I the/D _OOV_/N ,/, Ill./N ,/, company/N rose/V 5.8/N %/N to/T $/$ _OOV_/N billion/C from/I $/$ 1.71/N billion/C ./.
But/C not/R every/N company/N expects/V to/T report/N increased/V earnings/N ./.
C.R./N Bard/N Inc./N yesterday/N said/V third-quarter/J net/J plunged/N 51/N %/N to/T $/$ _OOV_/N million/C ,/, or/C 18/C cents/N a/D share/N ,/, from/I $/$ 20/C million/C ,/, or/C 35/C cents/N a/D share/N ,/, a/D year/N earlier/R ./.
Sales/N fell/V 1.2/N %/N to/T $/$ _OOV_/N million/C from/I $/$ _OOV_/N million/C ./.
The/D Murray/N Hill/N ,/, N.J./N ,/, company/N said/V full-year/N earnings/N may/M be/V off/R 33/N cents/N a/D share/N because/I the/D company/N removed/N a/D _OOV_/N from/I the/D market/N ./.
In/I 1988/C ,/, the/D company/N earned/V $/$ _OOV_/N a/D share/N ./.
The/D Food/N and/C Drug/N Administration/N had/V raised/V questions/N about/I the/D device/N 's/P design/N ./.
Some/D analysts/N add/V that/I _OOV_/N pressures/N to/T reduce/V health/N costs/N will/M continue/V to/T _OOV_/N companies/N '/P bottom/N lines/N ./.
Takeover/N speculation/N ,/, which/W has/V been/V _OOV_/N stocks/N of/I supply/N houses/N ,/, may/M also/R ease/N ,/, says/V Peter/N _OOV_/N ,/, an/D analyst/N with/I Drexel/N Burnham/N Lambert/N Inc/N ./.
``/` As/I that/I _OOV_/N ,/, you/P 're/V going/V to/T see/V the/D stocks/N probably/R _OOV_/N as/I well/R ,/, ''/' he/P says/V ./.
_OOV_/N companies/N ,/, meanwhile/N ,/, are/V reporting/N improved/V earnings/N ./.
_OOV_/N by/I strong/J _OOV_/N by/I its/P _OOV_/N hospitals/N ,/, National/N Medical/N _OOV_/N Inc./N ,/, Los/N Angeles/N ,/, reported/V net/J income/N of/I $/$ 50/C million/C ,/, or/C 65/N cents/N a/D share/N ,/, for/I the/D first/J quarter/N ended/V Aug./N 31/C ,/, up/R from/I $/$ 41/N million/C ,/, or/C 56/N cents/N a/D share/N ,/, a/D year/N earlier/R ./.
_OOV_/N Inc./N ,/, Louisville/N ,/, Ky./N ,/, also/R reported/V favorable/N results/N ,/, with/I net/J income/N of/I $/$ 66.7/N million/C ,/, or/C 66/N cents/N ,/, in/I the/D fourth/N quarter/N ended/V Aug./N 31/C ,/, up/R from/I $/$ _OOV_/N million/C ,/, or/C 59/N cents/N ,/, a/D year/N earlier/R ./.
Analysts/N say/V the/D handful/N of/I hospital/N companies/N that/I are/V still/R publicly/N traded/V are/V benefiting/N from/I several/J trends/N ./.
Most/N important/J ,/, hospital/N _OOV_/N rates/N are/V stabilizing/N after/I several/J years/N of/I decline/N ./.
Moreover/N ,/, companies/N have/V sold/V off/R many/J of/I their/P smaller/J ,/, less-profitable/N hospitals/N and/C have/V completed/V painful/N _OOV_/N ./.
_OOV_/N 's/P revenues/N ,/, for/I example/N ,/, are/V being/V boosted/N by/I large/J increases/N in/I _OOV_/N in/I the/D company/N 's/P health/N maintenance/N organizations/N ./.
_OOV_/N _OOV_/N _OOV_/N ,/, an/D analyst/N with/I _OOV_/N _OOV_/N _OOV_/N :/: ``/` The/D shakeout/N in/I the/D publicly/N traded/V companies/N is/V over/I ./.
Initial/N claims/N for/I regular/N state/N unemployment/N benefits/N rose/V to/T a/D seasonally/N adjusted/N _OOV_/N during/I the/D week/N ended/V Oct./N 7/C from/I _OOV_/N the/D previous/J week/N ,/, the/D Labor/N Department/N said/V ./.
The/D number/N of/I people/N receiving/N regular/N state/N benefits/N in/I the/D week/N ended/V Sept./N 30/C decreased/N to/T a/D seasonally/N adjusted/N _OOV_/N ,/, or/C 2.2/N %/N of/I those/D covered/N by/I unemployment/N insurance/N ,/, from/I _OOV_/N the/D previous/J week/N ,/, when/W the/D insured/V unemployment/N rate/N also/R was/V 2.2/N %/N ./.
_OOV_/N all/D state/N and/C federal/J benefit/N programs/N ,/, the/D number/N of/I people/N receiving/N unemployment/N benefits/N in/I the/D week/N ended/V Sept./N 30/C fell/V to/T _OOV_/N from/I _OOV_/N a/D week/N earlier/R ./.
These/N figures/N are/V n't/R seasonally/N adjusted/N ./.
A/D Labor/N Department/N spokesman/N said/V the/D unusually/N high/J number/N of/I initial/N claims/N for/I state/N unemployment/N benefits/N reflects/V the/D impact/N of/I Hurricane/N Hugo/N on/I southern/N states/N ,/, particularly/N North/N Carolina/N and/C South/N Carolina/N ./.
The/D figure/N also/R may/M reflect/V initial/N claims/N filed/V by/I striking/N _OOV_/N Corp./N workers/N who/W have/V become/V eligible/N for/I unemployment/N benefits/N ,/, the/D official/N said/V ./.
Digital/N Equipment/N Corp./N reported/V a/D 32/N %/N decline/N in/I net/J income/N on/I a/D modest/N revenue/N gain/N in/I its/P fiscal/J first/J quarter/N ,/, causing/N some/D analysts/N to/T predict/N weaker/N results/N ahead/N than/I they/P had/V expected/V ./.
Although/I the/D second-largest/N computer/N maker/N had/V prepared/V Wall/N Street/N for/I a/D poor/N quarter/N ,/, analysts/N said/V they/P were/V troubled/N by/I signs/N of/I flat/N U.S./N orders/N and/C a/D slowdown/N in/I the/D rate/N of/I gain/N in/I foreign/J orders/N ./.
The/D Maynard/N ,/, Mass./N ,/, company/N is/V in/I a/D transition/N in/I which/W it/P is/V trying/V to/T reduce/V its/P reliance/N on/I _OOV_/N machines/N and/C establish/N a/D presence/N in/I workstations/N and/C _OOV_/N ./.
Net/N for/I the/D quarter/N ended/V Sept./N 30/C fell/V to/T $/$ _OOV_/N million/C ,/, or/C $/$ _OOV_/N a/D share/N ,/, from/I $/$ _OOV_/N million/C ,/, or/C $/$ 1.71/N a/D share/N ,/, a/D year/N ago/I ./.
Revenue/N rose/V 6.4/N %/N to/T $/$ _OOV_/N billion/C from/I $/$ _OOV_/N billion/C ./.
Digital/N said/V a/D shift/N in/I its/P product/N _OOV_/N toward/N _OOV_/N products/N and/C strong/J growth/N in/I workstation/N sales/N _OOV_/N lower/J gross/N margins/N ./.
A/D spokesman/N also/R said/V margins/N for/I the/D company/N 's/P service/N business/N _OOV_/N somewhat/N because/I of/I heavy/J investments/N made/V in/I that/I sector/N ./.
The/D lack/N of/I a/D strong/J product/N at/I the/D high/J end/N of/I Digital/N 's/P line/N was/V a/D significant/N drag/N on/I sales/N ./.
Digital/N hopes/N to/T address/N that/I with/I the/D debut/N of/I its/P first/J _OOV_/N computers/N next/J Tuesday/N ./.
The/D new/J line/N is/V aimed/V directly/R at/I International/N Business/N Machines/N Corp/N ./.
``/` Until/N the/D new/J _OOV_/N products/N _OOV_/N in/I ,/, there/E wo/N n't/R be/V a/D lot/N of/I revenue/N _OOV_/N at/I the/D high/J end/N ,/, and/C that/I 's/P hurt/V us/P ,/, ''/' said/V Mark/N _OOV_/N ,/, Digital/N 's/P director/N of/I investor/N relations/N ./.
He/P said/V unfavorable/N currency/N _OOV_/N were/V also/R a/D factor/N in/I the/D quarter/N ./.
_OOV_/N shares/N rose/V $/$ 1.375/N to/T $/$ _OOV_/N apiece/N in/I consolidated/N New/N York/N Stock/N Exchange/N trading/N yesterday/N ./.
But/C analysts/N said/V that/I against/I the/D backdrop/N of/I a/D nearly/R _OOV_/N rise/N in/I the/D Dow/N Jones/N Industrial/N Average/N ,/, that/I should/M n't/R necessarily/N be/V taken/V as/I a/D sign/N of/I great/J strength/N ./.
Some/D cut/V their/P earnings/N estimates/N for/I the/D stock/N this/D year/N and/C predicted/V more/J efforts/N to/T control/N costs/N ahead/N ./.
``/` I/P think/V the/D next/J few/J quarters/N will/M be/V difficult/N ,/, ''/' said/V Steven/N _OOV_/N of/I First/N Boston/N ./.
``/` _OOV_/N will/M remain/V under/I pressure/N ,/, and/C when/W the/D new/J _OOV_/N does/V ship/N ,/, I/P 'm/V not/R sure/J it/P will/M be/V a/D big/J _OOV_/N ./.
''/' Mr./N _OOV_/N said/V he/P was/V _OOV_/N his/P estimate/N for/I _OOV_/N 's/P current/J year/N from/I $/$ 8.20/N a/D share/N to/T ``/` well/R below/N $/$ 8/C ,/, ''/' although/N he/P has/V n't/R settled/V on/I a/D final/N number/N ./.
One/C troubling/N aspect/N of/I _OOV_/N 's/P results/N ,/, analysts/N said/V ,/, was/V its/P performance/N in/I Europe/N ./.
_OOV_/N said/V its/P overseas/N business/N ,/, which/W now/R accounts/N for/I more/J than/I half/N of/I sales/N ,/, improved/V in/I the/D quarter/N ./.
It/P even/R took/V the/D unusually/N _OOV_/N step/N of/I telling/N analysts/N in/I a/D morning/N conference/N call/N that/I orders/N in/I Europe/N were/V up/R in/I ``/` double/N _OOV_/N ''/' in/I foreign-currency/N terms/N ./.
That/D gain/N probably/R _OOV_/N into/I about/I 5/C %/N to/T 7/C %/N in/I dollar/N terms/N ,/, well/R below/N recent/J quarters/N '/P gains/N of/I above/N 20/C %/N ,/, reckons/N Jay/N _OOV_/N of/I _OOV_/N _OOV_/N _OOV_/N ./.
``/` That/D was/V a/D _OOV_/N ''/' and/C a/D sign/N of/I overall/N _OOV_/N _OOV_/N in/I Europe/N ,/, Mr./N _OOV_/N said/V ./.
Marc/N _OOV_/N ,/, with/I _OOV_/N Securities/N in/I New/N York/N ,/, dropped/V his/P estimate/N of/I _OOV_/N 's/P full-year/N net/J to/T $/$ _OOV_/N a/D share/N from/I $/$ 8/C ./.
Although/I overall/N revenues/N were/V _OOV_/N ,/, Mr./N _OOV_/N said/V ,/, _OOV_/N ``/` _OOV_/N down/R its/P European/N _OOV_/N ''/' and/C had/V flat/N world-wide/N orders/N overall/N ./.
``/` The/D bottom/N line/N is/V that/I it/P 's/P more/J hand/N to/T _OOV_/N than/I it/P has/V been/V before/I ,/, ''/' he/P said/V ./.
Mr./N _OOV_/N said/V he/P believes/V that/I the/D _OOV_/N of/I _OOV_/N 's/P new/J _OOV_/N will/M ``/` _OOV_/N somewhat/N more/J _OOV_/N ''/' than/I many/J of/I his/P investment/N colleagues/N expect/V ./.
He/P said/V current/J expectations/N are/V for/I an/D _OOV_/N level/N machine/N to/T be/V shipped/N in/I December/N ,/, with/I all/D of/I the/D more/J sophisticated/N versions/N out/I by/I June/N ./.
For/I reasons/N he/P would/M n't/R elaborate/N on/I ,/, he/P said/V he/P 's/P sure/J that/I schedule/N wo/N n't/R be/V met/V ,/, meaning/N less/J profit/N impact/N from/I the/D product/N for/I _OOV_/N in/I the/D next/J few/J quarters/N ./.
John/N R./N _OOV_/N contributed/V to/T this/D article/N ./.
Colgate/N _OOV_/N Co./N reported/V third-quarter/J net/J income/N rose/V 27/N %/N ,/, _OOV_/N by/I strong/J sales/N in/I its/P Latin/N American/N business/N and/C surprisingly/N healthy/N profits/N from/I U.S./N operations/N ./.
Colgate/N said/V net/J income/N for/I the/D quarter/N rose/V to/T $/$ _OOV_/N million/C ,/, or/C $/$ _OOV_/N a/D share/N ,/, on/I sales/N that/I increased/V 6/N %/N to/T $/$ 1.3/N billion/C ./.
In/I the/D year-earlier/N period/N ,/, Colgate/N posted/V net/J income/N of/I $/$ _OOV_/N million/C ,/, or/C 88/N cents/N a/D share/N ./.
Last/N year/N 's/P results/N included/V earnings/N from/I discontinued/N operations/N of/I $/$ 13.1/N million/C ,/, or/C 19/N cents/N a/D share/N ./.
_OOV_/N Mark/N ,/, chairman/N and/C chief/N executive/N officer/N of/I Colgate/N ,/, said/V earnings/N growth/N was/V fueled/N by/I strong/J sales/N in/I Latin/N America/N ,/, the/D Far/N East/N and/C Europe/N ./.
Results/N were/V also/R _OOV_/N by/I ``/` a/D very/R _OOV_/N increase/N in/I operating/V profit/N at/I Colgate/N 's/P U.S./N business/N ,/, ''/' he/P said/V ./.
Operating/V profit/N at/I Colgate/N 's/P U.S./N household/N products/N and/C personal/N care/N businesses/N ,/, which/W include/V such/J well-known/N brands/N as/I Colgate/N toothpaste/N and/C _OOV_/N _OOV_/N _OOV_/N ,/, jumped/V more/J than/I 40/C %/N ,/, the/D company/N said/V ./.
Mr./N Mark/N attributed/V the/D improvement/N to/T cost/N savings/N achieved/N by/I consolidating/N manufacturing/N operations/N ,/, _OOV_/N together/N two/C sales/N organizations/N and/C more/J carefully/N focusing/N the/D company/N 's/P promotional/N activities/N ./.
``/` We/P 've/V done/V a/D lot/N to/T improve/V -LRB-/- U.S/N ./. -RRB-/- results/N and/C a/D lot/N more/J will/M be/V done/V ,/, ''/' Mr./N Mark/N said/V ./.
``/` _OOV_/N profitability/N of/I U.S./N operations/N is/V an/D extremely/N high/J priority/N in/I the/D company/N ./. ''/'
Colgate/N 's/P results/N were/V at/I the/D high/J end/N of/I the/D range/N of/I analysts/N '/P forecasts/N ./.
The/D _OOV_/N of/I the/D improvement/N in/I the/D U.S./N business/N caught/V some/D analysts/N by/I surprise/N ./.
The/D company/N 's/P domestic/J business/N ,/, especially/N its/P household/N products/N division/N ,/, has/V performed/N poorly/N for/I years/N ./.
Analysts/N say/V the/D earnings/N improvement/N came/V from/I cutting/N costs/N rather/R than/I increasing/V sales/N ./.
For/I the/D nine/C months/N ,/, net/J increased/V 14/C %/N to/T $/$ _OOV_/N million/C ,/, or/C $/$ _OOV_/N a/D share/N ./.
Sales/N rose/V 7/C %/N to/T $/$ 3.8/N billion/C ./.
The/D company/N earned/V $/$ _OOV_/N million/C ,/, or/C $/$ 2.79/N a/D share/N ,/, in/I the/D year-earlier/N period/N ./.
Colgate/N 's/P 1988/C net/J income/N included/V $/$ _OOV_/N million/C ,/, or/C 59/N cents/N a/D share/N ,/, from/I discontinued/N operations/N ./.
Colgate/N sold/V its/P hospital/N supply/N and/C home/N health/N care/N business/N last/J year/N ./.
Separately/N ,/, Colgate/N Wednesday/N _OOV_/N an/D agreement/N with/I _OOV_/N Corp./N ,/, a/D tiny/N _OOV_/N products/N and/C pharmaceutical/N concern/N based/V in/I _OOV_/N ,/, Mass./N ,/, to/T market/N in/I the/D U.S./N four/C of/I _OOV_/N 's/P _OOV_/N _OOV_/N products/N ./.
The/D products/N --/: _OOV_/N and/C _OOV_/N materials/N used/V by/I _OOV_/N --/: all/D contain/N _OOV_/N that/I is/V released/V over/I time/N ./.
The/D move/N is/V part/N of/I a/D drive/N to/T increase/N Colgate/N 's/P business/N with/I _OOV_/N ,/, a/D company/N spokeswoman/N said/V ./.
Terms/N of/I the/D agreement/N were/V n't/R given/V ./.
_OOV_/N Limited/N _OOV_/N said/V it/P completed/V the/D sale/N of/I its/P _OOV_/N restaurant/N franchise/N system/N to/T a/D subsidiary/N of/I _OOV_/N Co./N for/I $/$ 71/N million/C in/I cash/N ./.
_OOV_/N ,/, which/W is/V nearly/R _OOV_/N by/I Sam/N and/C Charles/N _OOV_/N of/I Dallas/N ,/, said/V it/P will/M distribute/V proceeds/N from/I the/D sale/N to/T unit/N holders/N as/I a/D _OOV_/N dividend/N as/I soon/N as/I possible/J ./.
The/D _OOV_/N franchise/N system/N ,/, which/W _OOV_/N about/I $/$ 600/N million/C in/I sales/N annually/N ,/, represented/V substantially/N all/D of/I the/D partnership/N 's/P assets/N ./.
The/D sale/N of/I the/D system/N has/V been/V challenged/N in/I a/D class-action/N suit/N on/I behalf/N of/I unit/N holders/N filed/V last/J week/N in/I a/D Delaware/N court/N ,/, _OOV_/N said/V ./.
The/D company/N said/V it/P believes/V the/D suit/N is/V without/I merit/N ./.
American/N Telephone/N &/C Telegraph/N Co./N unveiled/N a/D sweetened/N pension/N and/C _OOV_/N program/N for/I management/N that/I it/P hopes/N will/M enable/N it/P to/T save/N $/$ _OOV_/N million/C in/I the/D next/J year/N ./.
AT&T/N also/R said/V net/J income/N rose/V 19/N %/N in/I the/D third/J quarter/N ./.
AT&T/N said/V its/P amended/N pension/N program/N will/M nearly/R double/N to/T _OOV_/N the/D number/N of/I managers/N eligible/N to/T retire/V with/I immediate/N pension/N payments/N ./.
AT&T/N said/V that/I based/V on/I studies/N of/I other/J companies/N that/I have/V offered/V retirement/N plans/N ,/, it/P expects/V about/I one-third/N of/I its/P eligible/N managers/N to/T retire/V under/I the/D new/J program/N ./.
AT&T/N said/V third-quarter/J net/J income/N grew/V ,/, despite/N stiff/N competition/N in/I all/D of/I the/D company/N 's/P markets/N ./.
Net/N income/N rose/V to/T $/$ _OOV_/N million/C ,/, or/C 65/N cents/N a/D share/N ,/, from/I the/D year-earlier/N $/$ _OOV_/N million/C or/C 55/N cents/N a/D share/N ./.
Revenue/N edged/N up/R to/T $/$ 8.9/N billion/C from/I $/$ _OOV_/N billion/C ./.
The/D latest/J period/N 's/P net/J was/V reduced/V $/$ 102/N million/C ,/, or/C nine/C cents/N a/D share/N ,/, for/I a/D change/N in/I depreciation/N method/N and/C _OOV_/N changes/N in/I estimates/N of/I _OOV_/N lives/N and/C net/J _OOV_/N for/I certain/J telecommunications/N equipment/N ./.
The/D results/N roughly/N matched/N estimates/N of/I securities/N analysts/N ,/, who/W were/V encouraged/N by/I AT&T/N increasing/V its/P operating/V margin/N to/T 13/C %/N from/I 11/C %/N a/D year/N ago/I ,/, because/I of/I continued/V _OOV_/N efforts/N ./.
Sales/N of/I long-distance/N services/N ,/, an/D extremely/N competitive/N market/N ,/, rose/V 6.4/N %/N ./.
But/C the/D growth/N was/V partly/N offset/V by/I lower/J equipment/N sales/N and/C _OOV_/N and/C price/N cuts/N on/I some/D products/N ./.
Under/N the/D amended/N pension/N program/N ,/, AT&T/N managers/N who/W have/V at/I least/J five/C years/N of/I service/N will/M have/V five/C years/N added/V to/T their/P age/N and/C _OOV_/N of/I service/N for/I pension/N purposes/N ./.
Managers/N who/W retire/V Dec./N 30/C will/M have/V an/D additional/J 15/C %/N added/V to/T their/P monthly/N pension/N for/I as/I long/J as/I five/C years/N or/C age/N 65/N ,/, _OOV_/N comes/V earlier/R ./.
An/N AT&T/N spokeswoman/N said/V the/D company/N would/M likely/J replace/N about/I one-third/N of/I its/P managers/N who/W choose/N to/T retire/V with/I new/J employees/N ./.
Analysts/N _OOV_/N the/D sweetened/N pension/N package/N ,/, which/W they/P said/V had/V been/V the/D subject/N of/I rumors/N for/I several/J months/N ./.
``/` This/D tells/N you/P AT&T/N is/V serious/J about/I continuing/V to/T manage/N their/P cost/N structure/N and/C is/V committed/N to/T _OOV_/N earnings/N growth/N ,/, ''/' said/V Jack/N _OOV_/N ,/, an/D analyst/N with/I PaineWebber/N Inc/N ./.
But/C other/J analysts/N expressed/N _OOV_/N that/I the/D _OOV_/N move/N wo/N n't/R result/N in/I even/R greater/N earnings/N growth/N ./.
``/` This/D is/V a/D good/J move/N ,/, but/C it/P only/R gets/V you/P to/T where/W people/N 's/P expectations/N already/R are/V ,/, ''/' in/I terms/N of/I earnings/N growth/N ,/, said/V Joel/N D./N _OOV_/N ,/, an/D analyst/N with/I Donaldson/N ,/, Lufkin/N &/C Jenrette/N ./.
Mr./N _OOV_/N said/V he/P had/V hoped/N that/I a/D cost/N savings/N of/I $/$ _OOV_/N million/C would/M result/N in/I even/R greater/N growth/N than/I the/D 20/C %/N annual/J earnings/N increase/N AT&T/N has/V told/V analysts/N it/P expects/V in/I the/D future/N ./.
AT&T/N said/V the/D special/J retirement/N option/N will/M increase/N fourth-quarter/N expenses/N ./.
But/C the/D company/N said/V the/D amount/N ca/M n't/R be/V determined/V until/I it/P knows/V how/W many/J managers/N opt/N to/T retire/V ./.
AT&T/N said/V the/D expense/N increase/N will/M be/V largely/N offset/V by/I a/D gain/N from/I its/P previously/N announced/V plan/N to/T _OOV_/N its/P holdings/N in/I Ing/N ./. C./N Olivetti/N &/C Co./N for/I shares/N in/I Cie/N ./. _OOV_/N _OOV_/N ,/, an/D Italian/N holding/N company/N ./.
For/I the/D nine/C months/N ,/, AT&T/N said/V net/J income/N was/V $/$ _OOV_/N billion/C ,/, or/C $/$ 1.85/N a/D share/N ,/, up/R 19/N %/N from/I $/$ _OOV_/N billion/C ,/, or/C $/$ 1.56/N a/D share/N ./.
Revenue/N gained/V 3.1/N %/N to/T $/$ _OOV_/N billion/C from/I $/$ 26/N billion/C ./.
In/I composite/J trading/N yesterday/N on/I the/D New/N York/N Stock/N Exchange/N ,/, AT&T/N shares/N closed/V at/I $/$ _OOV_/N ,/, up/R 87.5/N cents/N ./.
When/W it/P comes/V to/T buying/V and/C selling/V shares/N ,/, _OOV_/N Capital/N Management/N Inc./N takes/V a/D back/R _OOV_/N to/T no/D one/C ./.
Every/N dollar/N 's/P worth/N of/I stock/N in/I the/D Los/N Angeles/N money/N manager/N 's/P portfolio/N is/V traded/V seven/N or/C eight/N times/N a/D year/N ,/, the/D firm/N estimates/N ./.
That/D makes/V it/P the/D most/J active/N trader/N among/I all/D the/D nation/N 's/P investment/N advisers/N ,/, according/V to/T Securities/N and/C Exchange/N Commission/N _OOV_/N ./.
But/C wait/V a/D second/J ./.
_OOV_/N Capital/N is/V an/D index/N fund/N --/: the/D type/N of/I _OOV_/N long-term/N investor/N whose/N goal/N is/V to/T be/V nothing/N more/J than/I average/N ./.
_OOV_/N Capital/N 's/P _OOV_/N trading/N reflects/V the/D changes/N sweeping/N through/I the/D previously/N _OOV_/N world/N of/I _OOV_/N ./.
_OOV_/N for/I the/D most/J part/N has/V involved/V simply/N buying/V and/C then/R holding/N stocks/N in/I the/D correct/N _OOV_/N to/T mirror/N a/D stock/N market/N _OOV_/N ,/, such/J as/I Standard/N &/C Poor/N 's/P 500-stock/N index/N ,/, and/C match/N its/P performance/N ./.
_OOV_/N investors/N have/V poured/N $/$ 210/N billion/C into/I stock/N and/C bond/N _OOV_/N as/I a/D cheap/N and/C easy/N form/N of/I investment/N management/N that/I _OOV_/N to/T post/N average/N market/N returns/N ./.
These/N big/J investors/N have/V _OOV_/N to/T _OOV_/N because/I relatively/N few/J ``/` active/N ''/' stock/N _OOV_/N have/V been/V able/J to/T consistently/N match/N the/D returns/N of/I the/D S&P/N 500/N or/C other/J _OOV_/N ,/, much/J less/J beat/N it/P ./.
And/C the/D fees/N investors/N pay/V for/I _OOV_/N run/N a/D few/J pennies/N for/I each/D $/$ 100/C of/I assets/N --/: a/D fraction/N of/I the/D cost/N of/I active/N managers/N ./.
That/D 's/P because/I computers/N do/V most/J of/I the/D work/N ,/, and/C low/N trading/N activity/N keeps/N a/D _OOV_/N on/I commission/N costs/N ./.
But/C today/N ,/, _OOV_/N is/V moving/V from/I a/D passive/N investment/N strategy/N to/T an/D increasingly/N active/N one/C ./.
Because/N _OOV_/N managers/N are/V no/D longer/N satisfied/N with/I merely/N being/V average/N ,/, they/P have/V developed/V ``/` enhanced/N ''/' _OOV_/N strategies/N that/I are/V intended/N to/T _OOV_/N the/D market/N as/I much/J as/I three/C percentage/N points/N ./.
``/` _OOV_/N has/V been/V the/D most/J single/N successful/N investment/N concept/N in/I the/D last/J decade/N ,/, but/C the/D index/N money/N has/V been/V just/R sort/N of/I _OOV_/N there/E ,/, ''/' says/V _OOV_/N M./N _OOV_/N ,/, president/N of/I _OOV_/N _OOV_/N Investors/N Inc./N ,/, an/D _OOV_/N based/V in/I _OOV_/N ,/, _OOV_/N ./.
``/` Now/R the/D interest/N is/V in/I what/W else/N can/M I/P do/V with/I that/I money/N ./. ''/'
Among/N the/D _OOV_/N _OOV_/N strategies/N :/: _OOV_/N portfolios/N can/M be/V built/V around/I thousands/N of/I stocks/N ,/, or/C just/R a/D few/J dozen/N ,/, rather/R than/I being/V restricted/N to/T the/D S&P/N 500/N companies/N ./.
They/P can/M ignore/N the/D S&P/N 500/N stocks/N altogether/N and/C focus/V on/I particular/N types/N of/I stocks/N ,/, such/J as/I smaller/J companies/N ,/, those/D paying/V high/J dividends/N or/C companies/N in/I a/D particular/N industry/N ,/, state/N or/C country/N ./.
With/I today/N 's/P _OOV_/N program/N trading/N _OOV_/N ,/, index/N funds/N can/M trade/N back/R and/C forth/N between/I stock-index/N futures/N and/C the/D actual/J stocks/N making/V up/R _OOV_/N such/J as/I the/D S&P/N 500/N ./.
Futures/N and/C options/N also/R make/V it/P possible/J to/T build/V ``/` synthetic/N ''/' index/N funds/N that/I do/V n't/R actually/N own/J a/D single/N share/N of/I stock/N ,/, but/C can/M produce/V returns/N that/I match/N or/C exceed/V the/D broad/N stock/N market/N ./.
One/C reason/N for/I these/D _OOV_/N is/V that/I _OOV_/N 's/P rapid/N growth/N is/V slowing/N ,/, particularly/N for/I those/D ``/` plain/N vanilla/N ''/' funds/N that/I mirror/N the/D 500/N ./.
``/` There/E is/V n't/R a/D _OOV_/N -LCB-/N of/I big/J investors/N -RCB-/N out/I there/E still/R waiting/V to/T get/V into/I _OOV_/N ,/, ''/' says/V P./N James/N _OOV_/N ,/, vice/N president/N of/I _OOV_/N Investment/N Management/N Co./N ,/, Chicago/N ,/, which/W offers/N both/D _OOV_/N and/C active/N management/N services/N ./.
After/N _OOV_/N in/I size/N in/I the/D past/J five/C years/N ,/, index/N funds/N now/R hold/V about/I 20/C %/N of/I the/D stock/N owned/V by/I pension/N funds/N ./.
A/D further/J problem/N is/V _OOV_/N profits/N ./.
_OOV_/N funds/N have/V become/V so/R _OOV_/N that/I fees/N they/P can/M charge/N have/V plunged/N to/T almost/R nothing/N ,/, and/C in/I some/D cases/N are/V just/R that/I ./.
To/N land/N customers/N for/I their/P _OOV_/N stock/N _OOV_/N business/N ,/, big/J banks/N sometimes/N will/M throw/N in/I basic/N _OOV_/N services/N for/I free/J ./.
``/` It/P 's/P like/I getting/V a/D free/J _OOV_/N when/W you/P open/N an/D account/N ,/, ''/' says/V _OOV_/N _OOV_/N 's/P Mr./N _OOV_/N ./.
As/I a/D result/N ,/, _OOV_/N have/V been/V looking/V for/I ways/N to/T give/V investors/N something/N more/J than/I the/D average/N for/I their/P money/N ./.
And/C many/J have/V been/V successful/N ,/, as/I in/I the/D case/N of/I the/D index/N fund/N operated/N by/I _OOV_/N _OOV_/N Capital/N ./.
_OOV_/N Capital/N has/V used/V enhanced/N _OOV_/N _OOV_/N to/T beat/N the/D S&P/N 500/N 's/P returns/N by/I 2.5/N to/T 3/C percentage/N points/N over/I the/D past/J four/C years/N ,/, with/I the/D same/J risk/N level/N as/I holding/N the/D S&P/N 500/N stocks/N ,/, according/V to/T James/N _OOV_/N ,/, the/D firm/N 's/P president/N ./.
_OOV_/N vary/N for/I _OOV_/N Capital/N ,/, which/W has/V $/$ 300/N million/C under/I management/N ./.
The/D firm/N sometimes/N buys/N S&P/N 500/N futures/N when/W they/P are/V selling/V at/I a/D discount/N to/T the/D actual/J stocks/N ,/, and/C will/M switch/N back/R and/C forth/N between/I stocks/N and/C stock-index/N futures/N to/T take/V _OOV_/N of/I any/D _OOV_/N price/N _OOV_/N ./.
Mr./N _OOV_/N also/R goes/V through/I periods/N when/W he/P buys/N stocks/N in/I conjunction/N with/I options/N to/T boost/V returns/N and/C protect/V against/I declines/N ./.
And/C in/I some/D months/N ,/, he/P buys/N stock-index/N futures/N and/C not/R stocks/N at/I all/D ./.
``/` By/N their/P nature/N ,/, our/P trades/N are/V very/R short-term/N and/C are/V going/V to/T create/V high/J turnover/N ,/, ''/' Mr./N _OOV_/N adds/V ./.
``/` The/D more/J turnover/N ,/, the/D better/J for/I our/P clients/N ./. ''/'
Big/N _OOV_/N Bankers/N Trust/N Co./N also/R uses/N futures/N in/I a/D strategy/N that/I on/I average/N has/V added/V one/C percentage/N point/N to/T its/P enhanced/N fund/N 's/P returns/N ./.
J./N Thomas/N _OOV_/N ,/, president/N of/I _OOV_/N Advanced/N Investment/N Management/N Inc./N ,/, agrees/N it/P 's/P a/D good/J idea/N to/T jump/N between/I the/D S&P/N 500/N stocks/N and/C futures/N ./.
``/` You/P 're/V buying/V the/D S&P/N ,/, and/C you/P always/R want/V to/T hold/V the/D _OOV_/N form/N of/I it/P ,/, ''/' he/P says/V ./.
But/C some/D _OOV_/N make/V little/J or/C no/D use/N of/I futures/N ,/, saying/V that/I these/D instruments/N present/N added/V risks/N for/I investors/N ./.
``/` If/I the/D futures/N markets/N have/V a/D problem/N ,/, then/R those/D products/N could/M have/V a/D problem/N ,/, ''/' says/V John/N _OOV_/N ,/, managing/N director/N of/I Prudential/N Insurance/N Co./N of/I America/N 's/P Investment/N Index/N Technologies/N Inc./N unit/N ./.
Prudential/N currently/R is/V seeking/V approval/N to/T offer/N a/D new/J fund/N offering/N a/D return/N equal/N to/T the/D S&P/N 500/N index/N plus/N of/I a/D percentage/N point/N ./.
An/N added/V _OOV_/N is/V that/I the/D _OOV_/N improved/V return/N would/M be/V guaranteed/N by/I Prudential/N ./.
There/E are/V many/J other/J strategies/N to/T bolster/N the/D returns/N of/I index/N funds/N ./.
They/P include/V :/:
_OOV_/N _OOV_/N FUNDS/N :/: These/N guarantee/N protection/N against/I stock/N market/N declines/N while/I still/R passing/N along/N most/J gains/N ./.
Here/N a/D fund/N may/M promise/N to/T pay/V back/R ,/, say/V ,/, $/$ 95/N of/I every/N $/$ 100/C invested/N for/I a/D year/N ,/, even/R if/I the/D market/N goes/V much/J lower/J ./.
The/D fund/N could/M invest/N $/$ 87/N for/I one/C year/N in/I Treasury/N bills/N yielding/N 8/C %/N to/T return/N the/D guaranteed/N $/$ 95/N ./.
That/D leaves/N $/$ 13/C ,/, which/W could/M be/V used/V to/T buy/V S&P/N 500/N options/N that/I will/M nearly/R match/N any/D gain/N in/I the/D S&P/N index/N ./.
_OOV_/N _OOV_/N FUNDS/N :/: _OOV_/N a/D big/J investor/N is/V interested/N in/I growth/N stocks/N ./.
Instead/N of/I hiring/N one/C of/I the/D many/J active/N managers/N specializing/N in/I growth/N stocks/N ,/, _OOV_/N can/M design/N a/D portfolio/N around/I the/D same/J stocks/N ;/: the/D portfolio/N will/M be/V _OOV_/N by/I computer/N ,/, reducing/N both/D fees/N and/C ,/, in/I theory/N ,/, risk/N -LRB-/- because/I of/I the/D large/J number/N of/I stocks/N -RRB-/- ./.
``/` We/P see/V a/D lot/N of/I interest/N in/I those/D kind/N of/I things/N ,/, ''/' says/V Frank/N _OOV_/N ,/, a/D vice/N president/N of/I Bankers/N Trust/N ./.
``/` People/N comfortable/N with/I the/D passive/N approach/N are/V using/V them/P for/I other/J strategies/N ./. ''/'
_OOV_/N FUNDS/N :/: This/D is/V an/D index/N fund/N with/I a/D _OOV_/N ./.
Instead/N of/I _OOV_/N the/D S&P/N 500/N or/C some/D other/J index/N exactly/N ,/, some/D stocks/N are/V _OOV_/N or/C _OOV_/N in/I the/D portfolio/N ./.
One/C simple/N approach/N is/V to/T _OOV_/N S&P/N 500/N companies/N considered/V bankruptcy/N candidates/N ;/: this/D can/M avoid/V weak/N _OOV_/N ,/, but/C also/R can/M hurt/V when/W a/D company/N like/I Chrysler/N Corp./N _OOV_/N ./.
Another/N approach/N :/: An/N investor/N with/I $/$ 100/C million/C might/N use/N $/$ 75/N million/C to/T buy/V the/D S&P/N 500/N index/N and/C spend/N the/D other/J $/$ 25/C million/C on/I a/D favorite/N group/N of/I stocks/N ./.
_OOV_/N FUNDS/N :/: _OOV_/N can/M be/V _OOV_/N to/T serve/N social/N goals/N ,/, such/J as/I eliminating/N the/D stocks/N of/I companies/N doing/V business/N in/I South/N Africa/N ./.
Other/N funds/N have/V been/V designed/V to/T concentrate/N on/I stocks/N in/I a/D _OOV_/N area/N in/I order/N to/T encourage/V local/J investment/N ./.
Pennsylvania/N State/N Employees/N Retirement/N System/N ,/, for/I example/N ,/, has/V about/I $/$ 130/N million/C invested/N in/I a/D fund/N of/I _OOV_/N companies/N that/I are/V either/N Pennsylvania-based/N or/C have/V 25/C %/N of/I their/P work/N forces/N in/I the/D state/N ./.
Short/N interest/N on/I the/D New/N York/N Stock/N Exchange/N declined/V for/I the/D second/J consecutive/N month/N ,/, this/D time/N 4.2/N %/N ,/, while/I the/D American/N Stock/N Exchange/N reported/V its/P third/J consecutive/N record/N month/N of/I short/N interest/N ./.
The/D Big/N Board/N reported/V that/I short/N interest/N dropped/V to/T _OOV_/N shares/N as/I of/I Oct./N 13/C from/I _OOV_/N shares/N in/I mid-September/N ./.
_OOV_/N short/N interest/N climbed/V 3/C %/N to/T _OOV_/N shares/N from/I _OOV_/N shares/N ./.
For/I the/D year-earlier/N month/N ,/, the/D Big/N Board/N reported/V _OOV_/N shares/N ,/, indicating/N a/D 13.5/N %/N _OOV_/N rise/N ,/, while/I the/D _OOV_/N reported/V _OOV_/N shares/N ,/, a/D 48/N %/N _OOV_/N ./.
_OOV_/N short/N interest/N has/V been/V _OOV_/N upward/N since/I _OOV_/N ,/, with/I increases/N in/I each/D month/N since/I then/R except/N at/I _OOV_/N ./.
Traders/N who/W sell/V short/N borrow/N stock/N and/C sell/V it/P ,/, _OOV_/N that/I the/D stock/N 's/P price/N will/M decline/N and/C that/I they/P can/M buy/V the/D shares/N back/R later/R at/I a/D lower/J price/N for/I return/N to/T the/D lender/N ./.
Short/N interest/N is/V the/D number/N of/I shares/N that/I have/V n't/R yet/N been/V purchased/V for/I return/N to/T lenders/N ./.
Although/I a/D substantial/N short/N position/N reflects/V heavy/J speculation/N that/I a/D stock/N 's/P price/N will/M decline/N ,/, some/D investors/N consider/V an/D increase/N in/I short/N interest/N bullish/N because/I the/D borrowed/N shares/N eventually/N must/M be/V bought/V back/R ./.
_OOV_/N in/I short/N interest/N of/I certain/J stocks/N also/R may/M be/V caused/V partly/N by/I _OOV_/N ./.
The/D figures/N occasionally/N include/V _OOV_/N transactions/N in/I restricted/N stock/N ./.
The/D level/N of/I negative/N sentiment/N measured/N by/I the/D Big/N Board/N short/N interest/N ratio/N slipped/V to/T _OOV_/N from/I last/J month/N 's/P _OOV_/N ./.
The/D ratio/N is/V the/D number/N of/I trading/N days/N ,/, at/I the/D exchange/N 's/P average/N trading/N volume/N ,/, that/I would/M be/V required/V to/T convert/V the/D total/N short/N interest/N position/N ./.
Some/D analysts/N suggest/V ,/, however/R ,/, that/I the/D ratio/N has/V weakened/N in/I value/N as/I an/D _OOV_/N because/I options/N and/C other/J products/N can/M be/V used/V to/T _OOV_/N short/N positions/N ./.
_OOV_/N Corp./N led/V the/D Big/N Board/N list/N of/I largest/J short/N volumes/N with/I _OOV_/N shares/N ./.
_OOV_/N has/V proposed/V to/T acquire/V _OOV_/N Corp./N ,/, consisting/N of/I the/D auto/N parts/N division/N and/C some/D debt/N of/I _OOV_/N Corp./N ,/, for/I $/$ _OOV_/N million/C of/I cash/N and/C securities/N ./.
Chemical/N Waste/N Management/N posted/V the/D biggest/J increase/N in/I short/N volume/N on/I the/D New/N York/N exchange/N ,/, up/R _OOV_/N shares/N to/T _OOV_/N ./.
Bristol-Myers/N Squibb/N Co./N ,/, the/D entity/N formed/V from/I the/D recent/J acquisition/N of/I Squibb/N Corp./N by/I Bristol-Myers/N Co./N ,/, _OOV_/N the/D largest/J volume/N decline/N ,/, _OOV_/N shares/N ,/, to/T _OOV_/N ./.
Short/N interest/N in/I International/N Business/N Machines/N Corp./N plunged/N to/T _OOV_/N shares/N from/I _OOV_/N shares/N a/D month/N earlier/R ./.
Also/N closely/N watched/N is/V Exxon/N Corp./N ,/, where/W short/N interest/N slid/N to/T _OOV_/N shares/N from/I _OOV_/N ./.
On/I a/D percentage/N basis/N ,/, Germany/N Fund/N Inc./N led/V the/D gainers/N ,/, _OOV_/N to/T _OOV_/N shares/N from/I three/C shares/N ./.
_OOV_/N _OOV_/N Ltd./N led/V the/D percentage/N _OOV_/N ,/, dropping/V to/T 59/N shares/N from/I _OOV_/N ./.
The/D _OOV_/N short/N interest/N volume/N leader/N again/N was/V Texas/N Air/N Corp./N ,/, rising/N to/T _OOV_/N shares/N from/I _OOV_/N ./.
_OOV_/N _OOV_/N Co./N posted/V the/D largest/J volume/N increase/N ,/, _OOV_/N shares/N ,/, to/T _OOV_/N ./.
The/D company/N is/V under/I an/D investigation/N concerning/N procedures/N to/T gain/N Food/N and/C Drug/N Administration/N approval/N of/I _OOV_/N drugs/N ./.
_OOV_/N has/V denied/N any/D _OOV_/N ./.
The/D largest/J volume/N drop/N --/: down/R _OOV_/N shares/N to/T _OOV_/N --/: came/V in/I shares/N represented/V by/I _OOV_/N Industries/N PLC/N 's/P American/N depositary/N receipts/N ./.
The/D company/N is/V facing/N a/D takeover/N proposal/N from/I the/D financier/N Sir/N James/N _OOV_/N ./.
First/N _OOV_/N Fund/N led/V the/D percentage/N increases/N ,/, rising/N to/T _OOV_/N shares/N from/I _OOV_/N ./.
Nelson/N Holdings/N International/N Ltd./N dropped/V the/D most/J on/I a/D percentage/N basis/N ,/, to/T 1,000/N shares/N from/I _OOV_/N ./.
The/D _OOV_/N tables/N show/N the/D Big/N Board/N and/C _OOV_/N issues/N in/I which/W a/D short/N interest/N position/N of/I at/I least/J 100,000/N shares/N _OOV_/N as/I of/I mid-October/N or/C in/I which/W there/E was/V a/D short/N position/N change/N of/I at/I least/J 50,000/N shares/N since/I mid-September/N ./.
Your/N Oct./N 12/C editorial/N ``/` _OOV_/N ,/, _OOV_/N _OOV_/N ?/. ''/' _OOV_/N states/N that/I I/P was/V critical/N of/I the/D Bush/N administration/N 's/P failure/N to/T have/V any/D plan/N in/I place/N to/T respond/N in/I a/D _OOV_/N fashion/N to/T the/D opportunities/N to/T oust/N Manuel/N Noriega/N presented/N by/I the/D attempted/N military/N coup/N on/I Oct./N 3/C ./.
You/P are/V absolutely/N wrong/N ,/, however/R ,/, in/I _OOV_/N that/I this/D position/N is/V some/D kind/N of/I ``/` _OOV_/N ,/, ''/' something/N newly/N arrived/N at/I as/I a/D result/N of/I reading/N the/D opinion/N polls/N ./.
My/N position/N is/V one/C founded/N on/I both/D the/D facts/N and/C the/D law/N ./.
Although/I you/P may/M have/V forgotten/N ,/, public/J opinion/N about/I Gen./N Noriega/N is/V where/W it/P is/V in/I large/J measure/N because/I of/I my/P investigation/N of/I his/P years/N of/I involvement/N in/I _OOV_/N _OOV_/N -LRB-/- and/C simultaneous/N work/N as/I a/D U.S./N _OOV_/N -RRB-/- ./.
The/D public/J made/V up/R its/P mind/N about/I Gen./N Noriega/N largely/N as/I a/D result/N of/I the/D hearings/N I/P chaired/N in/I the/D _OOV_/N on/I _OOV_/N and/C _OOV_/N of/I the/D Foreign/N _OOV_/N Committee/N on/I Feb./N 8/C ,/, 9/C ,/, 10/C and/C 11/C ,/, 1988/C ,/, and/C again/N on/I April/N 4/C ,/, 1988/C ./.
It/P was/V during/I those/D hearings/N that/I the/D nation/N first/J learned/N the/D _OOV_/N and/C _OOV_/N of/I Gen./N Noriega/N 's/P _OOV_/N ,/, and/C of/I his/P _OOV_/N relationships/N with/I a/D variety/N of/I U.S./N government/N agencies/N ./.
Those/N hearings/N also/R _OOV_/N how/W Gen./N Noriega/N was/V able/J to/T use/N his/P relationships/N with/I these/D agencies/N to/T delay/N U.S./N action/N against/I him/P ,/, and/C to/T exploit/N the/D administration/N 's/P _OOV_/N with/I _OOV_/N the/D _OOV_/N to/T protect/V his/P own/J _OOV_/N ./.
As/I former/J _OOV_/N to/T Costa/N _OOV_/N Francis/N J./N _OOV_/N testified/N before/I the/D _OOV_/N ,/, the/D Reagan/N administration/N knew/N that/I Gen./N Noriega/N was/V involved/V with/I _OOV_/N ,/, but/C made/V a/D decision/N in/I the/D summer/N of/I 1986/C ``/` to/T put/V Gen./N Noriega/N on/I the/D shelf/N until/I _OOV_/N was/V settled/V ./. ''/'
As/I the/D report/N issued/V by/I the/D _OOV_/N concluded/N ,/, ``/` Our/N government/N did/V nothing/N regarding/N Gen./N Noriega/N 's/P drug/N business/N and/C substantial/N criminal/N involvement/N because/I the/D first/J priority/N was/V the/D _OOV_/N war/N ./.
This/D decision/N resulted/N in/I at/I least/J some/D drugs/N entering/N the/D United/N States/N as/I a/D hidden/N cost/N of/I the/D war/N ./. ''/'
Unfortunately/N ,/, this/D problem/N continued/V even/R after/I Gen./N Noriega/N 's/P indictment/N ./.
_OOV_/N 1988/C and/C this/D year/N ,/, I/P and/C others/N in/I Congress/N have/V _OOV_/N the/D U.S./N to/T develop/V a/D plan/N for/I pushing/N this/D ``/` _OOV_/N ''/' out/I of/I Panama/N ./.
_OOV_/N ,/, two/C _OOV_/N in/I a/D row/N have/V been/V unwilling/N and/C unable/N to/T develop/V any/D plan/N ,/, military/N or/C economic/J ,/, for/I supporting/N the/D Panamanian/N people/N in/I their/P attempts/N to/T restore/N democracy/N ./.
Sen./N John/N _OOV_/N -LRB-/- D./N ,/, _OOV_/N ./. -RRB-/-
For/I _OOV_/N ,/, these/D are/V tricky/N ,/, often/R _OOV_/N ,/, times/N ./.
After/N years/N of/I hesitation/N ,/, economic/J and/C political/J reform/N was/V embraced/N at/I the/D end/N of/I 1986/C ,/, but/C _OOV_/N _OOV_/N have/V yet/N to/T be/V _OOV_/N into/I much/J action/N ./.
Vietnam/N is/V finding/N that/I turning/N a/D stagnant/N _OOV_/N order/N into/I a/D dynamic/N free/J market/N does/V n't/R come/V easy/N ./.
Here/N is/V how/W three/C _OOV_/N are/V _OOV_/N with/I change/N :/:
The/D Tire/N King/N
_OOV_/N Van/N _OOV_/N is/V living/N proof/N that/I old/J ways/N die/N hard/J ./.
Mr./N _OOV_/N used/V to/T be/V an/D _OOV_/N in/I _OOV_/N :/: a/D private/J entrepreneur/N ./.
His/N business/N success/N made/V him/P an/D official/N target/N in/I _OOV_/N days/N ./.
Mr./N _OOV_/N ,/, now/R 64/N years/N old/J ,/, _OOV_/N a/D fountain/N _OOV_/N he/P and/C his/P family/N produced/V from/I plastic/N waste/N ./.
Later/N ,/, he/P marketed/N _OOV_/N ./.
Both/N products/N were/V _OOV_/N popular/N ./.
For/I his/P troubles/N ,/, Mr./N _OOV_/N was/V _OOV_/N three/C times/N between/I _OOV_/N and/C 1974/N ./.
Though/N his/P operation/N was/V registered/N and/C used/V only/R scrap/N ,/, he/P was/V accused/V of/I conducting/N illegal/N business/N and/C _OOV_/N illegal/N materials/N ./.
Once/N he/P was/V held/V for/I three/C months/N without/I being/V charged/V ./.
Things/N were/V supposed/N to/T change/N when/W Vietnam/N 's/P economic/J reforms/N _OOV_/N pace/N ,/, and/C for/I _OOV_/N they/P did/V ./.
After/N years/N of/I _OOV_/N ,/, Mr./N _OOV_/N produced/V a/D heavy-duty/N _OOV_/N tire/N that/I _OOV_/N its/P _OOV_/N rival/N ./.
By/N 1982/N ,/, he/P was/V selling/V thousands/N of/I tires/N ./.
_OOV_/N published/N articles/N about/I him/P ,/, and/C he/P was/V _OOV_/N as/I ``/` the/D tire/N king/N ./. ''/'
His/N efforts/N earned/V a/D gold/N _OOV_/N at/I a/D national/J exhibition/N --/: and/C attracted/N renewed/N attention/N from/I local/J authorities/N ./.
District/N police/N in/I 1983/N _OOV_/N on/I his/P suburban/N home/N ,/, which/W he/P and/C his/P large/J family/N used/V as/I both/D residence/N and/C factory/N ,/, and/C _OOV_/N proof/N the/D house/N and/C equipment/N were/V his/P ./.
He/P produced/V it/P ./.
``/` That/D was/V the/D first/J time/N they/P lost/V and/C I/P won/V ,/, ''/' he/P says/V ./.
He/P was/V further/J questioned/N to/T determine/N if/I he/P was/V ``/` a/D real/J working/V man/N or/C an/D _OOV_/N ./. ''/'
_OOV_/N Mr./N _OOV_/N :/: ``/` When/W I/P showed/V it/P was/V from/I my/P own/J brain/N ,/, they/P lost/V for/I the/D second/J time/N ./. ''/'
But/C a/D few/J days/N later/R the/D police/N accused/V him/P of/I _OOV_/N electricity/N ,/, acquiring/N _OOV_/N without/I permission/N and/C buying/V stolen/N property/N ./.
_OOV_/N he/P was/V to/T be/V _OOV_/N again/N ,/, he/P _OOV_/N to/T the/D countryside/N ./.
His/N family/N was/V given/V three/C hours/N to/T leave/V before/I the/D house/N and/C _OOV_/N were/V _OOV_/N ./.
With/I only/R the/D _OOV_/N they/P were/V wearing/N ,/, family/N members/N moved/V to/T a/D home/N owned/V by/I one/C of/I Mr./N _OOV_/N 's/P sons/N ./.
After/N six/C months/N on/I the/D run/N ,/, Mr./N _OOV_/N learned/N the/D order/N for/I his/P arrest/N had/V been/V canceled/N ./.
He/P _OOV_/N his/P family/N in/I January/N 1984/N and/C began/V the/D long/J struggle/N for/I justice/N ,/, pressing/N everyone/N from/I _OOV_/N municipal/N officials/N to/T National/N _OOV_/N _OOV_/N for/I _OOV_/N of/I his/P rights/N ./.
He/P and/C his/P family/N kept/V _OOV_/N by/I _OOV_/N _OOV_/N ,/, selling/V fruit/N and/C doing/V odd/N jobs/N ./.
Mr./N _OOV_/N achieved/N a/D _OOV_/N in/I 1987/C --/: and/C became/V a/D minor/N _OOV_/N again/N --/: when/W his/P story/N was/V published/N in/I a/D weekly/N newspaper/N ./.
In/I 1988/C ,/, 18/C months/N after/I the/D sixth/N _OOV_/N formally/N endorsed/N family-run/N private/J enterprise/N ,/, district/N authorities/N allowed/N Mr./N _OOV_/N to/T resume/N work/N ./.
By/N late/J last/J year/N he/P was/V invited/N back/R as/I ``/` the/D tire/N king/N ''/' to/T _OOV_/N his/P products/N at/I a/D national/J exhibition/N ./.
National/N leaders/N stopped/N by/I his/P stand/N to/T _OOV_/N his/P achievements/N ./.
Mr./N _OOV_/N now/R produces/N 1,000/N _OOV_/N and/C _OOV_/N tires/N a/D month/N and/C 1,000/N _OOV_/N of/I _OOV_/N _OOV_/N in/I the/D son/N 's/P small/J house/N ./.
_OOV_/N people/N pack/N the/D house/N 's/P two/C rooms/N --/: the/D _OOV_/N ,/, four/C of/I their/P 10/C children/N with/I _OOV_/N ,/, and/C eight/N of/I 22/N grandchildren/N ./.
Most/N sleep/N on/I the/D floor/N ./.
_OOV_/N _OOV_/N ,/, eight/N family/N members/N and/C two/C other/J workers/N _OOV_/N a/D sheet/N of/I raw/N _OOV_/N that/I _OOV_/N the/D floor/N of/I the/D house/N and/C _OOV_/N out/I onto/N the/D street/N ./.
The/D primitive/N operations/N also/R _OOV_/N out/I the/D back/R door/N into/I a/D small/J _OOV_/N ,/, where/W an/D ancient/N press/N _OOV_/N _OOV_/N solution/N into/I a/D flat/N strip/N and/C newly/N made/V tires/N are/V cooled/N in/I a/D _OOV_/N filled/N with/I water/N ./.
Mr./N _OOV_/N talks/N _OOV_/N of/I expanding/N ,/, maybe/N even/R moving/V into/I the/D _OOV_/N field/N ./.
First/N ,/, however/R ,/, he/P has/V _OOV_/N business/N ./.
When/W district/N authorities/N allowed/N him/P to/T resume/N manufacturing/N ,/, they/P released/V only/R one/C of/I his/P machines/N ./.
They/P did/V n't/R return/N the/D _OOV_/N stocks/N that/I represent/V his/P capital/N ./.
_OOV_/N did/V they/P return/N his/P house/N and/C _OOV_/N ,/, which/W he/P values/N at/I about/I $/$ _OOV_/N ./.
He/P wants/V to/T _OOV_/N more/J than/I just/R his/P property/N ,/, though/I ./.
``/` I/P want/V my/P dignity/N back/R ,/, ''/' he/P says/V ./.
_OOV_/N _OOV_/N seemed/N an/D obvious/N choice/N when/W the/D _OOV_/N _OOV_/N Association/N was/V looking/V for/I a/D new/J editor/N to/T reform/N its/P weekly/N newspaper/N ,/, Van/N _OOV_/N ./.
After/N the/D sixth/N _OOV_/N ,/, journalists/N _OOV_/N the/D opportunity/N provided/N by/I the/D _OOV_/N to/T probe/N previously/N _OOV_/N subjects/N ./.
Mr./N _OOV_/N ,/, 57/N years/N old/J ,/, had/V solid/N _OOV_/N credentials/N :/: He/P had/V lost/V his/P official/N position/N in/I the/D association/N in/I he/P early/J 1980s/N because/I he/P questioned/N the/D intrusion/N of/I politics/N into/I literature/N ./.
_OOV_/N editor/N in/I chief/N in/I July/N 1987/C ,/, Mr./N _OOV_/N rapidly/N turned/V the/D _OOV_/N Van/N _OOV_/N into/I Vietnam/N 's/P _OOV_/N paper/N ./.
_OOV_/N soared/N as/I the/D weekly/N went/V way/N beyond/N standard/N literary/N themes/N to/T cover/V _OOV_/N society/N and/C its/P _OOV_/N ./.
_OOV_/N were/V _OOV_/N by/I the/D paper/N 's/P _OOV_/N and/C _OOV_/N by/I the/D dark/N side/N of/I life/N it/P uncovered/N ./.
One/C article/N _OOV_/N a/D decade-long/N struggle/N by/I a/D _OOV_/N _OOV_/N to/T prove/N ,/, officially/N ,/, he/P was/V alive/N ./.
Another/N described/N how/W _OOV_/N officials/N in/I _OOV_/N _OOV_/N _OOV_/N one/C night/N _OOV_/N through/I _OOV_/N and/C _OOV_/N rice/N from/I _OOV_/N _OOV_/N ./.
The/D newspaper/N also/R ran/N a/D series/N of/I controversial/N short/N stories/N by/I _OOV_/N _OOV_/N _OOV_/N ,/, a/D former/J history/N teacher/N ,/, who/W _OOV_/N debate/N over/I his/P interpretation/N of/I _OOV_/N culture/N and/C took/V a/D _OOV_/N _OOV_/N swipe/N at/I writers/N who/W had/V _OOV_/N his/P _OOV_/N into/I their/P official/N association/N ./.
Van/N _OOV_/N quickly/N made/V influential/N _OOV_/N ./.
``/` Those/N who/W manage/N _OOV_/N and/C a/D large/J number/N of/I writers/N reacted/N badly/N ''/' to/T the/D _OOV_/N paper/N ,/, says/V _OOV_/N _OOV_/N An/N ,/, a/D literary/N critic/N ./.
After/N months/N of/I internal/N _OOV_/N ,/, Mr./N _OOV_/N was/V fired/N last/J December/N ./.
His/N _OOV_/N triggered/N a/D furor/N among/I intellectuals/N that/I continues/V today/N ./.
``/` Under/N Mr./N _OOV_/N ,/, Van/N _OOV_/N protected/N the/D people/N instead/N of/I the/D government/N ,/, ''/' says/V _OOV_/N _OOV_/N ,/, a/D _OOV_/N who/W is/V the/D paper/N 's/P bureau/N chief/N for/I southern/N Vietnam/N ./.
``/` The/D paper/N reflected/V the/D truth/N ./.
For/I the/D leadership/N ,/, that/I was/V too/R painful/N to/T bear/N ./. ''/'
The/D `/N _OOV_/N '/P
_OOV_/N _OOV_/N _OOV_/N is/V Vietnam/N 's/P entrepreneur/N of/I the/D 1980s/N ./.
Her/N challenge/N is/V to/T keep/V her/P fledgling/N empire/N on/I top/N in/I the/D 1990s/N ./.
Mrs./N _OOV_/N did/V n't/R wait/V for/I the/D reforms/N to/T get/V her/P start/V ./.
She/P charged/V ahead/N of/I the/D government/N and/C the/D law/N to/T establish/N _OOV_/N City/N Food/N Co./N as/I the/D biggest/J rice/N dealer/N in/I the/D country/N ./.
Her/N success/N ,/, which/W included/V alleviating/N an/D urban/N food/N shortage/N in/I the/D early/J 1980s/N ,/, helped/V persuade/N _OOV_/N to/T take/V the/D reform/N path/N ./.
Her/N story/N is/V becoming/N part/N of/I local/J folklore/N ./.
A/D lifelong/N _OOV_/N with/I little/J education/N who/W fought/N both/D the/D French/N and/C the/D _OOV_/N _OOV_/N _OOV_/N ,/, she/P switched/N _OOV_/N to/T commerce/N after/I the/D war/N ./.
Her/N _OOV_/N were/V _OOV_/N ,/, despite/N her/P background/N ./.
As/I she/P _OOV_/N over/I regulations/N ,/, only/R her/P friendship/N with/I party/N leaders/N ,/, including/V _OOV_/N Van/N _OOV_/N ,/, then/R Ho/N Chi/N Minh/N City/N party/N secretary/N ,/, kept/V her/P out/I of/I jail/N ./.
Following/N Mr./N _OOV_/N 's/P appointment/N as/I _OOV_/N of/I the/D party/N at/I the/D sixth/N _OOV_/N ,/, Mrs./N _OOV_/N has/V become/V the/D darling/N of/I ``/` _OOV_/N _OOV_/N ''/' ,/, the/D _OOV_/N version/N of/I perestroika/N ./.
The/D authorities/N have/V _OOV_/N foreign/J reporters/N to/T her/P office/N to/T see/V an/D example/N of/I ``/` the/D new/J way/N of/I thinking/N ./. ''/'
Foreign/N publications/N have/V responded/N with/I articles/N _OOV_/N her/P Vietnam/N 's/P richest/N woman/N ./.
``/` Some/D people/N call/N me/P the/D communist/N _OOV_/N ,/, ''/' she/P has/V told/V visitors/N ./.
Actually/N ,/, 67-year-old/N Mrs./N _OOV_/N is/V about/I as/I poor/N as/I almost/R everyone/N else/N in/I this/D _OOV_/N land/N ./.
She/P has/V indeed/N turned/V _OOV_/N City/N Food/N into/I a/D budding/N conglomerate/N ,/, but/C the/D company/N itself/N remains/V state-owned/N ./.
She/P manages/N it/P with/I the/D title/N of/I _OOV_/N ./.
The/D heart/N of/I the/D business/N is/V the/D purchase/N of/I rice/N and/C other/J commodities/N ,/, such/J as/I corn/N and/C coffee/N ,/, from/I _OOV_/N in/I the/D south/N ,/, paying/V with/I _OOV_/N ,/, farm/N tools/N and/C other/J items/N ./.
Last/N year/N ,/, _OOV_/N City/N Food/N says/V it/P bought/V two/C million/C metric/N tons/N of/I _OOV_/N rice/N ,/, more/J than/I 10/C %/N of/I the/D country/N 's/P output/N ./.
The/D company/N operates/N a/D fleet/N of/I trucks/N and/C boats/N to/T transport/N the/D commodities/N to/T its/P warehouses/N ./.
A/D subsidiary/N company/N processes/N commodities/N into/I _OOV_/N such/J as/I _OOV_/N _OOV_/N that/I are/V sold/V with/I the/D rice/N through/I a/D vast/N retail/N network/N ./.
In/I recent/J years/N ,/, Mrs./N _OOV_/N has/V started/V to/T diversify/N the/D company/N ,/, taking/V a/D 20/C %/N stake/N in/I newly/N established/N ,/, partly/N private/J Industrial/N and/C Commercial/N Bank/N ,/, and/C setting/N up/R _OOV_/N _OOV_/N ,/, which/W owns/V and/C operates/N Vietnam/N 's/P first/J oil/N refinery/N ./.
Mrs./N _OOV_/N says/V _OOV_/N City/N Food/N last/J year/N increased/V pretax/N profit/N 60/C %/N to/T the/D equivalent/N of/I about/I $/$ 2.7/N million/C on/I sales/N of/I $/$ 150/N million/C ./.
She/P expects/V both/D revenue/N and/C profit/N to/T gain/N this/D year/N ./.
She/P is/V almost/R _OOV_/N about/I the/D possibility/N Vietnam/N 's/P reforms/N will/M create/V rivals/N on/I her/P home/N _OOV_/N ./.
``/` I/P do/V n't/R mind/N the/D competition/N inside/N the/D country/N ,/, ''/' she/P says/V ./.
``/` I/P am/N only/R afraid/N that/I with/I Vietnam/N 's/P _OOV_/N products/N we/P ca/M n't/R compete/N with/I _OOV_/N countries/N ./.
The/D earthquake/N that/I hit/N the/D San/N Francisco/N Bay/N area/N is/V n't/R likely/J to/T result/N in/I wholesale/N _OOV_/N of/I bond/N ratings/N ,/, officials/N at/I the/D two/C major/J rating/N agencies/N said/V ./.
Standard/N &/C Poor/N 's/P Corp./N is/V reviewing/N debt/N issued/V by/I 12/C California/N _OOV_/N ,/, and/C ``/` there/E are/V potential/N _OOV_/N problems/N ,/, ''/' said/V _OOV_/N _OOV_/N ,/, a/D managing/N director/N ./.
The/D agency/N is/V preparing/V a/D report/N ,/, to/T be/V issued/V today/N ,/, on/I the/D earthquake/N 's/P impact/N on/I the/D and/C _OOV_/N industry/N ./.
The/D only/R securities/N so/R far/R to/T be/V singled/N out/I are/V those/D issued/V by/I Bay/N View/N Federal/N Savings/N &/C Loan/N ./.
Moody/N 's/P Investors/N Service/N Inc./N said/V it/P is/V reviewing/N ,/, with/I an/D eye/N toward/N a/D possible/J _OOV_/N ,/, the/D ratings/N on/I Bay/N View/N Federal/N bonds/N ,/, long-term/N deposits/N and/C the/D _OOV_/N rating/N of/I its/P parent/N company/N ,/, Bay/N View/N Capital/N Corp/N ./.
As/I for/I property/N and/C casualty/N insurers/N ,/, Moody/N 's/P said/V ``/` preliminary/N estimates/N suggest/V that/I losses/N should/M not/R have/V a/D significant/N impact/N on/I most/J insurers/N '/P financial/J condition/N ,/, ''/' but/C it/P ``/` raises/N concerns/N about/I potentially/N substantial/N risks/N ''/' longer-term/N ./.
``/` _OOV_/N from/I the/D earthquake/N are/V expected/V to/T be/V of/I similar/N magnitude/N to/T those/D of/I Hurricane/N Hugo/N ,/, ''/' according/V to/T Moody/N 's/P ./.
Your/N Oct./N 5/C editorial/N ``/` A/D Democratic/N _OOV_/N _OOV_/N ''/' _OOV_/N an/D error/N ./.
In/I the/D third/J paragraph/N it/P referred/N to/T the/D senators/N seeking/V _OOV_/N _OOV_/N from/I lobbyists/N for/I various/N sectors/N of/I the/D economy/N ./.
Among/N them/P ,/, ``/` _OOV_/N _OOV_/N ./. ''/'
The/D only/R significant/N commercial/N _OOV_/N _OOV_/N in/I the/D U.S./N are/V in/I Hawaii/N ./.
The/D Hawaii/N _OOV_/N Industry/N Association/N ,/, to/T which/W nearly/R all/D of/I them/P _OOV_/N ,/, has/V no/D lobbyist/N ./.
Thomas/N _OOV_/N Reese/N _OOV_/N ./.
_OOV_/N _OOV_/N Co/N ./.
Western/N Digital/N Corp./N reported/V a/D net/J loss/N of/I $/$ 2.7/N million/C ,/, or/C nine/C cents/N a/D share/N ,/, for/I its/P first/J quarter/N ended/V Sept./N 30/C ,/, citing/N factors/N as/I _OOV_/N as/I _OOV_/N damage/N ,/, an/D advance/N in/I graphics/N technology/N and/C the/D _OOV_/N dollar/N ./.
In/I the/D year-ago/N period/N ,/, the/D company/N earned/V $/$ 12.9/N million/C ,/, or/C 45/N cents/N a/D share/N ,/, on/I sales/N of/I $/$ 247/N million/C ./.
Sales/N for/I the/D _OOV_/N period/N fell/V to/T about/I $/$ 225/N million/C ,/, the/D maker/N of/I computer/N parts/N said/V ./.
_OOV_/N ,/, Chairman/N _OOV_/N W./N Johnson/N said/V he/P expects/V the/D company/N to/T be/V profitable/N in/I the/D current/J quarter/N ./.
``/` We/P are/V _OOV_/N to/T come/V through/I ,/, ''/' he/P said/V ,/, noting/N that/I the/D company/N 's/P _OOV_/N was/V up/R from/I the/D previous/J quarter/N ./.
In/I its/P second/J quarter/N last/J year/N ,/, Western/N Digital/N earned/V $/$ _OOV_/N million/C ,/, or/C 44/N cents/N a/D share/N ,/, on/I sales/N of/I $/$ _OOV_/N million/C ./.
Mr./N Johnson/N said/V Western/N Digital/N 's/P plant/N in/I Puerto/N Rico/N was/V affected/N by/I Hurricane/N Hugo/N ,/, losing/V three/C days/N '/P production/N because/I of/I the/D storm/N ,/, which/W wrecked/N much/J of/I the/D Caribbean/N island/N 's/P infrastructure/N ./.
Although/I the/D plant/N itself/N was/V n't/R damaged/N ,/, Mr./N Johnson/N said/V millions/N of/I dollars/N in/I first-quarter/N revenue/N were/V lost/V ./.
The/D revenue/N will/M be/V _OOV_/N in/I the/D current/J period/N ,/, he/P added/V ./.
There/E are/V no/D plans/N to/T _OOV_/N a/D common/J stock/N dividend/N ,/, Mr./N Johnson/N said/V ,/, explaining/N that/I the/D board/N continues/V to/T believe/V shareholders/N are/V best/J served/V by/I _OOV_/N excess/N cash/N ./.
Mr./N Johnson/N said/V the/D first-quarter/N loss/N also/R heavily/N reflected/V a/D rapid/N change/N in/I graphics/N technology/N that/I left/V reseller/N _OOV_/N with/I too/R many/J of/I the/D old/J computer/N graphics/N boards/N and/C too/R few/J new/J _OOV_/N _OOV_/N with/I the/D new/J graphics/N boards/N ./.
Western/N Digital/N does/V n't/R make/V the/D _OOV_/N ./.
An/N accelerating/N move/N by/I personal/N computer/N manufacturers/N '/P to/T include/V advanced/V graphics/N _OOV_/N as/I standard/N equipment/N further/J _OOV_/N reseller/N purchases/N of/I Western/N Digital/N 's/P equipment/N ./.
``/` The/D other/J areas/N of/I the/D business/N --/: storage/N and/C _OOV_/N --/: were/V very/R good/J ,/, ''/' Mr./N Johnson/N said/V ./.
He/P said/V Western/N Digital/N has/V reacted/N _OOV_/N to/T the/D movement/N to/T video/N graphics/N array/N ,/, _OOV_/N ,/, graphics/N technology/N from/I the/D old/J enhanced/N graphics/N _OOV_/N ,/, _OOV_/N ,/, which/W has/V a/D lower/J resolution/N standard/N ,/, technology/N and/C now/R is/V one/C of/I the/D leading/V producers/N of/I these/D newer/N units/N ./.
Other/N makers/N of/I video/N _OOV_/N equipment/N also/R were/V caught/V in/I the/D _OOV_/N shift/N ,/, he/P said/V ,/, ``/` but/C we/P were/V able/J to/T respond/N much/J more/J quickly/N ./. ''/'
Still/N ,/, Mr./N Johnson/N said/V ,/, ``/` our/P stock/N is/V _OOV_/N _OOV_/N ./. ''/'
He/P said/V the/D company/N has/V cut/V operating/V expenses/N by/I about/I 10/C %/N over/I the/D last/J few/J quarters/N ,/, while/I maintaining/N research/N and/C development/N at/I about/I 8/C %/N to/T 9/C %/N of/I sales/N ./.
As/I part/N of/I its/P reorganization/N this/D week/N ,/, Western/N Digital/N has/V divided/N its/P business/N into/I two/C segments/N --/: storage/N products/N ,/, including/V _OOV_/N and/C _OOV_/N drives/N ;/: and/C _OOV_/N products/N ,/, which/W include/V graphics/N ,/, communications/N and/C _OOV_/N control/N chips/N ./.
Graphics/N ,/, communications/N and/C _OOV_/N control/N chips/N were/V combined/N because/I ,/, increasingly/N ,/, multiple/N functions/N are/V being/V governed/N by/I a/D single/N chip/N ./.
_OOV_/N ,/, which/W includes/V computer/N _OOV_/N and/C _OOV_/N _OOV_/N drives/N ,/, represents/V nearly/R two-thirds/N of/I the/D company/N 's/P business/N ./.
_OOV_/N drives/N ,/, which/W allow/V a/D computer/N to/T access/N its/P memory/N ,/, generated/N 38/N %/N more/J revenue/N in/I the/D most/J recent/J period/N compared/V with/I the/D fiscal/J first/J quarter/N a/D year/N earlier/R ./.
Computer/N parts/N are/V getting/V ever/R smaller/J ,/, Mr./N Johnson/N said/V ,/, a/D shrinking/N that/I has/V _OOV_/N _OOV_/N into/I position/N as/I the/D _OOV_/N segment/N of/I the/D computer/N business/N ./.
As/I smaller/J and/C more/J powerful/N computers/N continue/V to/T be/V the/D focus/V of/I the/D industry/N ,/, he/P said/V ,/, Western/N Digital/N is/V _OOV_/N development/N of/I laptop/N parts/N ./.
_OOV_/N year/N Western/N Digital/N plans/N to/T _OOV_/N its/P operations/N from/I 11/C buildings/N in/I _OOV_/N into/I two/C buildings/N in/I the/D same/J _OOV_/N new/J headquarters/N and/C ,/, a/D block/N away/N ,/, a/D modern/N $/$ 100/C million/C silicon/N _OOV_/N _OOV_/N plant/N ./.
The/D plan/N will/M help/V the/D company/N in/I its/P existing/N joint/J manufacturing/N agreement/N with/I AT&T/N ./.
About/N half/N of/I Western/N Digital/N 's/P business/N is/V overseas/N ,/, and/C Mr./N Johnson/N expects/V that/I proportion/N to/T continue/V ./.
_OOV_/N to/T _OOV_/N many/J of/I the/D trade/N barriers/N within/I Europe/N in/I 1992/N creates/N significant/N opportunities/N for/I the/D company/N ,/, he/P said/V ,/, particularly/N since/I Western/N Digital/N already/R manufactures/N there/E ./.
Capitalizing/N on/I that/I presence/N ,/, Western/N Digital/N is/V launching/N a/D major/J effort/N to/T develop/V the/D _OOV_/N reseller/N market/N in/I Europe/N ./.
_OOV_/N of/I state-owned/N Banca/N _OOV_/N del/N _OOV_/N approved/V a/D _OOV_/N _OOV_/N transaction/N and/C a/D change/N in/I the/D bank/N 's/P rules/N that/I will/M help/V it/P operate/V more/J like/I a/D private-sector/N institution/N ./.
Until/N now/R ,/, _OOV_/N 's/P top/N managers/N and/C its/P directors/N have/V been/V appointed/N by/I a/D Treasury/N decree/N ./.
But/C under/I the/D bank/N 's/P proposed/V _OOV_/N ,/, an/D assembly/N of/I shareholders/N must/M approve/N board/N members/N ./.
The/D bank/N 's/P chairman/N and/C director/N general/J ,/, who/W also/R sit/N on/I the/D board/N ,/, still/R would/M be/V appointed/N by/I the/D Treasury/N ./.
_OOV_/N ,/, which/W is/V controlled/V by/I the/D Italian/N Treasury/N ,/, was/V _OOV_/N by/I the/D disclosure/N last/J month/N that/I its/P Atlanta/N branch/N extended/N more/J than/I $/$ 3/C billion/C in/I unauthorized/N credits/N to/T _OOV_/N ./.
The/D _OOV_/N scandal/N ,/, in/I which/W the/D bank/N 's/P management/N resigned/V ,/, has/V helped/V _OOV_/N calls/V for/I _OOV_/N ,/, or/C at/I least/J an/D overhaul/N ,/, of/I Italy/N 's/P banking/N system/N ,/, which/W is/V about/I 80/C %/N _OOV_/N ./.
In/I a/D related/V move/N ,/, the/D bank/N also/R proposed/V that/I board/N representation/N be/V linked/V more/J closely/N to/T the/D bank/N 's/P new/J shareholding/N structure/N ./.
_OOV_/N called/V a/D shareholders/N '/P assembly/N meeting/N in/I December/N to/T vote/N on/I the/D proposals/N ./.
_OOV_/N has/V about/I 75,000/N _OOV_/N shares/N that/I are/V listed/N on/I the/D Milan/N Stock/N Exchange/N ./.
The/D shares/N were/V suspended/V from/I trading/N following/V disclosure/N of/I the/D Atlanta/N scandal/N ;/: _OOV_/N ,/, the/D stock/N exchange/N regulatory/N body/N ,/, reportedly/N will/M decide/N soon/N whether/I to/T end/N the/D trading/N _OOV_/N ./.
Switzerland/N 's/P wholesale/N price/N index/N increased/V 0.3/N %/N in/I September/N from/I August/N ,/, and/C was/V up/R 3.9/N %/N from/I a/D year/N ago/I ,/, _OOV_/N the/D first/J time/N this/D year/N that/I the/D index/N has/V fallen/N below/N 4/C %/N on/I a/D _OOV_/N basis/N ,/, the/D government/N reported/V ./.
The/D government/N attributed/V the/D 0.3/N %/N _OOV_/N rise/N in/I the/D index/N largely/N to/T higher/J energy/N prices/N ./.
In/I August/N ,/, the/D index/N was/V up/R 0.2/N %/N from/I the/D previous/J month/N ,/, and/C was/V up/R 4.5/N %/N on/I a/D _OOV_/N basis/N ./.
The/D wholesale/N price/N index/N ,/, based/V on/I 1963/N as/I 100/C ,/, was/V _OOV_/N in/I September/N ./.
American/N Express/N Co./N posted/V a/D 21/N %/N increase/N in/I third/J quarter/N net/J income/N despite/N a/D sharp/N rise/N in/I reserves/N for/I Third/N World/N loans/N at/I its/P banking/N unit/N ./.
Aided/N by/I a/D sharp/N gain/N in/I its/P travel/N business/N ,/, American/N Express/N said/V net/J rose/V to/T $/$ _OOV_/N million/C ,/, or/C 77/N cents/N a/D share/N ,/, from/I $/$ _OOV_/N million/C ,/, or/C 64/N cents/N a/D share/N ./.
The/D year-earlier/N figures/N included/V $/$ _OOV_/N million/C ,/, or/C three/C cents/N a/D share/N ,/, in/I income/N from/I discontinued/N operations/N ./.
Income/N from/I continuing/V operations/N was/V up/R 26/N %/N ./.
Revenue/N rose/V 24/N %/N to/T $/$ 6.5/N billion/C from/I $/$ _OOV_/N billion/C ./.
The/D travel/N ,/, investment/N services/N ,/, insurance/N and/C banking/N concern/N added/V $/$ 110/N million/C to/T reserves/N for/I credit/N losses/N at/I its/P American/N Express/N Bank/N unit/N ,/, _OOV_/N the/D reserve/N to/T $/$ _OOV_/N million/C as/I of/I Sept./N 30/C ./.
The/D bank/N 's/P Third/N World/N debt/N portfolio/N _OOV_/N $/$ _OOV_/N million/C ,/, down/R from/I $/$ 2.2/N billion/C at/I the/D end/N of/I 1986/C ./.
The/D bank/N charged/V off/R $/$ 53/N million/C in/I loans/N during/I the/D quarter/N ./.
At/I the/D American/N Express/N Travel/N _OOV_/N Services/N Co./N unit/N ,/, net/J rose/V 17/C %/N to/T a/D record/N $/$ _OOV_/N million/C on/I a/D 19/N %/N revenue/N increase/N ./.
The/D figures/N _OOV_/N businesses/N now/R organized/N as/I American/N Express/N Information/N Services/N Co/N ./.
American/N Express/N card/N charge/N volume/N rose/V 12/C %/N ./.
Travel/N sales/N rose/V 11/C %/N ,/, led/V by/I gains/N in/I the/D U.S/N ./.
At/I _OOV_/N Financial/N Services/N ,/, the/D financial/J planning/N and/C mutual/N fund/N unit/N ,/, net/J rose/V 19/N %/N to/T a/D record/N $/$ _OOV_/N million/C on/I a/D 33/N %/N revenue/N gain/N ./.
_OOV_/N owned/V or/C managed/N rose/V 20/C %/N to/T $/$ 45/N billion/C ,/, and/C mutual/N fund/N sales/N rose/V 45/N %/N in/I the/D quarter/N to/T $/$ _OOV_/N million/C ./.
American/N Express/N Bank/N earnings/N fell/V 50/C %/N to/T $/$ _OOV_/N million/C from/I $/$ _OOV_/N million/C despite/N a/D 29/N %/N revenue/N gain/N ./.
The/D results/N include/V $/$ 106/N million/C of/I tax/N benefits/N associated/V with/I previous/J years/N '/P Third/N World/N loan/N activity/N ,/, compared/V with/I $/$ 15/C million/C a/D year/N earlier/R ./.
Profit/N rose/V 38/N %/N at/I American/N Express/N Information/N Services/N to/T $/$ _OOV_/N million/C ./.
Shearson/N Lehman/N Hutton/N Holdings/N Inc./N ,/, as/I previously/N reported/V ,/, had/V net/J of/I $/$ _OOV_/N million/C ,/, _OOV_/N a/D $/$ 3.5/N million/C loss/N a/D year/N earlier/R ;/: its/P latest/J results/N include/V a/D $/$ 37/N million/C gain/N from/I the/D sale/N of/I an/D institutional/N money/N management/N business/N ./.
American/N Express/N 's/P share/N of/I Shearson/N 's/P earnings/N was/V $/$ 41/N million/C ,/, after/I preferred/N stock/N dividends/N ;/: it/P owns/V about/I 68/N %/N of/I Shearson/N 's/P common/J ./.
For/I the/D nine/C months/N ,/, American/N Express/N said/V net/J rose/V 11/C %/N to/T $/$ _OOV_/N million/C ,/, or/C $/$ _OOV_/N a/D share/N ,/, from/I $/$ _OOV_/N million/C ,/, or/C $/$ _OOV_/N a/D share/N ./.
Revenue/N rose/V 24/N %/N to/T $/$ _OOV_/N billion/C from/I $/$ _OOV_/N billion/C ./.
_OOV_/N Inc./N ,/, hampered/N by/I a/D slowdown/N in/I its/P defense/N sales/N ,/, reported/V an/D 8/C %/N decline/N in/I per-share/N earnings/N on/I nearly/R flat/N revenue/N for/I its/P third/J quarter/N ./.
The/D aerospace/N and/C financial/J services/N concern/N said/V net/J income/N fell/V 5/C %/N to/T $/$ _OOV_/N million/C from/I $/$ 62.8/N million/C ./.
Revenue/N of/I $/$ _OOV_/N billion/C was/V almost/R unchanged/N from/I last/J year/N 's/P $/$ _OOV_/N billion/C ./.
Per-share/N net/J of/I 66/N cents/N ,/, down/R from/I 72/N cents/N ,/, fell/V by/I more/J than/I overall/N net/J because/I of/I more/J shares/N outstanding/J ./.
The/D company/N said/V that/I improved/V results/N in/I its/P financial-services/N sector/N were/V _OOV_/N by/I increased/V costs/N in/I its/P government/N contract/N business/N ,/, lower/J operating/V earnings/N in/I its/P _OOV_/N sector/N and/C soft/N automotive/N markets/N ./.
Net/N was/V aided/N by/I a/D lower/J income/N tax/N rate/N ./.
Profit/N before/I taxes/N fell/V 17/C %/N to/T $/$ _OOV_/N million/C from/I $/$ _OOV_/N million/C ./.
For/I the/D nine/C months/N ,/, _OOV_/N reported/V net/J of/I $/$ _OOV_/N million/C ,/, or/C $/$ 2.06/N a/D share/N ,/, on/I revenue/N of/I $/$ _OOV_/N billion/C ./.
A/D year/N ago/I ,/, net/J was/V $/$ _OOV_/N million/C ,/, or/C $/$ _OOV_/N a/D share/N ,/, on/I revenue/N of/I $/$ 5.3/N billion/C ./.
The/D _OOV_/N results/N included/V a/D $/$ 9.5/N million/C special/J charge/N in/I 1989/C for/I an/D _OOV_/N settlement/N related/V to/T past/J export/N sales/N ,/, and/C $/$ _OOV_/N million/C in/I extraordinary/N charges/N in/I 1988/C related/V to/T a/D former/J line/N of/I business/N and/C early/J redemption/N of/I debt/N ./.
_OOV_/N said/V that/I _OOV_/N '/P results/N do/V n't/R include/V earnings/N of/I _OOV_/N PLC/N ,/, a/D British/J maker/N of/I industrial/J _OOV_/N ,/, but/C do/V include/V interest/N costs/N of/I $/$ _OOV_/N million/C on/I borrowings/N related/V to/T the/D proposed/V purchase/N of/I _OOV_/N ./.
A/D federal/J judge/N has/V issued/V a/D preliminary/N _OOV_/N against/I the/D purchase/N because/I of/I Federal/N Trade/N Commission/N concerns/N that/I the/D transaction/N would/M reduce/V competition/N in/I the/D production/N of/I two/C kinds/N of/I _OOV_/N ./.
For/I the/D quarter/N ,/, _OOV_/N said/V aerospace/N revenue/N ,/, including/V _OOV_/N _OOV_/N and/C _OOV_/N _OOV_/N ,/, declined/V _OOV_/N %/N to/T $/$ _OOV_/N million/C from/I $/$ _OOV_/N million/C ,/, an/D indication/N of/I slowing/N government/N defense/N work/N ./.
As/I the/D _OOV_/N brothers/N '/P personal/N bankruptcy/N cases/N _OOV_/N into/I their/P second/J year/N ,/, _OOV_/N S.A./N has/V proposed/V a/D deal/N to/T settle/V its/P huge/J claim/N against/I the/D troubled/N Texas/N oil/N men/N ./.
But/C the/D plan/N only/R threatens/N to/T _OOV_/N the/D tension/N and/C _OOV_/N already/R _OOV_/N the/D cases/N that/I were/V filed/V in/I September/N 1988/C ./.
The/D _OOV_/N _OOV_/N concern/N 's/P $/$ _OOV_/N million/C claim/N stems/N from/I 1988/C jury/N award/N in/I a/D case/N stemming/N from/I the/D brothers/N '/P alleged/V attempts/N to/T _OOV_/N the/D _OOV_/N silver/N market/N ./.
_OOV_/N now/R says/V it/P is/V willing/N to/T settle/V for/I up/R to/T $/$ _OOV_/N million/C from/I each/D _OOV_/N ,/, although/N the/D actual/J amount/N would/M probably/R be/V much/J less/J ./.
Although/I the/D proposal/N must/M be/V approved/V by/I federal/J Judge/N Harold/N C./N _OOV_/N ,/, W./N Herbert/N _OOV_/N has/V agreed/V to/T the/D _OOV_/N _OOV_/N concern/N 's/P proposal/N ./.
Nelson/N _OOV_/N _OOV_/N is/V considering/N it/P ,/, although/N his/P attorney/N says/V he/P wo/N n't/R do/V it/P if/I the/D proposal/N _OOV_/N a/D _OOV_/N settlement/N he/P has/V reached/V with/I the/D Internal/N Revenue/N Service/N ,/, which/W claims/N the/D brothers/N _OOV_/N $/$ 1/C billion/C in/I back/R taxes/N and/C is/V by/I far/R the/D biggest/J creditor/N in/I both/D cases/N ./.
The/D _OOV_/N agreement/N between/I the/D _OOV_/N and/C Nelson/N _OOV_/N _OOV_/N is/V awaiting/N U.S./N Justice/N Department/N approval/N ./.
Under/N it/P ,/, the/D former/J _OOV_/N 's/P assets/N would/M be/V liquidated/N with/I the/D _OOV_/N getting/V 80/C %/N of/I the/D proceeds/N and/C the/D rest/N being/V divided/N among/I other/J creditors/N ,/, including/V _OOV_/N and/C Manufacturers/N _OOV_/N Trust/N Co./N ,/, which/W is/V seeking/V _OOV_/N of/I a/D $/$ 36/N million/C loan/N ./.
A/D _OOV_/N proposal/N has/V been/V made/V in/I the/D W./N Herbert/N _OOV_/N case/N although/N he/P and/C the/D _OOV_/N are/V at/I odds/N over/I the/D size/N of/I the/D _OOV_/N debt/N he/P would/M have/V to/T pay/V to/T the/D government/N from/I future/N earnings/N ./.
In/I both/D cases/N ,/, _OOV_/N and/C Manufacturers/N _OOV_/N have/V been/V fighting/N ferociously/N over/I their/P shares/N of/I the/D pie/N ./.
With/I support/N from/I the/D _OOV_/N ,/, Manufacturers/N _OOV_/N has/V filed/V suit/N asking/N Judge/N _OOV_/N to/T _OOV_/N _OOV_/N 's/P claim/N to/T those/D of/I _OOV_/N _OOV_/N and/C the/D _OOV_/N ./.
_OOV_/N has/V threatened/N a/D ``/` _OOV_/N ''/' of/I litigation/N if/I the/D Manufacturers/N _OOV_/N Corp./N unit/N attempts/N to/T force/N such/J a/D plan/N through/I the/D court/N ./.
_OOV_/N said/V it/P would/M n't/R pursue/N such/J litigation/N if/I its/P settlement/N plan/N in/I the/D W./N Herbert/N _OOV_/N case/N is/V approved/V by/I Judge/N _OOV_/N ,/, who/W will/M consider/V the/D proposal/N at/I a/D hearing/N next/J week/N ./.
_OOV_/N attorney/N Thomas/N _OOV_/N _OOV_/N the/D plan/N as/I one/C step/N toward/N an/D overall/N settlement/N of/I the/D W./N Herbert/N _OOV_/N case/N but/C Hugh/N Ray/N ,/, attorney/N for/I Manufacturers/N _OOV_/N ,/, called/V it/P ``/` silly/N ''/' and/C said/V he/P would/M fight/N it/P in/I court/N ./.
``/` The/D thing/N is/V so/R fluid/N right/N now/R that/I there/E 's/P really/R no/D way/N to/T say/V what/W will/M happen/N ,/, ''/' says/V Justice/N Department/N attorney/N _OOV_/N _OOV_/N III/N ,/, who/W represents/V the/D _OOV_/N in/I the/D case/N ./.
``/` Developments/N like/I this/D are/V hard/J to/T predict/N ./.
_OOV_/N One/C Corp./N said/V it/P agreed/V in/I principle/N to/T buy/V five/C branch/N _OOV_/N from/I _OOV_/N Inc./N ,/, Toledo/N ,/, Ohio/N ,/, following/V the/D planned/V merger/N of/I _OOV_/N into/I _OOV_/N Corp./N ,/, Cleveland/N ./.
The/D five/C _OOV_/N in/I Erie/N and/C _OOV_/N _OOV_/N in/I northern/N Ohio/N have/V total/N assets/N of/I about/I $/$ 88/N million/C ,/, _OOV_/N One/C said/V ./.
The/D purchase/N price/N will/M be/V established/N after/I _OOV_/N One/C has/V an/D opportunity/N to/T study/N the/D quality/N of/I the/D assets/N ,/, _OOV_/N One/C said/V ./.
_OOV_/N Corp./N already/R has/V branches/N in/I the/D area/N ,/, and/C selling/V the/D _OOV_/N _OOV_/N could/M avoid/V a/D problem/N with/I regulators/N over/I excessive/N concentration/N of/I banking/N in/I the/D two/C _OOV_/N after/I the/D merger/N of/I _OOV_/N into/I _OOV_/N ,/, according/V to/T industry/N sources/N ./.
The/D merger/N is/V scheduled/V to/T take/V place/N in/I the/D 1990/C first/J quarter/N ./.
_OOV_/N fears/N and/C relatively/N more/J attractive/N interest/N rates/N pushed/N _OOV_/N mutual/N fund/N assets/N up/R $/$ _OOV_/N billion/C in/I the/D latest/J week/N ,/, the/D _OOV_/N increase/N in/I almost/R two/C years/N ./.
The/D _OOV_/N funds/N tracked/N by/I the/D Investment/N Company/N Institute/N ,/, a/D _OOV_/N trade/N group/N ,/, rose/V to/T $/$ _OOV_/N billion/C ,/, a/D record/N ./.
The/D $/$ _OOV_/N billion/C increase/N was/V the/D _OOV_/N weekly/N inflow/N since/I January/N 1988/C ./.
The/D increase/N was/V spread/N fairly/N _OOV_/N among/I all/D three/C types/N of/I funds/N ./.
Individual/N investors/N ,/, represented/V in/I the/D _OOV_/N and/C broker-dealer/N fund/N categories/N ,/, pulled/N money/N from/I the/D stock/N market/N after/I its/P big/J drop/N last/J Friday/N and/C put/V the/D money/N into/I funds/N ,/, said/V _OOV_/N _OOV_/N ,/, vice/N president/N and/C chief/N economist/N of/I the/D Institute/N ./.
``/` _OOV_/N investors/N ,/, on/I the/D other/J hand/N ,/, reacted/N to/T the/D steep/N decline/N in/I yields/N on/I direct/N _OOV_/N instruments/N following/V the/D _OOV_/N decline/N last/J Friday/N ,/, ''/' Mr./N _OOV_/N said/V ./.
Yields/N on/I money/N funds/N dropped/V in/I the/D week/N ended/V Tuesday/N ,/, according/V to/T _OOV_/N 's/P Money/N Fund/N Report/N ,/, a/D _OOV_/N ,/, Mass./N ,/, newsletter/N ./.
The/D average/N _OOV_/N compounded/N yield/V fell/V to/T _OOV_/N %/N from/I 8.60/N %/N the/D week/N earlier/R ,/, _OOV_/N 's/P said/V ./.
At/I the/D auction/N of/I six-month/N U.S./N Treasury/N bills/N on/I Monday/N ,/, the/D average/N yield/V fell/V to/T _OOV_/N %/N from/I _OOV_/N %/N ./.
_OOV_/N ,/, certificates/N of/I deposit/N on/I average/N posted/V lower/J yields/N in/I the/D week/N ended/V Tuesday/N ./.
The/D _OOV_/N _OOV_/N money/N funds/N rose/V $/$ _OOV_/N billion/C to/T $/$ _OOV_/N billion/C ./.
The/D _OOV_/N _OOV_/N funds/N increased/V $/$ _OOV_/N billion/C to/T $/$ _OOV_/N billion/C ,/, while/I 96/N broker-dealer/N funds/N increased/V $/$ 1.3/N billion/C to/T $/$ _OOV_/N billion/C ./.
_OOV_/N lending/N for/I real/J estate/N and/C property/N development/N was/V the/D source/N of/I Bank/N _OOV_/N Malaysia/N _OOV_/N 's/P most/J recent/J _OOV_/N of/I financial/J troubles/N ,/, the/D institution/N 's/P executive/N chairman/N ,/, _OOV_/N _OOV_/N _OOV_/N ,/, said/V ./.
_OOV_/N to/T reporters/N this/D week/N after/I Bank/N _OOV_/N 's/P shareholders/N approved/V a/D rescue/N plan/N ,/, _OOV_/N _OOV_/N _OOV_/N said/V heavy/J lending/N to/T the/D property/N sector/N _OOV_/N the/D bank/N when/W property/N prices/N in/I Malaysia/N plummeted/V in/I _OOV_/N ./.
He/P said/V the/D bank/N could/M n't/R wait/V any/D longer/N for/I prices/N to/T _OOV_/N and/C for/I _OOV_/N to/T service/N their/P loans/N ./.
So/N the/D bank/N 's/P board/N decided/N to/T make/V 1.23/N billion/C _OOV_/N dollars/N -LRB-/- US$/N _OOV_/N million/C -RRB-/- in/I provisions/N for/I interest/N payments/N from/I loans/N previously/N recorded/N as/I revenue/N but/C never/R actually/N received/V by/I the/D bank/N ,/, and/C to/T _OOV_/N a/D bailout/N package/N to/T _OOV_/N the/D bank/N 's/P _OOV_/N capital/N ./.
The/D _OOV_/N ,/, he/P added/V ,/, was/V similar/N to/T the/D Hong/N Kong/N _OOV_/N _OOV_/N collapse/N ,/, which/W exposed/N the/D involvement/N of/I Bank/N _OOV_/N 's/P former/J subsidiary/N in/I the/D colony/N in/I the/D largest/J banking/N scandal/N in/I Malaysia/N 's/P history/N ./.
The/D subsidiary/N ,/, _OOV_/N Malaysia/N Finance/N Ltd./N ,/, was/V left/V with/I _OOV_/N _OOV_/N billion/C in/I bad/J loans/N made/V to/T Hong/N Kong/N property/N speculators/N ./.
Both/N _OOV_/N wiped/N out/I Bank/N _OOV_/N 's/P shareholders/N '/P funds/N ./.
Each/N time/N ,/, the/D bank/N 's/P 90/N %/N shareholder/N --/: _OOV_/N _OOV_/N _OOV_/N ,/, or/C _OOV_/N ,/, the/D national/J oil/N company/N --/: has/V been/V called/V upon/N to/T rescue/N the/D institution/N ./.
In/I five/C years/N ,/, _OOV_/N ,/, which/W became/V the/D dominant/N shareholder/N in/I a/D 1984/N rescue/N exercise/N ,/, has/V spent/V about/I _OOV_/N 3.5/N billion/C to/T _OOV_/N up/R the/D troubled/N bank/N ./.
_OOV_/N _OOV_/N _OOV_/N said/V the/D capital/N restructuring/N plan/N has/V been/V approved/V by/I Malaysia/N 's/P Capital/N _OOV_/N Committee/N and/C central/N bank/N ./.
Malaysia/N 's/P _OOV_/N Court/N is/V expected/V to/T approve/N the/D plan/N ./.
Once/N the/D plan/N is/V approved/V ,/, _OOV_/N _OOV_/N _OOV_/N said/V ,/, most/J of/I Bank/N _OOV_/N 's/P _OOV_/N loans/N will/M have/V been/V fully/N provided/N for/I and/C the/D bank/N will/M be/V on/I track/N to/T report/N a/D pretax/N profit/N of/I between/I _OOV_/N 160/N million/C and/C _OOV_/N 170/N million/C for/I the/D fiscal/J year/N ending/N March/N 31/C ./.
For/I the/D previous/J financial/J year/N ,/, the/D bank/N would/M have/V reported/V a/D pretax/N profit/N of/I _OOV_/N _OOV_/N million/C if/I it/P had/V n't/R made/V provisions/N for/I the/D _OOV_/N loans/N ,/, he/P said/V ./.
Malaysia/N 's/P Banking/N _OOV_/N Act/N _OOV_/N the/D bank/N from/I identifying/N _OOV_/N _OOV_/N ,/, said/V _OOV_/N _OOV_/N _OOV_/N ./.
But/C public/J documents/N indicate/N 10/C %/N or/C more/J of/I the/D bank/N 's/P provisions/N were/V made/V for/I _OOV_/N interest/N on/I a/D _OOV_/N 200/N million/C loan/N to/T Malaysia/N 's/P dominant/N political/J party/N ,/, the/D United/N _OOV_/N National/N Organization/N ,/, to/T build/V its/P convention/N and/C headquarters/N complex/J in/I _OOV_/N _OOV_/N ./.
The/D loan/N to/T _OOV_/N was/V made/V in/I September/N 1983/N ./.
``/` We/P _OOV_/N a/D lot/N of/I money/N all/D over/I the/D place/N ,/, ''/' said/V _OOV_/N _OOV_/N _OOV_/N ,/, who/W refused/V to/T discuss/V the/D bank/N 's/P outstanding/J loans/N to/T
As/I well/R as/I the/D _OOV_/N 1.23/N billion/C in/I provisions/N announced/V on/I Oct./N 6/N ,/, the/D restructuring/N package/N _OOV_/N an/D additional/J _OOV_/N _OOV_/N million/C in/I provisions/N made/V in/I earlier/R years/N but/C never/R reflected/V in/I a/D reduction/N of/I the/D bank/N 's/P _OOV_/N capital/N ./.
At/I the/D end/N of/I the/D exercise/N ,/, the/D cash/N _OOV_/N from/I _OOV_/N will/M increase/N the/D bank/N 's/P _OOV_/N capital/N to/T _OOV_/N 1.15/N billion/C after/I virtually/N being/V wiped/N out/I by/I the/D new/J provisions/N ./.
_OOV_/N _OOV_/N might/N have/V stepped/N from/I a/D recruiting/N _OOV_/N for/I young/N Republicans/N ./.
White/N ,/, 24/N years/N old/J ,/, a/D singer/N in/I her/P church/N _OOV_/N ,/, she/P _OOV_/N a/D generation/N that/I gave/V its/P heart/N and/C its/P vote/N to/T Ronald/N Reagan/N ./.
``/` I/P felt/V kind/N of/I safe/N ,/, ''/' she/P says/V ./.
No/N longer/N ./.
When/W the/D Supreme/N Court/N opened/V the/D door/N this/D year/N to/T new/J restrictions/N on/I _OOV_/N ,/, Ms./N _OOV_/N opened/V her/P mind/N to/T Democratic/N politics/N ./.
Then/N a/D political/J _OOV_/N ,/, she/P stepped/N into/I a/D _OOV_/N of/I ``/` _OOV_/N ''/' _OOV_/N ,/, house/N parties/N and/C _OOV_/N ./.
Now/R she/P leads/N a/D _OOV_/N _OOV_/N campaign/N in/I _OOV_/N County/N for/I _OOV_/N Democratic/N _OOV_/N candidate/N James/N _OOV_/N ./.
``/` This/D is/V one/C where/W I/P _OOV_/N party/N lines/N ,/, ''/' she/P says/V ,/, rejecting/N the/D _OOV_/N _OOV_/N of/I Rep./N _OOV_/N 's/P _OOV_/N ,/, _OOV_/N Rep./N James/N _OOV_/N ./.
``/` People/N my/P age/N thought/V it/P was/V n't/R going/V to/T be/V an/D issue/N ./.
Now/R it/P has/V --/: especially/N for/I people/N my/P age/N ./. ''/'
_OOV_/N bear/N out/I this/D warning/N ,/, but/C after/I a/D decade/N of/I increased/V Republican/N influence/N here/R ,/, the/D new/J politics/N of/I _OOV_/N have/V contributed/V to/T a/D world/N turned/V upside/N down/R for/I Mr./N _OOV_/N ./.
Unless/N he/P closes/N the/D gap/N ,/, Republicans/N risk/N losing/V not/R only/R the/D _OOV_/N but/C also/R the/D assembly/N next/J month/N ./.
Going/N into/I the/D 1990s/N ,/, the/D _OOV_/N is/V paying/V a/D price/N for/I the/D same/J conservative/N social/N _OOV_/N that/I it/P used/V to/T _OOV_/N Democrats/N in/I the/D past/J ./.
This/D change/N comes/V less/J from/I a/D shift/N in/I public/J opinion/N ,/, which/W has/V n't/R changed/V much/J on/I _OOV_/N over/I the/D past/J decade/N ,/, than/I in/I the/D boundaries/N of/I the/D debate/N ./.
New/N Jersey/N 's/P own/J highest/N court/N remains/V a/D liberal/N _OOV_/N against/I major/J restrictions/N on/I _OOV_/N ,/, but/C the/D U.S./N Supreme/N Court/N ruling/N ,/, Webster/N vs./N Missouri/N ,/, has/V engaged/N voters/N across/N the/D nation/N who/W had/V been/V insulated/N from/I the/D issue/N ./.
Before/N July/N ,/, _OOV_/N voters/N could/M _OOV_/N make/V political/J decisions/N without/I focusing/N narrowly/N on/I _OOV_/N ./.
Now/R ,/, the/D threat/N of/I further/J restrictions/N adds/V a/D new/J _OOV_/N ,/, bringing/N an/D _OOV_/N in/I political/J activity/N by/I _OOV_/N forces/N ./.
A/D recent/J _OOV_/N rally/N in/I _OOV_/N _OOV_/N thousands/N ,/, and/C in/I a/D major/J reversal/N ,/, Congress/N is/V _OOV_/N a/D presidential/N veto/N and/C demanding/N that/I _OOV_/N _OOV_/N be/V permitted/V in/I cases/N of/I rape/N and/C incest/N ./.
``/` If/I Webster/N had/V n't/R happened/N ,/, you/P would/M n't/R be/V here/R ,/, ''/' _OOV_/N _OOV_/N tells/N a/D reporter/N in/I the/D _OOV_/N office/N of/I the/D National/N Organization/N for/I _OOV_/N ./.
``/` We/P could/M have/V _OOV_/N from/I the/D _OOV_/N about/I _OOV_/N and/C no/D one/C would/M have/V heard/N us/P ./. ''/'
New/N Jersey/N is/V a/D _OOV_/N ground/N for/I this/D aggressive/N _OOV_/N movement/N this/D year/N ./.
The/D infusion/N of/I _OOV_/N can/M bring/V a/D clash/N of/I _OOV_/N ./.
In/I _OOV_/N Hill/N ,/, the/D National/N _OOV_/N _OOV_/N _OOV_/N League/N ,/, whose/N goal/N is/V to/T sign/N up/R 50,000/N _OOV_/N voters/N ,/, _OOV_/N a/D union/N _OOV_/N to/T build/V labor/N support/N for/I its/P cause/N ./.
The/D _OOV_/N _OOV_/N seem/V more/J a/D fit/N with/I a/D convention/N next/J door/N of/I young/N _OOV_/N _OOV_/N in/I _OOV_/N than/I the/D _OOV_/N union/N leaders/N ;/: ``/` I/P wish/N I/P could/M go/V work/N out/I ,/, ''/' says/V a/D _OOV_/N activist/N ./.
A/D labor/N chief/N _OOV_/N _OOV_/N of/I having/V to/T ``/` man/N and/C woman/N ''/' Election/N _OOV_/N _OOV_/N ./.
No/N age/N group/N is/V more/J sensitive/N than/I younger/N voters/N ,/, like/I Ms./N _OOV_/N ./.
A/D year/N ago/I this/D fall/N ,/, New/N Jersey/N voters/N under/I 30/C favored/N George/N Bush/N by/I 56/N %/N to/T 39/N %/N over/I Michael/N _OOV_/N ,/, according/V to/T a/D survey/N then/R by/I _OOV_/N University/N 's/P _OOV_/N Institute/N ./.
A/D matching/N _OOV_/N _OOV_/N _OOV_/N poll/N last/J month/N showed/V a/D complete/N reversal/N ./.
_OOV_/N in/I the/D same/J age/N group/N backed/V Democrat/N _OOV_/N 55/N %/N to/T 29/N %/N over/I Republican/N _OOV_/N ./.
_OOV_/N alone/N ca/M n't/R explain/V this/D shift/N ,/, but/C New/N Jersey/N is/V a/D model/N of/I how/W so/R personal/N an/D issue/N can/M become/V a/D _OOV_/N of/I _OOV_/N in/I _OOV_/N a/D candidate/N ./.
By/N a/D _OOV_/N ratio/N ,/, voters/N appear/V more/J at/I ease/N with/I Mr./N _OOV_/N 's/P _OOV_/N on/I _OOV_/N ,/, and/C polls/N indicate/N his/P lead/N widens/N when/W the/D candidates/N are/V specifically/N linked/V to/T the/D issue/N ./.
``/` The/D times/N are/V my/P times/N ,/, ''/' says/V Mr./N _OOV_/N ./.
The/D _OOV_/N County/N _OOV_/N still/R carries/N himself/N with/I a/D _OOV_/N ``/` _OOV_/N ''/' _OOV_/N ,/, but/C at/I a/D _OOV_/N in/I _OOV_/N 's/P Columbus/N _OOV_/N _OOV_/N recently/R ,/, he/P was/V dancing/N with/I his/P wife/N in/I the/D middle/N of/I the/D avenue/N in/I the/D city/N 's/P old/J _OOV_/N _OOV_/N ./.
After/N losing/V by/I fewer/N than/I 1,800/N votes/N in/I the/D 1981/N governor/N 's/P _OOV_/N ,/, he/P has/V prepared/V himself/N _OOV_/N for/I this/D moment/N ,/, including/V _OOV_/N in/I recent/J years/N he/P could/M no/D longer/N support/N _OOV_/N on/I federal/J funding/N for/I _OOV_/N _OOV_/N ./.
``/` If/I you/P 're/V going/V to/T be/V _OOV_/N and/C say/V it/P is/V a/D _OOV_/N protected/N right/N ,/, ''/' he/P asks/N ,/, ``/` how/W are/V you/P going/V to/T say/V an/D upscale/N woman/N who/W can/M drive/N to/T the/D hospital/N or/C _OOV_/N in/I a/D nice/N car/N has/V a/D _OOV_/N right/N and/C someone/N who/W is/V not/R in/I great/J shape/N financially/N does/V not/R ?/. ''/'
Mr./N _OOV_/N ,/, by/I comparison/N ,/, seems/V a/D shadow/N of/I the/D _OOV_/N _OOV_/N who/W defended/N Oliver/N North/N before/I national/J cameras/N at/I Iran-Contra/N hearings/N two/C years/N ago/I ./.
_OOV_/N back/R ,/, he/P says/V he/P _OOV_/N by/I stating/N his/P ``/` personal/N ''/' opposition/N to/T _OOV_/N instead/N of/I _OOV_/N voters/N that/I he/P would/M n't/R _OOV_/N his/P views/N on/I ``/` policy/N ''/' as/I governor/N ./.
It/P is/V a/D _OOV_/N that/I _OOV_/N neither/N side/N in/I the/D debate/N ./.
``/` He/P does/V n't/R know/V himself/N ,/, ''/' _OOV_/N _OOV_/N of/I the/D _OOV_/N _OOV_/N League/N says/V of/I Mr./N _OOV_/N 's/P position/N ./.
Even/R _OOV_/N _OOV_/N ,/, however/R angry/N with/I Mr./N _OOV_/N ,/, ca/M n't/R hide/N their/P frustration/N with/I the/D Republican/N 's/P _OOV_/N ./.
``/` He/P does/V n't/R want/V to/T lead/N the/D people/N ,/, ''/' says/V Richard/N _OOV_/N ,/, president/N of/I New/N Jersey/N Right/N to/T Life/N ./.
Moreover/N ,/, by/I stepping/N outside/N the/D state/N 's/P _OOV_/N _OOV_/N ,/, Mr./N _OOV_/N _OOV_/N fears/N that/I he/P is/V too/R conservative/N as/I well/R on/I more/J pressing/N concerns/N such/J as/I auto/N insurance/N rates/N and/C the/D environment/N ./.
He/P hurt/V himself/N further/J this/D summer/N by/I bringing/N _OOV_/N issues/N into/I the/D debate/N ;/: and/C by/I _OOV_/N on/I this/D issue/N and/C _OOV_/N ,/, he/P has/V weakened/N his/P credibility/N in/I what/W is/V already/R a/D _OOV_/N campaign/N on/I both/D sides/N ./.
_OOV_/N to/T Congress/N in/I 1978/N ,/, the/D _OOV_/N Mr./N _OOV_/N is/V part/N of/I a/D generation/N of/I young/N _OOV_/N who/W were/V once/R very/R much/J in/I the/D lead/N of/I the/D _OOV_/N shift/N under/I Mr./N Reagan/N ./.
Like/N many/J of/I his/P colleagues/N ,/, he/P did/V n't/R serve/N in/I Vietnam/N in/I the/D 1960s/N yet/N embraced/N a/D _OOV_/N defense/N and/C foreign/J policy/N --/: even/R _OOV_/N against/I a/D 1984/N resolution/N critical/N of/I the/D U.S./N mining/N of/I _OOV_/N _OOV_/N ./.
Jack/N Kemp/N and/C the/D writers/N _OOV_/N Kristol/N and/C George/N _OOV_/N were/V _OOV_/N ,/, and/C Mr./N _OOV_/N 's/P own/J conservative/N credentials/N _OOV_/N useful/N to/T the/D current/J New/N Jersey/N _OOV_/N governor/N ,/, Thomas/N _OOV_/N ,/, in/I the/D 1981/N Republican/N primary/N here/R ./.
The/D same/J partnership/N is/V now/R crucial/N to/T Mr./N _OOV_/N 's/P _OOV_/N ,/, but/C the/D _OOV_/N issue/N is/V only/R a/D reminder/N of/I the/D gap/N between/I his/P record/N and/C that/I of/I the/D more/J moderate/N ,/, _OOV_/N Gov./N _OOV_/N ./.
While/I the/D _OOV_/N County/N _OOV_/N pursued/N an/D _OOV_/N ,/, _OOV_/N _OOV_/N in/I Washington/N ,/, Gov./N _OOV_/N was/V _OOV_/N increased/V income/N and/C sales/N taxes/N at/I home/N and/C _OOV_/N a/D near/N _OOV_/N in/I the/D size/N of/I New/N Jersey/N 's/P budget/N in/I his/P eight/N years/N in/I office/N ./.
_OOV_/N forces/N play/V down/R any/D differences/N with/I Mr./N _OOV_/N ,/, but/C this/D history/N makes/V it/P harder/N for/I the/D conservative/N to/T run/N against/I government/N ./.
Mr./N _OOV_/N 's/P free-market/N plan/N to/T bring/V down/R auto/N insurance/N rates/N met/V criticism/N from/I Gov./N _OOV_/N 's/P own/J insurance/N commissioner/N ./.
Mr./N _OOV_/N is/V further/J _OOV_/N by/I a/D record/N of/I votes/N opposed/N to/T government/N regulation/N on/I behalf/N of/I consumers/N ./.
_OOV_/N in/I _OOV_/N from/I his/P days/N in/I the/D _OOV_/N _OOV_/N ,/, Mr./N _OOV_/N actively/N courts/N minority/N voters/N but/C seems/V _OOV_/N over/I his/P head/N ./.
He/P is/V _OOV_/N and/C _OOV_/N before/I a/D Puerto/N _OOV_/N Congress/N in/I _OOV_/N _OOV_/N ./.
Yet/N minutes/N after/I promising/N to/T appoint/N _OOV_/N to/T high/J posts/N in/I state/N government/N ,/, he/P is/V unable/N to/T say/V whether/I he/P has/V ever/R employed/N any/D in/I his/P congressional/N office/N ./.
``/` I/P do/V n't/R think/V we/P do/V now/R ,/, ''/' he/P says/V ./.
``/` I/P think/V we/P did/V ./. ''/'
Asked/N the/D same/J question/N after/I his/P appearance/N ,/, Democrat/N _OOV_/N _OOV_/N a/D staff/N member/N by/I name/N and/C explains/N her/P _OOV_/N today/N ./.
When/W he/P is/V presented/N with/I a/D _OOV_/N _OOV_/N the/D organization/N 's/P _OOV_/N anniversary/N ,/, he/P recognizes/N a/D _OOV_/N of/I one/C of/I the/D _OOV_/N and/C recalls/V time/N spent/V together/N in/I _OOV_/N ./.
Details/N and/C _OOV_/N are/V essential/N _OOV_/N ./.
_OOV_/N to/T Congress/N as/I a/D ``/` Watergate/N baby/N ''/' in/I 1974/N ,/, he/P ran/N for/I governor/N three/C years/N later/R ./.
In/I the/D opinion/N of/I many/J ,/, he/P has/V n't/R stopped/N running/V since/I ,/, even/R though/I he/P declined/V a/D _OOV_/N with/I Gov./N _OOV_/N in/I 1985/N ./.
His/N base/N in/I South/N Jersey/N and/C on/I the/D House/N Energy/N and/C Commerce/N Committee/N helped/V him/P sustain/N a/D network/N of/I _OOV_/N committees/N to/T preserve/N his/P edge/N ./.
With/I limited/N _OOV_/N for/I television/N in/I a/D high-priced/N market/N ,/, Mr./N _OOV_/N 's/P higher/J _OOV_/N than/I his/P rival/N is/V a/D major/J advantage/N ./.
More/N than/I ever/R ,/, his/P _OOV_/N and/C _OOV_/N record/N is/V in/I _OOV_/N with/I the/D state/N ./.
Auto/N insurance/N rates/N are/V soaring/N ./.
A/D _OOV_/N fire/N destroyed/N part/N of/I an/D interstate/N highway/N this/D summer/N ./.
In/I _OOV_/N ,/, an/D important/J swing/N area/N ,/, Republican/N _OOV_/N now/R run/N on/I a/D _OOV_/N promising/N to/T keep/V the/D _OOV_/N ``/` clean/N and/C green/N ./. ''/'
Mr./N _OOV_/N _OOV_/N this/D _OOV_/N ,/, but/C at/I age/N 52/N ,/, the/D _OOV_/N is/V also/R a/D product/N of/I his/P times/N and/C losses/N ./.
He/P _OOV_/N for/I the/D death/N penalty/N as/I if/I reading/N from/I _OOV_/N 21/N ;/: to/T increase/N state/N revenue/N he/P focuses/N not/R on/I ``/` taxes/N ''/' but/C on/I ``/` _OOV_/N ''/' to/T cut/V waste/N ./.
_OOV_/N consultants/N match/N ads/N with/I Mr./N _OOV_/N 's/P team/N ,/, and/C Mr./N _OOV_/N _OOV_/N himself/N as/I the/D lean/N ,/, mean/V Democratic/N fighting/N machine/N of/I the/D 1990s/N ./.
_OOV_/N to/T a/D young/N audience/N ,/, he/P _OOV_/N an/D old/J _OOV_/N to/T _OOV_/N and/C _OOV_/N and/C instead/N quotes/N the/D _OOV_/N _OOV_/N ./.
The/D _OOV_/N chosen/N --/: ``/` long/J _OOV_/N night/N ''/' --/: may/M be/V an/D apt/N _OOV_/N to/T television/N _OOV_/N by/I both/D candidates/N intended/N to/T portray/N each/D other/J as/I a/D _OOV_/N ./.
The/D Democratic/N lawmaker/N fits/N a/D pattern/N of/I younger/N _OOV_/N _OOV_/N out/I of/I old/J machines/N ,/, but/C his/P ties/N to/T _OOV_/N remain/V a/D sore/N point/N because/I of/I the/D _OOV_/N 's/P past/J _OOV_/N ./.
His/N campaign/N _OOV_/N is/V chosen/N from/I elsewhere/N in/I the/D state/N ,/, and/C faced/N with/I criticism/N of/I a/D _OOV_/N bank/N investment/N ,/, he/P has/V so/R far/R _OOV_/N the/D issue/N by/I donating/N the/D bulk/N of/I his/P profits/N to/T his/P _OOV_/N _OOV_/N ,/, _OOV_/N State/N _OOV_/N ./.
Mr./N _OOV_/N 's/P _OOV_/N on/I the/D _OOV_/N issue/N after/I the/D Webster/N ruling/N _OOV_/N some/D of/I his/P old/J constituency/N ./.
_OOV_/N _OOV_/N ,/, an/D unlikely/N but/C _OOV_/N _OOV_/N major/J in/I an/D _OOV_/N County/N Irish/N _OOV_/N band/N ,/, _OOV_/N _OOV_/N of/I Mr./N _OOV_/N ./.
``/` I/P am/N a/D _OOV_/N _OOV_/N ,/, ''/' says/V Mr./N _OOV_/N ,/, a/D 40-year-old/N health/N officer/N ./.
``/` I/P ca/M n't/R support/N him/P because/I of/I _OOV_/N ./. ''/'
Bill/N _OOV_/N _OOV_/N ,/, 72/N ,/, is/V _OOV_/N too/R ,/, but/C _OOV_/N by/I Mr./N _OOV_/N 's/P stand/N on/I _OOV_/N ./.
A/D security/N _OOV_/N at/I a/D cargo/N terminal/N ,/, he/P _OOV_/N a/D Sons/N of/I Italy/N _OOV_/N and/C cap/N _OOV_/N ``/` The/D _OOV_/N 1/C _OOV_/N ./. ''/'
``/` I/P still/R think/V the/D woman/N has/V the/D right/N to/T do/V with/I her/P body/N as/I she/P _OOV_/N ,/, ''/' he/P says/V ./.
``/` If/I you/P want/V more/J opinions/N ask/V my/P wife/N ./.
She/P has/V lots/N of/I opinions/N ./.
Consumer/N prices/N rose/V a/D surprisingly/N moderate/N 0.2/N %/N in/I September/N ,/, pushed/N up/R mostly/N by/I a/D jump/N in/I clothing/N costs/N ,/, the/D Labor/N Department/N reported/V ./.
Energy/N costs/N ,/, which/W drove/N wholesale/N prices/N up/R sharply/N during/I the/D month/N ,/, continued/V to/T decline/N at/I the/D retail/N level/N ,/, pulling/N down/R transportation/N and/C helping/N to/T ease/N housing/N costs/N ./.
The/D report/N was/V the/D brightest/N news/N the/D financial/J markets/N had/V seen/V since/I before/I the/D stock/N market/N plunged/N more/J than/I 190/N points/N last/J Friday/N ./.
The/D Dow/N Jones/N Industrial/N Average/N rallied/N on/I the/D news/N ,/, closing/N _OOV_/N points/N higher/J at/I _OOV_/N ./.
Bond/N prices/N also/R jumped/V as/I traders/N appeared/V to/T read/V the/D data/N as/I a/D sign/N that/I interest/N rates/N may/M fall/N ./.
But/C many/J economists/N were/V not/R nearly/R as/I _OOV_/N ./.
The/D climb/N in/I wholesale/N energy/N prices/N is/V certain/J to/T push/N up/R retail/N energy/N prices/N in/I the/D next/J few/J months/N ,/, they/P warned/N ./.
They/P also/R said/V the/D dollar/N is/V _OOV_/N off/R after/I a/D rise/N this/D summer/N that/I helped/V to/T reduce/V the/D prices/N of/I imported/N goods/N ./.
``/` I/P think/V inflation/N is/V going/V to/T pick/N up/R through/I the/D fall/N ,/, ''/' said/V Joel/N _OOV_/N ,/, a/D specialist/N on/I inflation/N who/W runs/V an/D economic/J consulting/N firm/N here/R ./.
``/` It/P has/V been/V in/I what/W I/P would/M describe/N as/I a/D _OOV_/N for/I the/D past/J several/J months/N ./. ''/'
``/` We/P 've/V had/V _OOV_/N declines/N in/I consumer/N energy/N prices/N in/I each/D of/I the/D past/J three/C months/N ,/, and/C at/I the/D wholesale/N level/N those/D are/V fully/N behind/N us/P now/R ,/, ''/' said/V Jay/N _OOV_/N ,/, chief/N domestic/J economist/N at/I Bankers/N Trust/N Co./N in/I New/N York/N ./.
Because/N wholesale/N energy/N prices/N shot/N up/R by/I a/D steep/N 6.5/N %/N last/J month/N ,/, many/J analysts/N expected/V energy/N prices/N to/T rise/N at/I the/D consumer/N level/N too/R ./.
As/I a/D result/N ,/, many/J economists/N were/V expecting/N the/D consumer/N price/N index/N to/T increase/N significantly/N more/J than/I it/P did/V ./.
But/C retail/N energy/N prices/N declined/V 0.9/N %/N in/I September/N ./.
Though/N analysts/N say/V competition/N will/M probably/R hold/V down/R increases/N in/I retail/N energy/N prices/N ,/, many/J expect/V some/D of/I the/D wholesale/N rise/N to/T be/V passed/V along/N to/T the/D consumer/N before/I the/D end/N of/I the/D year/N ./.
Still/N ,/, some/D analysts/N insisted/N that/I the/D worst/N of/I the/D inflation/N is/V behind/N ./.
``/` It/P increasingly/N appears/V that/I _OOV_/N was/V a/D temporary/N inflation/N _OOV_/N and/C not/R the/D beginning/N of/I a/D cyclical/N inflation/N problem/N ,/, ''/' argued/N Edward/N _OOV_/N ,/, chief/N economist/N at/I Prudential-Bache/N Securities/N Inc./N in/I New/N York/N ./.
In/I both/D 1987/C and/C 1988/C ,/, consumer/N prices/N rose/V _OOV_/N %/N ./.
A/D run-up/N in/I world/N oil/N prices/N last/J winter/N sent/V consumer/N prices/N soaring/N at/I a/D _OOV_/N %/N annual/J rate/N in/I the/D first/J five/C months/N of/I this/D year/N ,/, but/C the/D subsequent/N decline/N in/I energy/N prices/N has/V pulled/N the/D annual/J rate/N back/R down/R to/T _OOV_/N %/N ./.
Mr./N _OOV_/N predicted/V that/I world/N business/N competition/N will/M continue/V to/T _OOV_/N prices/N ./.
``/` The/D bottom/N line/N is/V ,/, it/P seems/V to/T me/P that/I the/D economic/J environment/N has/V become/V very/R ,/, very/R _OOV_/N for/I a/D lot/N of/I businesses/N ,/, ''/' he/P said/V ./.
``/` Back/N in/I _OOV_/N ,/, business/N was/V operating/V at/I fairly/N _OOV_/N capacity/N ,/, so/R businesses/N felt/V they/P could/M raise/V prices/N ./. ''/'
Now/R ,/, he/P said/V ,/, a/D slowdown/N in/I economic/J activity/N has/V _OOV_/N demand/N ./.
The/D _OOV_/N inflation/N figures/N renewed/N investors/N '/P hopes/N that/I the/D Federal/N Reserve/N will/M ease/N its/P interest-rate/N _OOV_/N ./.
The/D steep/N climb/N in/I producer/N prices/N reported/V last/J Friday/N fostered/N _OOV_/N about/I lower/J interest/N rates/N and/C contributed/V to/T the/D stock/N market/N 's/P 6.9/N %/N plunge/N that/I day/N ./.
In/I the/D past/J several/J days/N ,/, however/R ,/, the/D U.S./N 's/P central/N bank/N has/V allowed/N a/D key/J interest/N rate/N to/T fall/N slightly/N to/T try/V to/T stabilize/N the/D markets/N ./.
Analysts/N say/V Fed/N policy/N makers/N have/V been/V wary/N of/I _OOV_/N credit/N too/R much/J because/I they/P were/V still/R uncertain/N about/I the/D level/N of/I inflation/N in/I the/D economy/N ./.
Excluding/N the/D volatile/N categories/N of/I energy/N and/C food/N --/: leaving/V what/W some/D economists/N call/N the/D core/N inflation/N rate/N --/: consumer/N prices/N still/R rose/V only/R 0.2/N %/N in/I September/N ./.
Transportation/N costs/N actually/N fell/V 0.5/N %/N ,/, and/C housing/N costs/N gained/V only/R 0.1/N %/N ./.
Apparel/N prices/N _OOV_/N up/R 1.7/N %/N ,/, but/C that/I was/V after/I three/C months/N of/I declines/N ./.
Medical/N costs/N continued/V their/P steep/N _OOV_/N ,/, rising/N _OOV_/N %/N after/I four/C consecutive/N months/N of/I 0.7/N %/N increases/N ./.
Car/N prices/N ,/, another/D area/N that/I contributed/V to/T the/D steep/N rise/N in/I the/D wholesale/N index/N last/J month/N ,/, still/R showed/V declines/N at/I the/D consumer/N level/N ./.
They/P dropped/V _OOV_/N %/N as/I dealers/N continued/V to/T offer/N _OOV_/N to/T attract/N customers/N ./.
Food/N prices/N rose/V 0.2/N %/N for/I the/D second/J month/N in/I a/D row/N ,/, far/R slower/N than/I the/D monthly/N rises/N earlier/R in/I the/D year/N ./.
Separately/N ,/, the/D Labor/N Department/N reported/V that/I average/N weekly/N earnings/N rose/V 0.3/N %/N in/I September/N ,/, after/I _OOV_/N for/I inflation/N ,/, following/V a/D 0.7/N %/N decline/N in/I August/N ./.
All/N the/D numbers/N are/V adjusted/N for/I seasonal/N fluctuations/N ./.
Here/N are/V the/D seasonally/N adjusted/N changes/N in/I the/D _OOV_/N of/I the/D Labor/N Department/N 's/P consumer/N price/N index/N for/I September/N ./.
After/N watching/N interest/N in/I the/D sport/N _OOV_/N for/I years/N ,/, the/D _OOV_/N industry/N is/V trying/V to/T give/V itself/N a/D lift/N ./.
_OOV_/N the/D country/N ,/, resorts/N are/V using/V everything/N from/I fireworks/N to/T _OOV_/N _OOV_/N to/T attract/N new/J customers/N ./.
Some/D have/V built/V health/N _OOV_/N ,/, business/N centers/N and/C shopping/N _OOV_/N so/R visitors/N have/V more/J to/T do/V than/I _OOV_/N ./.
And/C this/D week/N ,/, the/D industry/N 's/P efforts/N will/M go/V national/J for/I the/D first/J time/N when/W it/P _OOV_/N a/D $/$ 7/C million/C advertising/N campaign/N ./.
Such/N efforts/N --/: _OOV_/N of/I only/R a/D few/J years/N ago/I --/: are/V the/D latest/J attempts/N to/T _OOV_/N the/D sagging/N $/$ 1.76/N billion/C U.S./N _OOV_/N industry/N ./.
Since/N the/D start/V of/I the/D decade/N ,/, _OOV_/N sales/N have/V grown/N only/R 3/C %/N a/D year/N on/I average/N ,/, compared/V with/I 16/C %/N annual/J growth/N rates/N in/I the/D _OOV_/N and/C _OOV_/N ./.
Last/N season/N ,/, _OOV_/N sales/N fell/V for/I the/D first/J time/N in/I seven/N years/N ./.
By/N some/D estimates/N ,/, nearly/R a/D fourth/N of/I all/D U.S./N _OOV_/N areas/N have/V been/V forced/V to/T shut/N down/R since/I the/D early/J _OOV_/N ./.
Competition/N and/C mounting/N insurance/N and/C equipment/N costs/N have/V been/V the/D _OOV_/N of/I many/J resorts/N ./.
But/C another/D big/J problem/N has/V been/V the/D _OOV_/N of/I baby/N boomers/N ./.
_OOV_/N ,/, after/I all/D ,/, has/V mainly/N been/V for/I the/D young/N and/C _OOV_/N and/C many/J baby/N boomers/N have/V _OOV_/N _OOV_/N or/C have/V too/R many/J family/N responsibilities/N to/T _OOV_/N with/I the/D sport/N ./.
In/I its/P new/J ad/N campaign/N ,/, created/V by/I _OOV_/N _OOV_/N _OOV_/N &/C _OOV_/N Inc./N ,/, Chicago/N ,/, the/D _OOV_/N industry/N is/V trying/V to/T change/N its/P image/N as/I a/D sport/N primarily/N for/I young/N white/N people/N ./.
One/C _OOV_/N TV/N spot/N features/N a/D diverse/N group/N of/I _OOV_/N _OOV_/N _OOV_/N down/R _OOV_/N _OOV_/N :/: senior/J citizens/N ,/, minorities/N ,/, families/N with/I children/N --/: even/R a/D _OOV_/N _OOV_/N ./.
``/` _OOV_/N school/N is/V great/J ,/, ''/' _OOV_/N out/I a/D _OOV_/N ,/, _OOV_/N in/I a/D _OOV_/N as/I he/P _OOV_/N down/R a/D _OOV_/N _OOV_/N ./.
``/` You/P 'll/N never/R _OOV_/N you/P try/V ,/, ''/' says/V a/D black/N _OOV_/N ./.
``/` We/P used/V to/T show/N some/D _OOV_/N _OOV_/N in/I his/P _OOV_/N or/C _OOV_/N going/V over/I the/D edge/N of/I a/D _OOV_/N ,/, ''/' says/V _OOV_/N _OOV_/N ,/, a/D spokeswoman/N for/I the/D United/N _OOV_/N Industries/N Association/N ,/, the/D trade/N group/N _OOV_/N the/D campaign/N ./.
_OOV_/N promotions/N have/V traditionally/N avoided/V the/D touchy/N issue/N of/I safety/N ./.
But/C the/D new/J commercials/N deal/N with/I it/P _OOV_/N by/I showing/N a/D woman/N _OOV_/N as/I she/P tries/N to/T get/V up/R from/I a/D fall/N ./.
``/` We/P wanted/V to/T show/N it/P 's/P _OOV_/N if/I you/P fall/N ,/, ''/' says/V Ms./N _OOV_/N ./.
``/` Most/N people/N think/V if/I you/P _OOV_/N ,/, you/P 'll/N wind/N up/R in/I a/D body/N cast/N ./. ''/'
The/D ad/N campaign/N represents/V an/D unusual/N spirit/N of/I cooperation/N among/I resorts/N and/C _OOV_/N equipment/N makers/N ;/: normally/N ,/, they/P only/R run/N ads/N hyping/N their/P own/J products/N and/C facilities/N ./.
But/C in/I these/D crunch/N times/N for/I the/D _OOV_/N industry/N ,/, some/D resorts/N ,/, such/J as/I the/D _OOV_/N _OOV_/N ,/, Red/N River/N and/C _OOV_/N _OOV_/N areas/N in/I New/N Mexico/N ,/, have/V even/R started/V _OOV_/N _OOV_/N to/T each/D other/J 's/P _OOV_/N and/C next/J year/N plan/N to/T sell/V tickets/N good/J for/I all/D local/J _OOV_/N ./.
Many/J resorts/N also/R are/V focusing/N more/J on/I the/D service/N side/N of/I their/P business/N ./.
Since/N 40/C %/N of/I _OOV_/N are/V parents/N ,/, many/J _OOV_/N are/V building/N nurseries/N ,/, expanding/N _OOV_/N schools/N and/C adding/V entertainment/N for/I kids/N ./.
_OOV_/N ,/, Colo./N ,/, now/R has/V a/D _OOV_/N that/I looks/N like/I an/D old/J mining/N town/N ;/: kids/N can/M _OOV_/N through/I and/C _OOV_/N for/I _OOV_/N 's/P gold/N ./.
For/I $/$ 15/C ,/, they/P can/M enjoy/N their/P own/J nightly/N entertainment/N ,/, with/I dinner/N ,/, without/I _OOV_/N and/C _OOV_/N ./.
A/D few/J years/N ago/I ,/, parents/N usually/N had/V to/T hire/N a/D _OOV_/N or/C take/V turns/V _OOV_/N while/I one/C _OOV_/N stayed/N with/I the/D children/N ./.
``/` Most/N parents/N who/W had/V to/T go/V through/I that/I never/R came/V back/R ,/, ''/' says/V Michael/N _OOV_/N ,/, president/N of/I _OOV_/N Associates/N Inc./N ,/, which/W owns/V and/C operates/N the/D _OOV_/N and/C nearby/N Beaver/N _OOV_/N resorts/N ./.
To/N make/V _OOV_/N more/J _OOV_/N for/I _OOV_/N visitors/N ,/, several/J resorts/N are/V buying/V or/C starting/N their/P own/J travel/N agencies/N ./.
In/I one/C phone/N call/N ,/, _OOV_/N _OOV_/N can/M make/V hotel/N and/C restaurant/N _OOV_/N ,/, buy/V lift/N tickets/N ,/, rent/N _OOV_/N equipment/N and/C sign/N up/R for/I _OOV_/N ./.
And/C resorts/N are/V adding/V other/J _OOV_/N ,/, such/J as/I pricey/N restaurants/N ,/, health/N _OOV_/N and/C _OOV_/N packages/N with/I a/D twist/N ./.
During/N _OOV_/N Carnival/N week/N ,/, for/I example/N ,/, visitors/N at/I Sunday/N River/N in/I Maine/N can/M take/V a/D _OOV_/N _OOV_/N ride/N ./.
``/` People/N these/D days/N want/V something/N else/N to/T do/V _OOV_/N _OOV_/N and/C sit/N in/I the/D bar/N ,/, ''/' says/V Don/N _OOV_/N ,/, executive/N director/N of/I _OOV_/N _OOV_/N ,/, _OOV_/N 's/P Chamber/N of/I Commerce/N ./.
The/D _OOV_/N industry/N hopes/N to/T increase/N the/D number/N of/I _OOV_/N by/I 3.5/N million/C to/T about/I _OOV_/N million/C in/I the/D next/J five/C years/N with/I its/P latest/J ads/N and/C promotions/N ./.
But/C some/D think/V that/I 's/P being/V _OOV_/N optimistic/N ./.
For/I one/C thing/N ,/, it/P may/M be/V tough/N to/T attract/N people/N because/I _OOV_/N is/V still/R expensive/N :/: a/D lift/N _OOV_/N can/M cost/N up/R to/T $/$ 35/C a/D day/N and/C equipment/N prices/N are/V rising/N ./.
And/C most/J _OOV_/N still/R prefer/N a/D _OOV_/N climate/N for/I their/P winter/N _OOV_/N ./.
An/N American/N Express/N Co./N survey/N of/I its/P travel/N agents/N _OOV_/N that/I only/R 34/N %/N believe/V their/P clients/N will/M pick/N a/D trip/N this/D winter/N based/V on/I the/D availability/N of/I winter/N sports/N ,/, as/I opposed/N to/T 69/N %/N who/W think/V that/I _OOV_/N sports/N will/M be/V the/D _OOV_/N factor/N ./.
``/` Even/R if/I they/P could/M bring/V in/I that/I many/J new/J _OOV_/N ,/, I/P do/V n't/R know/V if/I -LCB-/N the/D industry/N -RCB-/N could/M handle/N that/I kind/N of/I an/D increase/N ,/, ''/' says/V _OOV_/N William/N Berry/N ,/, editor/N and/C publisher/N of/I the/D _OOV_/N Industry/N _OOV_/N in/I _OOV_/N ,/, _OOV_/N ./.
``/` Most/N people/N will/M come/V on/I the/D weekend/N ,/, the/D _OOV_/N will/M be/V _OOV_/N and/C then/R these/D -LCB-/N new/J _OOV_/N -RCB-/N wo/N n't/R come/V back/R ./.
They/P did/V n't/R play/V the/D third/J game/N of/I the/D World/N Series/N on/I Tuesday/N night/N as/I scheduled/V ,/, and/C they/P did/V n't/R play/V it/P on/I Wednesday/N or/C Thursday/N either/N ./.
But/C you/P knew/N that/I ,/, did/V n't/R you/P ?/.
They/P are/V supposed/N to/T play/V the/D game/N next/J Tuesday/N ,/, in/I _OOV_/N _OOV_/N here/R ./.
The/D theory/N is/V that/I the/D stadium/N ,/, damaged/N by/I Tuesday/N 's/P earthquake/N ,/, will/M be/V _OOV_/N by/I then/R ,/, and/C that/I people/N will/M be/V able/J to/T get/V there/E ./.
Like/N just/R about/I everything/N else/N ,/, that/I remains/V to/T be/V seen/V ./.
_OOV_/N could/M _OOV_/N ./.
But/C ,/, at/I least/J ,/, the/D law/N of/I _OOV_/N should/M have/V _OOV_/N to/T the/D favorable/N side/N ./.
It/P may/M seem/V _OOV_/N to/T worry/N about/I the/D World/N Series/N amid/N the/D destruction/N to/T the/D Bay/N Area/N _OOV_/N by/I Tuesday/N 's/P quake/N ,/, but/C the/D name/N of/I this/D column/N is/V ``/` On/I Sports/N ,/, ''/' so/R I/P feel/V obliged/N to/T do/V so/R ./.
You/P might/N be/V interested/N to/T know/V that/I baseball/N ,/, not/R _OOV_/N ,/, appeared/V to/T be/V the/D first/J thought/V of/I most/J of/I the/D crowd/N of/I _OOV_/N that/I had/V _OOV_/N at/I _OOV_/N at/I _OOV_/N p.m./N Tuesday/N ,/, a/D half-hour/N before/I game/N time/N ,/, when/W the/D quake/N _OOV_/N ./.
As/I soon/N as/I the/D _OOV_/N passed/V ,/, many/J people/N _OOV_/N _OOV_/N and/C cheered/N ,/, as/I though/I it/P had/V been/V a/D _OOV_/N kind/N of/I _OOV_/N show/N ./.
One/C fan/N ,/, seated/N several/J _OOV_/N in/I front/N of/I the/D open/N ,/, _OOV_/N auxiliary/N press/N section/N where/W I/P was/V _OOV_/N ,/, faced/N the/D _OOV_/N _OOV_/N and/C _OOV_/N _OOV_/N ,/, ``/` We/P arranged/N that/I just/R for/I you/P guys/N ''/' I/P thought/V and/C ,/, I/P 'm/V sure/J ,/, others/N did/V :/: ``/` You/P should/M n't/R have/V _OOV_/N ./. ''/'
I/P 'd/N _OOV_/N through/I my/P only/R previous/J _OOV_/N with/I natural/N disaster/N ,/, a/D _OOV_/N 15/C or/C so/R _OOV_/N ago/I near/N _OOV_/N City/N ,/, Mich./N ,/, so/R I/P was/V _OOV_/N for/I one/C reaction/N to/T such/J things/N :/: the/D urge/N to/T talk/N about/I them/P ./.
Perhaps/N primed/N by/I the/D daily/N diet/N of/I radio/N and/C TV/N reporters/N _OOV_/N _OOV_/N into/I people/N 's/P faces/V and/C asking/N how/W they/P ``/` feel/V ''/' about/I one/C _OOV_/N or/C another/D ,/, fellow/N reporters/N and/C civilians/N who/W _OOV_/N my/P press/N _OOV_/N were/V eager/N to/T _OOV_/N ./.
``/` It/P felt/V like/I I/P was/V on/I a/D station/N platform/N and/C a/D _OOV_/N went/V by/I ,/, ''/' said/V one/C man/N ,/, describing/N my/P own/J reaction/N ./.
A/D women/N said/V she/P saw/V the/D park/N 's/P light/N standards/N _OOV_/N ./.
A/D man/N said/V he/P saw/V the/D upper/N rim/N _OOV_/N ./.
I/P saw/V neither/N ./.
_OOV_/N of/I good/J sense/N to/T the/D _OOV_/N not/R _OOV_/N ,/, the/D general/J _OOV_/N was/V to/T believe/V that/I the/D _OOV_/N would/M be/V brief/N and/C that/I ball/N would/M be/V played/V ./.
``/` I/P was/V near/N the/D top/N of/I the/D stadium/N ,/, and/C saw/V a/D steel/N _OOV_/N bow/N six/C feet/N from/I where/W I/P sat/N ,/, but/C I/P stayed/N put/V for/I 10/C or/C 15/C minutes/N ,/, ''/' _OOV_/N a/D friend/N ./.
``/` I/P guess/N I/P thought/V ,/, `/N This/D is/V the/D World/N Series/N and/C I/P 'm/V not/R gon/N na/N _OOV_/N out/I '/P ''/'
Here/N in/I the/D Global/N _OOV_/N ,/, though/I ,/, _OOV_/N do/V not/R stay/V _OOV_/N for/I long/J ./.
_OOV_/N power/N was/V out/I in/I _OOV_/N _OOV_/N _OOV_/N ,/, but/C _OOV_/N _OOV_/N and/C television/N sets/N were/V plentiful/N ./.
Within/N a/D few/J minutes/N ,/, the/D true/N extent/N of/I the/D catastrophe/N was/V becoming/N clear/J ./.
Its/N _OOV_/N _OOV_/N _OOV_/N was/V reported/V as/I 6.5/N ,/, then/R 6.9/N ,/, then/R _OOV_/N ./.
A/D section/N of/I the/D Bay/N Bridge/N had/V collapsed/N ,/, as/I had/V a/D part/N of/I Interstate/N Highway/N 880/N in/I _OOV_/N ./.
People/N had/V died/N ./.
At/I _OOV_/N p.m./N ,/, scheduled/V game/N time/N having/V passed/V ,/, some/D fans/N _OOV_/N ``/` Let/N 's/P _OOV_/N Ball/N ./. ''/'
No/N longer/N innocent/N ,/, they/P qualified/N as/I _OOV_/N ./.
The/D stadium/N was/V _OOV_/N _OOV_/N soon/N afterward/N ;/: the/D announcement/N ,/, made/V over/I police/N _OOV_/N ,/, cited/V the/D power/N _OOV_/N ,/, but/C it/P later/R was/V _OOV_/N that/I there/E also/R had/V been/V damage/N of/I the/D sort/N reported/V by/I my/P friend/N ./.
_OOV_/N ,/, I/P _OOV_/N two/C young/N men/N _OOV_/N blocks/N of/I _OOV_/N ./.
``/` _OOV_/N of/I _OOV_/N ,/, ''/' they/P said/V ./.
The/D crowd/N remained/N good/J _OOV_/N ,/, even/R _OOV_/N ./.
TV/N reporters/N interviewed/N fans/N in/I the/D parking/N lots/N while/I ,/, a/D few/J feet/N away/N ,/, others/N watched/N the/D interviews/N on/I their/P _OOV_/N TVs/N ./.
The/D only/R _OOV_/N I/P saw/V was/V commercial/N :/: _OOV_/N selling/V World/N Series/N _OOV_/N _OOV_/N and/C dated/N _OOV_/N were/V besieged/N by/I fledgling/N speculators/N who/W saw/V future/N profit/N in/I the/D items/N ./.
The/D traffic/N _OOV_/N out/I of/I the/D park/N was/V monumental/N ./.
It/P took/V me/P a/D half-hour/N to/T move/N 10/C feet/N from/I my/P parking/N spot/N in/I an/D _OOV_/N lot/N to/T an/D _OOV_/N ,/, and/C an/D additional/J hour/N to/T reach/V an/D inner/N roadway/N a/D _OOV_/N away/N ./.
The/D _OOV_/N trip/N to/T my/P _OOV_/N hotel/N that/I had/V taken/V 20/C minutes/N earlier/R in/I the/D day/N took/V more/J than/I three/C hours/N ./.
At/I my/P hotel/N ,/, the/D _OOV_/N ,/, power/N was/V out/I ,/, some/D _OOV_/N _OOV_/N had/V _OOV_/N loose/N and/C there/E had/V been/V water/N damage/N ,/, but/C little/J else/N ./.
With/I _OOV_/N _OOV_/N ,/, a/D hotel/N across/N the/D street/N ,/, the/D _OOV_/N ,/, had/V been/V hit/N harder/N :/: A/D large/J sheet/N of/I its/P _OOV_/N _OOV_/N and/C several/J _OOV_/N _OOV_/N were/V _OOV_/N away/N ./.
The/D _OOV_/N staff/N had/V ,/, _OOV_/N ,/, set/V out/I _OOV_/N _OOV_/N in/I the/D _OOV_/N ,/, prepared/V a/D _OOV_/N _OOV_/N and/C passed/V around/I pillows/N and/C _OOV_/N ./.
I/P fell/V _OOV_/N on/I the/D _OOV_/N floor/N ,/, next/J to/T a/D man/N wearing/N a/D Chicago/N _OOV_/N _OOV_/N ./.
I/P expected/V him/P to/T say/V ,/, ``/` I/P told/V you/P so/R ,/, ''/' but/C he/P already/R was/V _OOV_/N ./.
The/D _OOV_/N consensus/N was/V that/I the/D earthquake/N made/V the/D World/N Series/N seem/V unimportant/N ./.
My/N response/N was/V that/I sports/N rarely/N are/V important/J ,/, only/R _OOV_/N ,/, and/C the/D quake/N merely/N _OOV_/N that/I fact/N ./.
Should/N the/D rest/N of/I the/D Series/N be/V played/V at/I all/D ?/.
The/D quake/N and/C baseball/N were/V n't/R related/V ,/, unlike/N the/D _OOV_/N of/I _OOV_/N that/I attended/N the/D 1972/N _OOV_/N ./.
That/D heavily/N _OOV_/N event/N learned/N nothing/N from/I the/D _OOV_/N experience/N ,/, and/C seems/V doomed/N to/T _OOV_/N it/P ./.
Two/N _OOV_/N _OOV_/N ./.
This/D has/V been/V widely/N dubbed/N the/D BART/N Series/N ,/, after/I the/D local/J subway/N line/N ,/, and/C the/D Bay/N Bridge/N Series/N ./.
_OOV_/N fly/N at/I _OOV_/N for/I the/D death/N of/I _OOV_/N _OOV_/N ,/, the/D late/J baseball/N commissioner/N ,/, and/C now/R the/D Bay/N Bridge/N lies/N in/I _OOV_/N ./.
A/D Series/N that/I was/V shaping/N up/R as/I the/D _OOV_/N since/I the/D _OOV_/N _OOV_/N _OOV_/N go/V of/I 1984/N has/V become/V memorable/N in/I the/D least/J _OOV_/N way/N ./.
Still/N ,/, its/P edge/N is/V lost/V ./.
It/P now/R will/M be/V played/V mostly/N for/I the/D record/N ,/, and/C should/M be/V _OOV_/N up/R as/I quickly/N as/I possible/J ,/, without/I ``/` off/R ''/' days/N ./.
And/C I/P will/M never/R again/N complain/N about/I a/D _OOV_/N ./.
The/D disarray/N in/I the/D junk-bond/N market/N that/I began/V last/J month/N with/I a/D credit/N crunch/N at/I Campeau/N Corp./N has/V offered/V commercial/N banks/N a/D golden/N opportunity/N to/T play/V a/D greater/N role/N in/I financing/N _OOV_/N takeovers/N ./.
But/C two/C big/J New/N York/N banks/N seem/V to/T have/V kicked/N those/D chances/N away/N ,/, for/I the/D moment/N ,/, with/I the/D embarrassing/N failure/N of/I _OOV_/N and/C Chase/N Manhattan/N Corp./N to/T deliver/N $/$ 7.2/N billion/C in/I bank/N financing/N for/I a/D leveraged/N buy-out/N of/I United/N Airlines/N parent/N UAL/N Corp/N ./.
For/I more/J than/I a/D decade/N ,/, banks/N have/V been/V pressing/N Congress/N and/C banking/N regulators/N for/I expanded/N _OOV_/N to/T act/N like/I securities/N firms/N in/I playing/V Wall/N Street/N 's/P lucrative/N takeover/N game/N ,/, from/I giving/V mergers/N advice/N all/D the/D way/N to/T selling/V and/C trading/N high-yield/N junk/N bonds/N ./.
Those/N expanded/N _OOV_/N reached/V their/P _OOV_/N in/I July/N when/W Bankers/N Trust/N New/N York/N Corp./N provided/N mergers/N advice/N ,/, an/D equity/N investment/N and/C bank/N loans/N for/I the/D $/$ _OOV_/N billion/C leveraged/N buy-out/N of/I _OOV_/N Airlines/N parent/N _OOV_/N Inc/N ./.
One/C of/I the/D major/J selling/V points/N used/V by/I Los/N Angeles/N financier/N Alfred/N _OOV_/N in/I getting/V the/D takeover/N approved/V was/V that/I the/D deal/N did/V n't/R include/V any/D junk/N bonds/N ./.
That/D was/V seen/V as/I an/D advantage/N in/I lobbying/N airline/N employees/N and/C Washington/N regulators/N for/I approval/N of/I the/D _OOV_/N takeover/N ./.
All/N $/$ _OOV_/N billion/C in/I debt/N for/I the/D deal/N was/V _OOV_/N by/I banks/N ./.
Charles/N _OOV_/N ,/, _OOV_/N of/I mergers/N and/C acquisitions/N at/I Salomon/N Brothers/N Inc./N ,/, says/V it/P is/V natural/N for/I banks/N to/T try/V to/T expand/N beyond/N their/P _OOV_/N business/N of/I providing/N senior/J debt/N for/I _OOV_/N ./.
But/C the/D UAL/N collapse/N ,/, he/P says/V ,/, ``/` may/M tell/V you/P it/P 's/P not/R going/V to/T work/N that/I _OOV_/N ./. ''/'
David/N _OOV_/N ,/, a/D mergers/N adviser/N in/I La/N _OOV_/N ,/, Calif./N ,/, who/W aided/N Los/N Angeles/N investor/N Marvin/N Davis/N on/I the/D bids/N which/W put/V both/D UAL/N and/C _OOV_/N in/I play/V as/I takeover/N candidates/N this/D year/N ,/, says/V that/I banks/N have/V been/V ``/` preparing/V to/T play/V a/D larger/N and/C larger/N role/N in/I acquisition/N financing/N ./. ''/'
Mr./N _OOV_/N says/V that/I in/I the/D past/J ,/, banks/N would/M normally/N have/V _OOV_/N 65/N %/N of/I a/D total/N buy-out/N price/N ,/, with/I the/D loans/N secured/V by/I the/D target/N company/N 's/P assets/N ./.
Another/N 20/C %/N of/I the/D borrowed/N funds/N would/M come/V from/I the/D sale/N to/T investors/N of/I junk/N bonds/N ,/, which/W offer/N less/J security/N and/C typically/N carry/V higher/J yields/N than/I bank/N loans/N ./.
Mr./N _OOV_/N 's/P purchase/N of/I _OOV_/N ,/, Mr./N _OOV_/N notes/N ,/, ``/` was/V probably/R the/D most/J aggressive/N to/T date/N ,/, ''/' with/I bank/N debt/N at/I 85/N %/N of/I the/D purchase/N price/N ./.
But/C Mr./N _OOV_/N says/V that/I _OOV_/N 's/P ``/` failure/N to/T deliver/N ''/' on/I its/P promise/N to/T raise/V the/D UAL/N bank/N debt/N for/I a/D labor-management/N buy-out/N group/N ``/` is/V very/R _OOV_/N to/T potential/N users/N of/I a/D `/N _OOV_/N '/P letter/N from/I commercial/N banks/N ./. ''/'
His/N client/N ,/, Mr./N Davis/N ,/, used/V just/R such/J a/D letter/N from/I _OOV_/N in/I _OOV_/N UAL/N ;/: _OOV_/N later/R agreed/V to/T work/N with/I a/D competing/N UAL/N buy-out/N group/N ./.
Executives/N of/I _OOV_/N and/C Chase/N Manhattan/N declined/V to/T comment/V on/I either/N the/D UAL/N situation/N ,/, or/C on/I the/D changing/N nature/N of/I banks/N '/P role/N in/I financing/N takeovers/N ./.
In/I the/D wake/N of/I Campeau/N 's/P problems/N ,/, prices/N of/I junk/N bonds/N tumbled/N ,/, throwing/N into/I doubt/N the/D ability/N of/I corporate/J _OOV_/N to/T finance/N large/J takeovers/N with/I the/D help/V of/I junk/N bond/N sales/N ./.
Mark/N _OOV_/N ,/, senior/J managing/N director/N at/I Manufacturers/N _OOV_/N Trust/N Co./N ,/, says/V the/D _OOV_/N in/I junk/N bonds/N may/M yet/N open/N new/J business/N opportunities/N to/T banks/N in/I _OOV_/N takeovers/N ./.
But/C he/P warns/N that/I banks/N will/M have/V ``/` to/T have/V enough/N discipline/N ''/' not/R to/T make/V loans/N that/I are/V too/R risky/N ./.
In/I fact/N ,/, Manufacturers/N _OOV_/N said/V in/I its/P third-quarter/J earnings/N report/N that/I fees/N from/I _OOV_/N loans/N to/T other/J banks/N dropped/V 48/N %/N ,/, to/T $/$ 21/N million/C ./.
``/` We/P did/V n't/R take/V part/N in/I a/D lot/N of/I deals/N because/I their/P credit/N quality/N was/V poor/N ,/, ''/' says/V a/D bank/N spokesman/N ./.
James/N B./N Lee/N ,/, head/N of/I _OOV_/N and/C private/J _OOV_/N at/I Chemical/N Banking/N Corp./N ,/, said/V he/P believes/V banks/N can/M still/R make/V a/D _OOV_/N offer/N of/I _OOV_/N shopping/N for/I takeover/N finance/N ./.
As/I evidence/N ,/, he/P cites/N yesterday/N 's/P arrangement/N for/I the/D final/N financing/N of/I a/D $/$ 3/C billion/C bid/N for/I American/N Medical/N International/N Inc./N in/I which/W Chemical/N served/V as/I both/D the/D lead/N bank/N and/C an/D equity/N investor/N ./.
Beyond/N the/D current/J weakness/N in/I the/D junk/N bond/N market/N ,/, banks/N have/V another/D advantage/N over/I investment/N banks/N in/I financing/N _OOV_/N takeovers/N ./.
Arthur/N _OOV_/N Jr./N ,/, a/D takeover/N lawyer/N at/I Fried/N Frank/N Harris/N _OOV_/N &/C _OOV_/N ,/, notes/N that/I ``/` a/D political/J and/C emotional/N bias/N ''/' has/V developed/V against/I junk/N bonds/N ./.
One/C hostile/N _OOV_/N who/W deliberately/N avoided/V using/V junk/N bonds/N was/V Paramount/N Communications/N Inc./N in/I its/P initial/N offer/N to/T acquire/V Time/N Inc./N for/I $/$ _OOV_/N billion/C ,/, or/C $/$ 175/N a/D share/N ./.
A/D Paramount/N spokesman/N says/V that/I decision/N was/V based/V on/I the/D financial/J ,/, not/R political/J ,/, drawbacks/N of/I junk/N bonds/N ./.
But/C some/D observers/N believe/V Paramount/N Chairman/N Martin/N Davis/N wanted/V to/T avoid/V the/D possible/J _OOV_/N of/I being/V perceived/N as/I a/D corporate/J raider/N in/I his/P controversial/N bid/N for/I Time/N ./.
In/I the/D end/N ,/, Mr./N Davis/N used/V junk/N bonds/N so/R that/I he/P could/M raise/V Paramount/N 's/P bid/N to/T $/$ 200/N a/D share/N ./.
Some/D _OOV_/N _OOV_/N said/V the/D initial/N lower/J bid/N ,/, without/I junk/N bonds/N ,/, was/V a/D factor/N in/I his/P losing/V the/D company/N ./.
Time/N _OOV_/N Paramount/N by/I acquiring/N Warner/N Communications/N Inc/N ./.
The/D success/N of/I the/D _OOV_/N financing/N ,/, and/C the/D failure/N of/I the/D UAL/N deal/N ,/, also/R seem/V to/T highlight/N the/D important/J new/J role/N in/I takeover/N financing/N being/V played/V by/I Japanese/J banks/N ./.
Japanese/J banks/N accounted/N for/I 50/C %/N of/I the/D _OOV_/N bank/N debt/N ,/, according/V to/T a/D report/N by/I Transportation/N Secretary/N Samuel/N _OOV_/N ./.
But/C it/P was/V _OOV_/N rejection/N by/I Japanese/J banks/N that/I helped/V seal/N the/D _OOV_/N of/I the/D attempt/N to/T buy/V UAL/N ./.
_OOV_/N and/C Chase/N are/V attempting/N to/T put/V together/N a/D new/J ,/, lower/J bid/N ./.
_OOV_/N _OOV_/N ,/, chief/N economist/N of/I the/D Institute/N for/I Financial/N Affairs/N Inc./N ,/, a/D Tokyo/N research/N center/N on/I finance/N and/C economics/N ,/, says/V ,/, ``/` The/D junk/N bond/N market/N became/V very/R _OOV_/N ,/, and/C there/E 's/P a/D fear/N of/I a/D coming/V recession/N and/C the/D possible/J bankruptcy/N of/I _OOV_/N companies/N ./.
_OOV_/N Inc./N filed/V suit/N in/I federal/J court/N here/R ,/, _OOV_/N that/I a/D group/N that/I holds/V _OOV_/N %/N of/I its/P stock/N made/V ``/` false/N ,/, _OOV_/N and/C misleading/N ''/' statements/N in/I recent/J regulatory/N _OOV_/N and/C public/J announcements/N ./.
_OOV_/N 's/P complaint/N claims/N that/I the/D group/N ,/, led/V by/I investor/N Malcolm/N _OOV_/N _OOV_/N ,/, violated/N securities/N laws/N by/I failing/N to/T disclose/N plans/N to/T purchase/N 15/C %/N of/I the/D company/N 's/P shares/N outstanding/J and/C that/I when/W the/D required/V Hart-Scott-Rodino/N filing/N eventually/N was/V made/V ,/, it/P did/V n't/R disclose/N the/D group/N 's/P alleged/V earlier/R violation/N of/I the/D so-called/N _OOV_/N requirements/N of/I the/D law/N ./.
Mr./N _OOV_/N could/M n't/R immediately/N be/V reached/V to/T comment/V ./.
But/C when/W _OOV_/N last/J week/N publicly/N questioned/N the/D _OOV_/N of/I the/D group/N 's/P filing/N procedures/N ,/, the/D Rochester/N ,/, N.Y./N ,/, investor/N said/V ``/` we/P _OOV_/N with/I every/N law/N ,/, ''/' and/C he/P denied/N any/D _OOV_/N ./.
The/D _OOV_/N group/N said/V in/I a/D Securities/N and/C Exchange/N Commission/N filing/N in/I early/J October/N that/I it/P may/M seek/V a/D controlling/N interest/N in/I _OOV_/N ,/, or/C seek/V representation/N on/I the/D company/N 's/P board/N ./.
_OOV_/N has/V said/V it/P does/V n't/R intend/N to/T be/V acquired/V by/I the/D _OOV_/N group/N or/C any/D other/J party/N ./.
Inland/N Steel/N Industries/N Inc./N ,/, battered/N by/I lower/J volume/N and/C higher/J costs/N ,/, posted/V a/D 75/N %/N drop/N in/I third-quarter/J earnings/N ./.
The/D nation/N 's/P _OOV_/N steelmaker/N earned/V $/$ _OOV_/N million/C ,/, or/C 43/N cents/N a/D share/N ,/, compared/V with/I $/$ 61/N million/C ,/, or/C $/$ _OOV_/N a/D share/N ,/, a/D year/N earlier/R ,/, when/W the/D industry/N was/V _OOV_/N peak/N demand/N and/C strong/J pricing/N ./.
Sales/N fell/V to/T $/$ _OOV_/N million/C from/I $/$ 1.02/N billion/C ./.
The/D earnings/N also/R mark/N a/D significant/N drop/N from/I the/D second/J quarter/N 's/P $/$ _OOV_/N million/C or/C $/$ 1.25/N a/D share/N ./.
Moreover/N ,/, the/D earnings/N were/V well/R below/N analysts/N '/P expectations/N of/I about/I $/$ _OOV_/N a/D share/N ./.
In/I composite/J trading/N on/I the/D New/N York/N Stock/N Exchange/N ,/, Inland/N closed/V yesterday/N at/I $/$ _OOV_/N a/D share/N ,/, down/R $/$ 1/C ./.
The/D company/N attributed/V the/D earnings/N drop/N to/T lower/J volume/N related/V to/T seasonal/N demand/N and/C the/D soft/N consumer/N durable/N market/N ,/, especially/N in/I the/D automotive/N sector/N ./.
However/N ,/, the/D company/N also/R lost/V orders/N because/I of/I prolonged/N labor/N talks/N in/I the/D second/J quarter/N ./.
Third-quarter/N shipments/N slipped/V 7/C %/N from/I the/D year-ago/N period/N ,/, and/C 17/C %/N from/I this/D year/N 's/P second/J quarter/N ./.
Profit/N of/I steel/N shipped/N for/I the/D company/N 's/P steel/N segment/N slid/N to/T $/$ 26/N a/D ton/N ,/, from/I $/$ 66/N a/D ton/N a/D year/N earlier/R and/C $/$ 57/N a/D ton/N a/D quarter/N earlier/R ./.
Analysts/N noted/V that/I the/D disappointing/N results/N do/V n't/R reflect/V lower/J prices/N for/I steel/N products/N ./.
Charles/N Bradford/N ,/, an/D analyst/N with/I Merrill/N Lynch/N Capital/N Markets/N ,/, said/V higher/J prices/N for/I _OOV_/N and/C _OOV_/N products/N offset/V lower/J prices/N for/I bar/N ,/, _OOV_/N and/C _OOV_/N steel/N ./.
_OOV_/N steel/N ,/, which/W primarily/N serves/N the/D construction/N market/N ,/, was/V especially/N hurt/V by/I a/D 15/C %/N price/N drop/N ,/, Mr./N Bradford/N said/V ./.
The/D company/N said/V its/P integrated/N steel/N sector/N was/V also/R hurt/V by/I higher/J raw/N material/N ,/, repair/N and/C maintenance/N ,/, and/C labor/N costs/N ./.
The/D increased/V labor/N costs/N became/V effective/J Aug./N 1/C under/I terms/N of/I the/D four-year/N labor/N agreement/N with/I the/D United/N _OOV_/N union/N ./.
Meanwhile/N ,/, the/D company/N 's/P service/N center/N segment/N ,/, which/W saw/V operating/V profit/N drop/N to/T $/$ 11.5/N million/C from/I $/$ _OOV_/N million/C a/D year/N ago/I ,/, experienced/N much/J of/I the/D same/J demand/N and/C cost/N problems/N ,/, as/I well/R as/I start-up/N costs/N associated/V with/I a/D _OOV_/N _OOV_/N facility/N in/I Chicago/N and/C an/D _OOV_/N computer/N information/N system/N ./.
Inland/N Chairman/N Frank/N W./N _OOV_/N said/V the/D company/N 's/P short-term/N outlook/N is/V ``/` _OOV_/N by/I uncertainties/N in/I the/D economy/N and/C financial/J markets/N ./. ''/'
However/N ,/, he/P noted/V that/I steel/N mill/N _OOV_/N are/V up/R from/I early/J summer/N levels/N ,/, and/C that/I he/P expects/V the/D company/N to/T improve/V its/P cost/N performance/N in/I the/D fourth/N quarter/N ./.
In/I the/D first/J nine/C months/N ,/, profit/N was/V $/$ 113/N million/C ,/, or/C $/$ _OOV_/N a/D share/N ,/, on/I sales/N of/I $/$ _OOV_/N billion/C ,/, compared/V with/I $/$ _OOV_/N million/C ,/, or/C $/$ _OOV_/N a/D share/N ,/, on/I sales/N of/I $/$ _OOV_/N billion/C ,/, a/D year/N earlier/R ./.
The/D ``/` _OOV_/N ''/' activity/N of/I a/D financial/J market/N bears/N a/D _OOV_/N to/T the/D _OOV_/N activity/N of/I the/D earth/N ./.
When/W things/N are/V quiet/N -LRB-/- low/N volatility/N -RRB-/- ,/, the/D _OOV_/N on/I which/W markets/N stand/N can/M be/V relatively/N inefficient/N and/C still/R _OOV_/N their/P functions/N _OOV_/N ./.
However/N ,/, when/W powerful/N forces/N start/V _OOV_/N the/D market/N 's/P structure/N ,/, the/D more/J ``/` _OOV_/N ''/' it/P is/V ,/, the/D better/J its/P chance/N for/I _OOV_/N ./.
America/N 's/P financial/J markets/N do/V not/R yet/N have/V all/D the/D required/V modern/N features/N required/V to/T make/V them/P fully/N ``/` _OOV_/N ./. ''/'
Investors/N lack/N equal/N access/N to/T the/D markets/N '/P trading/N _OOV_/N and/C its/P information/N ./.
That/D _OOV_/N lack/N is/V crucial/N because/I investors/N are/V the/D only/R source/N of/I market/N liquidity/N ./.
And/C liquidity/N is/V what/W markets/N need/V to/T damp/N _OOV_/N and/C _OOV_/N ./.
In/I today/N 's/P markets/N ,/, specialists/N -LRB-/- on/I the/D New/N York/N Stock/N Exchange/N -RRB-/- and/C ``/` _OOV_/N ''/' market/N makers/N -LRB-/- in/I the/D over-the-counter/N market/N -RRB-/- are/V the/D only/R market/N participants/N allowed/N to/T play/V a/D direct/N role/N in/I the/D _OOV_/N process/N ./.
When/W they/P _OOV_/N trading/N ,/, all/D market/N liquidity/N is/V gone/N ./.
And/C when/W any/D _OOV_/N of/I the/D market/N --/: cash/N ,/, futures/N or/C options/N --/: loses/N liquidity/N ,/, the/D price/N discovery/N system/N -LRB-/- the/D way/N prices/N are/V determined/V -RRB-/- becomes/N _OOV_/N or/C is/V lost/V entirely/N for/I a/D time/N ./.
Last/N Friday/N the/D _OOV_/N -LRB-/- as/I well/R as/I two/C years/N ago/I this/D week/N -RRB-/- the/D markets/N became/V _OOV_/N ./.
When/W that/I happened/N ,/, ``/` _OOV_/N ''/' _OOV_/N of/I fear/N --/: much/J like/I the/D shock/N waves/N created/V by/I an/D earthquake/N --/: _OOV_/N through/I the/D market/N and/C increased/V the/D market/N 's/P volatility/N ./.
_OOV_/N of/I important/J ,/, needed/V information/N can/M cause/N fear/N ./.
_OOV_/N is/V the/D father/N of/I _OOV_/N ./.
_OOV_/N frequently/N results/N in/I _OOV_/N behavior/N ./.
And/C in/I financial/J markets/N ,/, _OOV_/N behavior/N is/V sometimes/N _OOV_/N into/I catastrophe/N ./.
When/W market/N _OOV_/N start/V ,/, it/P is/V crucial/N that/I as/I much/J information/N about/I transaction/N prices/N and/C the/D _OOV_/N curve/N -LRB-/- buy/V and/C sell/V orders/N at/I various/N prices/N -RRB-/- be/V made/V available/J to/T all/D ,/, not/R just/R to/T market/N makers/N ./.
Because/N of/I a/D lack/N of/I information/N and/C access/N ,/, many/J investors/N --/: including/V the/D very/R ones/N whose/N buying/V power/N could/M restore/N stability/N and/C damp/N volatility/N --/: are/V forced/V to/T stand/N on/I the/D _OOV_/N when/W they/P are/V most/J needed/V ,/, because/I of/I their/P ignorance/N of/I important/J market/N information/N ./.
To/N add/V _OOV_/N power/N to/T America/N 's/P markets/N ,/, a/D modern/N ,/, electronic/N trading/N system/N should/M be/V implemented/N that/I permits/N equal/N access/N to/T the/D trading/N _OOV_/N -LRB-/- and/C the/D information/N that/I would/M automatically/N _OOV_/N such/J access/N -RRB-/- by/I investors/N --/: particularly/N institutional/N investors/N ./.
_OOV_/N to/T some/D opinions/N ,/, the/D trading/N activities/N of/I specialists/N and/C other/J market/N makers/N do/V not/R provide/V liquidity/N to/T the/D market/N as/I a/D whole/N ./.
What/N market/N makers/N provide/V is/V _OOV_/N ,/, a/D very/R valuable/N service/N ./.
_OOV_/N is/V not/R a/D service/N ./.
It/P is/V a/D market/N _OOV_/N --/: the/D ability/N to/T absorb/N selling/V orders/N without/I causing/N significant/N price/N changes/N in/I the/D absence/N of/I news/N ./.
Market/N makers/N buy/V what/W investors/N wish/N to/T sell/V ;/: their/P business/N is/V _OOV_/N these/D unwanted/N positions/N as/I quickly/N as/I possible/J to/T other/J investors/N ,/, and/C at/I a/D profit/N ./.
As/I a/D result/N ,/, while/I any/D one/C customer/N may/M purchase/N _OOV_/N by/I selling/V to/T a/D market/N maker/N -LRB-/- which/W is/V _OOV_/N for/I the/D investor/N -RRB-/- ,/, the/D market/N as/I a/D whole/N remains/V in/I the/D same/J circumstances/N it/P was/V before/I the/D transaction/N :/: The/D unwanted/N position/N is/V still/R an/D unwanted/N position/N ;/: only/R the/D _OOV_/N of/I the/D seller/N has/V changed/V ./.
In/I fact/N it/P can/M be/V argued/N that/I increasing/V capital/N commitments/N by/I market/N makers/N -LRB-/- a/D result/N of/I some/D _OOV_/N crash/N studies/N -RRB-/- also/R increases/N market/N volatility/N ,/, since/I the/D more/J securities/N are/V held/V by/I market/N makers/N at/I any/D given/V time/N ,/, the/D more/J selling/V pressure/N is/V overhanging/N the/D market/N ./.
In/I an/D open/N electronic/N system/N ,/, any/D investor/N _OOV_/N to/T pay/V for/I _OOV_/N access/N to/T the/D trading/N _OOV_/N through/I a/D registered/N broker-dealer/N would/M be/V able/J to/T see/V the/D _OOV_/N _OOV_/N curve/N -LRB-/- buy/V and/C sell/V orders/N at/I each/D price/N -RRB-/- entered/N by/I dealers/N and/C investors/N alike/N ,/, and/C to/T enter/N and/C _OOV_/N orders/N ./.
_OOV_/N quotations/N would/M reflect/V the/D combined/N financial/J judgment/N of/I all/D market/N participants/N --/: not/R just/R those/D of/I intermediaries/N who/W become/V extremely/N _OOV_/N during/I times/N of/I crisis/N ./.
Investors/N and/C professionals/N alike/N would/M compete/N on/I the/D level/N playing/V field/N Congress/N sought/V and/C called/V a/D ``/` national/J market/N system/N ''/' -LRB-/- not/R yet/N achieved/N -RRB-/- almost/R 15/C years/N ago/I when/W it/P passed/V the/D Securities/N Reform/N Act/N of/I _OOV_/N ./.
Last/N Friday/N 's/P market/N _OOV_/N did/V not/R result/N in/I severe/N ``/` _OOV_/N ./. ''/'
_OOV_/N we/P smart/N or/C just/R lucky/N ?/.
I/P 'm/V not/R certain/J ./.
But/C I/P am/N sure/J we/P need/V to/T maximize/N our/P ``/` earthquake/N ''/' protection/N by/I making/V certain/J that/I our/P market/N _OOV_/N let/V investors/N add/V their/P _OOV_/N _OOV_/N power/N to/T our/P nation/N 's/P markets/N ./.
Mr./N _OOV_/N is/V chairman/N of/I his/P own/J consulting/N company/N in/I _OOV_/N ,/, N.J/N ./.
_OOV_/N _OOV_/N _OOV_/N _OOV_/N ,/, now/R you/P do/V n't/R ./.
The/D recession/N ,/, that/I is/V ./.
The/D economy/N 's/P _OOV_/N steps/N leave/V investors/N _OOV_/N whether/I things/N are/V slowing/N down/R or/C _OOV_/N up/R ./.
So/N often/R are/V government/N statistics/N revised/V that/I they/P seem/V to/T _OOV_/N a/D _OOV_/N weather/N _OOV_/N ./.
For/I the/D past/J seven/N years/N ,/, investors/N have/V had/V the/D wind/N at/I their/P _OOV_/N ,/, in/I the/D form/N of/I a/D generally/N growing/V economy/N ./.
Some/D may/M have/V forgotten/N --/: and/C some/D younger/N ones/N may/M never/R have/V experienced/N --/: what/W it/P 's/P like/I to/T invest/N during/I a/D recession/N ./.
_OOV_/N tactics/N are/V called/V for/I ,/, as/I losing/V money/N becomes/N easier/N and/C making/V money/N becomes/N tougher/N ./.
For/I those/D investors/N who/W believe/V --/: or/C fear/N --/: that/I 1990/C will/M be/V a/D recession/N year/N ,/, many/J economists/N and/C money/N managers/N agree/N on/I steps/N that/I can/M be/V taken/V to/T lower/J the/D risks/N in/I a/D portfolio/N ./.
In/I a/D _OOV_/N ,/, _OOV_/N _OOV_/N investors/N who/W expect/V a/D slowdown/N to/T hold/V fewer/N stocks/N than/I usual/N and/C to/T favor/N shares/N of/I big/J companies/N in/I ``/` defensive/N ''/' industries/N ./.
A/D heavy/J dose/N of/I cash/N is/V _OOV_/N ,/, along/N with/I a/D _OOV_/N _OOV_/N to/T bonds/N --/: _OOV_/N government/N bonds/N ./.
It/P 's/P _OOV_/N to/T think/V these/D defensive/N steps/N can/M be/V delayed/N until/I a/D recession/N is/V clearly/N at/I hand/N ./.
But/C that/I may/M not/R be/V possible/J ,/, because/I _OOV_/N often/R take/V investors/N by/I surprise/N ./.
``/` They/P always/R seem/V to/T come/V a/D bit/N later/R than/I you/P expect/V ./.
When/W they/P do/V hit/N ,/, they/P hit/N fast/N ,/, ''/' says/V David/N A./N _OOV_/N ,/, chief/N financial/J economist/N at/I the/D Data/N Resources/N division/N of/I McGraw-Hill/N Inc/N ./.
Though/N he/P himself/N does/V n't/R expect/V a/D recession/N soon/N ,/, Mr./N _OOV_/N advises/N people/N who/W do/V that/I ``/` the/D best/J thing/N to/T be/V in/I is/V long/J that/I is/V ,/, _OOV_/N to/T 30-year/N Treasury/N bonds/N ./. ''/'
The/D reason/N is/V simple/N ,/, Mr./N _OOV_/N says/V :/: ``/` Interest/N rates/N almost/R always/R decline/N during/I recession/N ./. ''/'
As/I surely/N as/I a/D _OOV_/N _OOV_/N ,/, falling/V interest/N rates/N force/N up/R the/D price/N of/I previously/N issued/V bonds/N ./.
They/P are/V worth/N more/J because/I they/P pay/V higher/J interest/N than/I newly/N issued/V bonds/N do/V ./.
That/D effect/N holds/V true/N for/I both/D short-term/N and/C long-term/N bonds/N ./.
But/C short-term/N bonds/N ca/M n't/R rise/N too/R much/J ,/, because/I everyone/N knows/V they/P will/M be/V redeemed/N at/I a/D _OOV_/N price/N fairly/N soon/N ./.
_OOV_/N bonds/N ,/, with/I many/J years/N left/V before/I maturity/N ,/, swing/N more/J widely/N in/I price/N ./.
But/C not/R just/R any/D bonds/N will/M do/V ./.
Corporate/N bonds/N ``/` are/V usually/N not/R a/D good/J _OOV_/N in/I a/D recession/N ,/, ''/' Mr./N _OOV_/N says/V ./.
As/I times/N get/V tougher/N ,/, investors/N _OOV_/N about/I whether/I companies/N will/M have/V enough/N money/N to/T pay/V their/P debts/N ./.
This/D _OOV_/N the/D price/N of/I corporate/J bonds/N ./.
Also/N ,/, he/P notes/N ,/, ``/` most/J corporate/J bonds/N are/V _OOV_/N ./. ''/'
That/D means/V that/I a/D corporation/N ,/, after/I a/D _OOV_/N amount/N of/I time/N has/V passed/V ,/, can/M buy/V back/R its/P bonds/N by/I paying/V investors/N the/D face/N value/N -LRB-/- plus/N ,/, in/I some/D cases/N ,/, a/D _OOV_/N -RRB-/- ./.
When/W interest/N rates/N have/V dropped/V ,/, it/P makes/V sense/N for/I corporations/N to/T do/V just/R that/I ;/: they/P then/R save/N on/I interest/N costs/N ./.
But/C the/D investors/N are/V left/V _OOV_/N with/I money/N to/T _OOV_/N at/I a/D time/N when/W interest/N rates/N are/V _OOV_/N ./.
If/I corporate/J bonds/N are/V bad/J in/I _OOV_/N ,/, junk/N bonds/N are/V likely/J to/T be/V the/D worst/N of/I all/D ./.
It/P 's/P an/D ``/` _OOV_/N necessity/N ''/' to/T get/V out/I of/I junk/N bonds/N when/W a/D recession/N is/V in/I the/D _OOV_/N ,/, says/V _OOV_/N _OOV_/N ,/, professor/N of/I finance/N at/I Cornell/N University/N ./.
``/` Such/N bonds/N are/V very/R sensitive/N to/T the/D downside/N ,/, and/C this/D could/M be/V a/D disaster/N ./. ''/'
Municipal/N bonds/N are/V generally/N a/D bit/N safer/N than/I corporate/J bonds/N in/I a/D recession/N ,/, but/C not/R as/I safe/N as/I bonds/N issued/V by/I the/D federal/J government/N ./.
During/N an/D economic/J slump/N ,/, local/J tax/N revenues/N often/R go/V down/R ,/, raising/V the/D risks/N associated/V with/I at/I least/J some/D _OOV_/N ./.
And/C ,/, like/I corporates/N ,/, many/J municipal/N bonds/N are/V _OOV_/N ./.
But/C a/D few/J experts/N ,/, going/V against/I the/D consensus/N ,/, do/V n't/R think/V bonds/N would/M help/V investors/N even/R if/I a/D recession/N is/V in/I the/D _OOV_/N ./.
One/C of/I these/D is/V Jeffrey/N L./N _OOV_/N ,/, director/N of/I research/N for/I _OOV_/N _OOV_/N &/C Co./N ,/, a/D brokerage/N house/N in/I Houston/N ,/, who/W _OOV_/N that/I ``/` we/P 're/V either/N in/I a/D recession/N or/C about/I to/T go/V into/I one/C ./. ''/'
What/N 's/P more/J ,/, he/P _OOV_/N this/D could/M be/V a/D _OOV_/N recession/N than/I usual/N :/: ``/` Once/N the/D downturn/N comes/V ,/, it/P 's/P going/V to/T be/V very/R hard/J to/T reverse/N ./. ''/'
Investors/N ,/, he/P advises/N ,/, ``/` should/M be/V cautious/N ,/, ''/' holding/N fewer/N stocks/N than/I usual/N and/C also/R _OOV_/N bonds/N ./.
Because/N he/P sees/V ``/` 5/C %/N to/T 6/N %/N base/N rate/N of/I inflation/N in/I the/D economy/N ,/, ''/' he/P doubts/N that/I interest/N rates/N will/M fall/N much/J any/D time/N soon/N ./.
Instead/N ,/, Mr./N _OOV_/N says/V ,/, investors/N ``/` probably/R should/M be/V carrying/N a/D very/R high/J level/N of/I cash/N ,/, ''/' by/I which/W he/P means/V such/J so-called/N cash/N _OOV_/N as/I _OOV_/N funds/N and/C Treasury/N bills/N ./.
_OOV_/N _OOV_/N ,/, president/N of/I _OOV_/N Financial/N Inc./N in/I _OOV_/N ,/, Pa./N ,/, also/R _OOV_/N that/I investors/N go/V heavily/N for/I cash/N ./.
He/P is/V n't/R sure/J a/D recession/N is/V coming/V ,/, but/C says/V the/D other/J likely/J alternative/N --/: _OOV_/N inflation/N --/: is/V just/R as/I bad/J ./.
``/` This/D late/J in/I an/D expansion/N ,/, ''/' the/D economy/N tends/N to/T _OOV_/N off/R either/N into/I damaging/N inflation/N or/C into/I a/D recession/N ,/, Mr./N _OOV_/N says/V ./.
The/D Federal/N Reserve/N Board/N 's/P plan/N for/I a/D ``/` soft/N landing/N ,/, ''/' he/P says/V ,/, requires/N the/D Fed/N to/T _OOV_/N ``/` an/D _OOV_/N corridor/N ./. ''/'
A/D soft/N landing/N is/V n't/R something/N that/I can/M be/V achieved/N once/R and/C for/I all/D ,/, Mr./N _OOV_/N adds/V ./.
It/P has/V to/T be/V engineered/N over/I and/C over/I again/N ,/, month/N after/I month/N ./.
He/P believes/V that/I the/D task/N facing/N Fed/N Chairman/N Alan/N Greenspan/N is/V so/R difficult/N that/I it/P resembles/N ``/` _OOV_/N a/D _OOV_/N _OOV_/N and/C a/D _OOV_/N saw/V ./. ''/'
And/C ,/, in/I a/D sense/N ,/, that/I 's/P the/D kind/N of/I task/N individuals/N face/N in/I _OOV_/N what/W to/T do/V about/I stocks/N --/: the/D mainstay/N of/I most/J serious/J investors/N '/P portfolios/N ./.
It/P comes/V down/R to/T a/D question/N of/I whether/I to/T try/V to/T ``/` time/N ''/' the/D market/N ./.
For/I people/N who/W can/M ride/N out/I market/N waves/N through/I good/J times/N and/C bad/J ,/, stocks/N have/V been/V _OOV_/N long-term/N investments/N ./.
Most/N studies/N show/N that/I _OOV_/N investors/N historically/N have/V earned/V an/D annual/J return/N from/I stocks/N of/I 9/C %/N to/T 10/C %/N ,/, including/V both/D dividends/N and/C price/N appreciation/N ./.
That/D 's/P well/R above/N what/W bonds/N or/C bank/N certificates/N have/V paid/V ./.
Moreover/N ,/, because/I no/D one/C knows/V for/I sure/J just/R when/W a/D recession/N is/V coming/V ,/, some/D analysts/N think/V investors/N should/M n't/R even/R worry/N too/R much/J about/I timing/N ./.
``/` _OOV_/N to/T time/N the/D economy/N is/V a/D mistake/N ,/, ''/' says/V David/N Katz/N ,/, chief/N investment/N officer/N of/I Value/N _OOV_/N Management/N Inc./N in/I New/N York/N ./.
Mr./N Katz/N notes/N that/I some/D economists/N have/V been/V predicting/N a/D recession/N for/I at/I least/J two/C years/N ./.
Investors/N who/W listened/N ,/, and/C _OOV_/N up/R on/I stocks/N ,/, ``/` have/V just/R hurt/V themselves/N ,/, ''/' he/P says/V ./.
Mr./N Katz/N adds/V that/I people/N who/W jump/N in/I and/C out/I of/I the/D stock/N market/N need/V to/T be/V right/N about/I 70/N %/N of/I the/D time/N to/T beat/N a/D _OOV_/N strategy/N ./.
_OOV_/N trading/N runs/V up/R high/J commission/N costs/N ./.
And/C the/D _OOV_/N might/N _OOV_/N the/D sudden/N _OOV_/N that/I account/N for/I much/J of/I the/D stock/N market/N 's/P gains/N over/I time/N ./.
Still/N ,/, few/J investors/N are/V able/J to/T sit/N _OOV_/N when/W they/P are/V convinced/N a/D recession/N is/V coming/V ./.
After/N all/D ,/, in/I all/D five/C _OOV_/N since/I _OOV_/N ,/, stocks/N declined/V ./.
According/V to/T _OOV_/N Davis/N ,/, president/N of/I _OOV_/N Davis/N Research/N Inc./N in/I _OOV_/N ,/, _OOV_/N ,/, the/D average/N drop/N in/I the/D Dow/N Jones/N Industrial/N Average/N was/V about/I 21/N %/N ,/, and/C the/D decrease/N began/V an/D average/N of/I six/C months/N before/I a/D recession/N officially/N started/V ./.
By/N the/D time/N a/D recession/N is/V ``/` official/N ''/' -LRB-/- two/C consecutive/N quarters/N of/I declining/V gross/N national/J product/N -RRB-/- ,/, much/J of/I the/D damage/N to/T stocks/N has/V already/R been/V _OOV_/N ,/, in/I the/D typical/N case/N ,/, the/D recession/N is/V already/R half/N over/I ./.
About/N six/C months/N before/I a/D recession/N ends/N ,/, stocks/N typically/N begin/V to/T rise/N again/N ,/, as/I investors/N anticipate/N a/D recovery/N ./.
The/D average/N recession/N _OOV_/N about/I a/D year/N ./.
Unfortunately/N ,/, though/I ,/, _OOV_/N vary/N enough/N in/I _OOV_/N so/R that/I the/D average/N ca/M n't/R _OOV_/N be/V used/V to/T guide/N investors/N in/I timing/N stock/N sales/N or/C purchases/N ./.
But/C whatever/N their/P advice/N about/I timing/N ,/, none/N of/I these/D experts/N _OOV_/N _OOV_/N stocks/N entirely/N during/I a/D recession/N ./.
For/I the/D portion/N of/I an/D investor/N 's/P portfolio/N that/I _OOV_/N in/I stocks/N ,/, professionals/N have/V a/D number/N of/I _OOV_/N ./.
Mr./N Katz/N _OOV_/N issues/N with/I low/N _OOV_/N ratios/N --/: that/I is/V ,/, low/N prices/N in/I relation/N to/T the/D company/N 's/P earnings/N per/N share/N ./.
``/` _OOV_/N _OOV_/N ''/' stocks/N ,/, he/P says/V ,/, _OOV_/N _OOV_/N others/N ``/` during/I a/D recession/N or/C bear/N market/N ./. ''/'
In/I good/J times/N ,/, he/P says/V ,/, they/P lag/N a/D bit/N ,/, but/C overall/N they/P provide/V superior/N performance/N ./.
_OOV_/N _OOV_/N _OOV_/N investors/N to/T discard/N stocks/N in/I small/J companies/N ./.
_OOV_/N shares/N typically/N fall/N more/J than/I _OOV_/N stocks/N in/I a/D recession/N ,/, he/P says/V ./.
And/C in/I any/D case/N ,/, he/P argues/N ,/, stocks/N of/I small/J companies/N are/V ``/` almost/R as/I overpriced/N as/I they/P were/V Sept./N 30/C ,/, 1987/C ,/, just/R before/I the/D crash/N ./. ''/'
For/I example/N ,/, Mr./N _OOV_/N says/V ,/, stocks/N of/I small/J companies/N are/V selling/V for/I about/I 19/N times/N cash/N flow/N ./.
_OOV_/N flow/N ,/, _OOV_/N earnings/N plus/N depreciation/N ,/, is/V one/C common/J _OOV_/N of/I a/D company/N 's/P financial/J health/N ./. -RRB-/-
That/D ratio/N is/V _OOV_/N close/V to/T the/D ratio/N of/I _OOV_/N that/I prevailed/N before/I the/D 1987/C _OOV_/N crash/N ,/, Mr./N _OOV_/N says/V ./.
And/C it/P 's/P way/N above/N the/D ratio/N -LRB-/- _OOV_/N times/N cash/N flow/N -RRB-/- that/I bigger/N companies/N are/V selling/V for/I ./.
Another/N major/J _OOV_/N in/I making/V a/D portfolio/N _OOV_/N is/V choosing/N stocks/N in/I ``/` defensive/N ''/' industries/N ./.
Food/N ,/, _OOV_/N ,/, drugs/N and/C utilities/N are/V the/D classic/N examples/N ./.
Recession/N or/C not/R ,/, people/N still/R eat/N ,/, smoke/N ,/, and/C take/V medicine/N when/W they/P 're/V sick/N ./.
George/N _OOV_/N III/N ,/, editor/N of/I _OOV_/N _OOV_/N in/I Boston/N ,/, offers/N one/C final/N tip/N for/I _OOV_/N investors/N ./.
``/` _OOV_/N some/D money/N available/J for/I opportunities/N ,/, ''/' he/P says/V ./.
``/` If/I the/D recession/N does/V hit/N ,/, there/E will/M be/V some/D great/J investment/N opportunities/N just/R when/W things/N seem/V the/D _OOV_/N ./. ''/'
Mr./N Dorfman/N _OOV_/N investing/N issues/N from/I The/D Wall/N Street/N Journal/N 's/P New/N York/N bureau/N ./.
Some/D industry/N groups/N consistently/N weather/N the/D storm/N better/J than/I others/N ./.
The/D following/V shows/N the/D number/N of/I times/N these/D industries/N outperformed/N the/D Standard/N &/C Poor/N 's/P _OOV_/N Index/N during/I the/D first/J six/C months/N of/I the/D past/J seven/N _OOV_/N ./.
Bond/N prices/N posted/V strong/J gains/N as/I investors/N went/V on/I a/D bargain/N _OOV_/N ./.
But/C while/I the/D overall/N market/N improved/V ,/, the/D _OOV_/N junk-bond/N market/N continued/V to/T count/N _OOV_/N ,/, even/R as/I junk-bond/N prices/N rose/V ./.
Yesterday/N ,/, Prudential-Bache/N Securities/N Inc./N said/V it/P _OOV_/N a/D $/$ _OOV_/N million/C senior/J subordinated/N _OOV_/N offering/N by/I York/N International/N Corp/N ./.
And/C Donaldson/N ,/, Lufkin/N &/C Jenrette/N Securities/N Corp./N _OOV_/N to/T restructure/N and/C improve/V the/D potential/N returns/N on/I a/D $/$ _OOV_/N million/C _OOV_/N offering/N by/I Chicago/N &/C North/N Western/N Acquisition/N Corp./N that/I was/V still/R being/V negotiated/N late/J last/J night/N ./.
The/D issue/N by/I Chicago/N &/C North/N Western/N is/V one/C of/I the/D so-called/N good/J junk-bond/N offerings/N on/I the/D _OOV_/N _OOV_/N ./.
Some/D analysts/N said/V the/D restructuring/N of/I the/D railroad/N concern/N 's/P issue/N shows/N how/W tough/N it/P is/V for/I underwriters/N to/T sell/V even/R the/D junk/N bonds/N of/I a/D company/N considered/V to/T be/V a/D relatively/N good/J credit/N risk/N ./.
Since/N last/J week/N 's/P junk-bond/N market/N _OOV_/N ,/, many/J new/J issues/N of/I high-yield/N ,/, high-risk/N corporate/J bonds/N have/V either/N been/V scaled/N back/R ,/, delayed/N or/C dropped/V ./.
On/I Wednesday/N ,/, Drexel/N Burnham/N Lambert/N Inc./N had/V to/T _OOV_/N the/D size/N of/I Continental/N Airlines/N '/P junk-bond/N offering/N to/T $/$ 71/N million/C from/I $/$ 150/N million/C ./.
Salomon/N Brothers/N Inc./N has/V delayed/N Grand/N Union/N Co./N 's/P $/$ _OOV_/N billion/C junk-bond/N offering/N while/I it/P _OOV_/N the/D transaction/N ./.
Last/N week/N ,/, the/D Grand/N Union/N offering/N was/V sweetened/N to/T include/V warrants/N that/I allow/V _OOV_/N to/T acquire/V common/J stock/N ./.
Prudential-Bache/N said/V the/D York/N issue/N was/V delayed/N because/I of/I market/N conditions/N ./.
``/` _OOV_/N is/V going/V through/I _OOV_/N right/N now/R ,/, and/C -LCB-/N Chicago/N &/C North/N Western/N -RCB-/N is/V no/D _OOV_/N ,/, ''/' said/V _OOV_/N _OOV_/N ,/, vice/N president/N ,/, high-yield/N research/N ,/, at/I _OOV_/N ./.
_OOV_/N managers/N say/V _OOV_/N like/I equity/N _OOV_/N and/C _OOV_/N _OOV_/N _OOV_/N may/M increasingly/N be/V required/V to/T sell/V junk-bond/N deals/N ./.
Dan/N _OOV_/N ,/, managing/N director/N of/I high-yield/N investments/N at/I Chancellor/N Capital/N Management/N ,/, said/V the/D Chicago/N &/C North/N Western/N offering/N was/V restructured/N in/I part/N because/I ``/` several/J large/J insurance/N buyers/N right/N now/R are/V demanding/N equity/N as/I part/N of/I the/D package/N ./.
If/I you/P 're/V going/V to/T take/V the/D risk/N in/I this/D market/N ,/, you/P want/V something/N extra/N ./. ''/'
Mr./N _OOV_/N likes/N the/D offering/N ./.
But/C several/J mutual-fund/N managers/N ,/, nervous/N about/I the/D deteriorating/N quality/N of/I their/P junk-bond/N portfolios/N and/C _OOV_/N about/I buying/V new/J issues/N ,/, said/V they/P 're/V staying/N away/N from/I any/D junk/N security/N that/I is/V n't/R considered/V first/J rate/N for/I its/P class/N ./.
While/I they/P consider/V the/D Chicago/N &/C North/N Western/N issue/N to/T be/V good/J ,/, they/P do/V n't/R view/N it/P as/I the/D best/J ./.
To/N lure/N buyers/N to/T the/D Chicago/N &/C North/N Western/N bonds/N ,/, portfolio/N managers/N said/V Donaldson/N Lufkin/N sweetened/N the/D transaction/N by/I offering/N the/D bonds/N with/I a/D _OOV_/N interest/N rate/N and/C a/D 10/C %/N equity/N _OOV_/N ./.
The/D bonds/N are/V expected/V to/T have/V a/D 14/C %/N coupon/N rate/N ./.
The/D equity/N arrangement/N apparently/N would/M allow/V _OOV_/N to/T buy/V a/D total/N of/I 10/C %/N of/I the/D stock/N of/I _OOV_/N Corp./N ,/, Chicago/N &/C North/N Western/N 's/P parent/N company/N ./.
Donaldson/N Lufkin/N declined/V to/T comment/V on/I the/D restructuring/N ./.
According/V to/T some/D analysts/N familiar/N with/I the/D negotiations/N ,/, the/D 10/C %/N of/I equity/N would/M come/V directly/R from/I Donaldson/N Lufkin/N and/C a/D fund/N _OOV_/N with/I the/D investment/N bank/N _OOV_/N Group/N ,/, which/W would/M reduce/V their/P _OOV_/N equity/N holdings/N by/I 5/C %/N each/D ./.
That/D would/M leave/V the/D _OOV_/N fund/N with/I a/D 60/C %/N stake/N and/C Donaldson/N Lufkin/N with/I 15/C %/N ./.
Despite/N the/D problems/N with/I new/J issues/N ,/, high-yield/N bonds/N showed/V gains/N in/I the/D secondary/N ,/, or/C _OOV_/N ,/, market/N ./.
_OOV_/N bonds/N ended/V about/I one-half/N point/N higher/J with/I so-called/N high-quality/N issues/N from/I RJR/N Capital/N Holdings/N Corp./N and/C _OOV_/N Gas/N Service/N Limited/N _OOV_/N rising/N one/C point/N ./.
In/I the/D Treasury/N market/N ,/, the/D benchmark/N 30-year/N bond/N rose/V _OOV_/N point/N ,/, or/C $/$ 8.75/N for/I each/D $/$ 1,000/N face/N amount/N ./.
The/D gain/N reflects/V fresh/N economic/J evidence/N that/I inflation/N is/V _OOV_/N while/I the/D economy/N _OOV_/N ./.
That/D raised/V hopes/N that/I interest/N rates/N will/M continue/V to/T move/N lower/J ./.
The/D Labor/N Department/N reported/V that/I consumer/N prices/N rose/V just/R 0.2/N %/N last/J month/N ,/, slightly/N lower/J than/I some/D economists/N had/V expected/V ./.
But/C there/E were/V also/R rumors/N yesterday/N that/I several/J Japanese/J institutional/N investors/N were/V shifting/N their/P portfolios/N and/C buying/V long-term/N bonds/N while/I selling/V _OOV_/N Treasurys/N ./.
Short-term/N Treasury/N securities/N ended/V narrowly/N mixed/N ,/, with/I two-year/N notes/N _OOV_/N slight/N declines/N while/I _OOV_/N notes/N were/V slightly/N higher/J ./.
Yesterday/N ,/, the/D Fed/N executed/N four-day/N matched/N sales/N ,/, a/D technical/N trading/N operation/N designed/V to/T drain/N reserves/N from/I the/D banking/N system/N ./.
The/D move/N was/V interpreted/N by/I some/D economists/N as/I a/D sign/N that/I the/D Fed/N does/V n't/R want/V the/D federal/J funds/N rate/N to/T move/N any/D lower/J than/I the/D 8/C %/N at/I which/W it/P has/V been/V _OOV_/N around/I during/I the/D past/J week/N ./.
The/D closely/N watched/N funds/N rate/N is/V what/W banks/N charge/N each/D other/J on/I overnight/N loans/N ./.
It/P is/V considered/V an/D early/J _OOV_/N of/I Fed/N credit/N policy/N changes/N ./.
``/` The/D fact/N that/I they/P did/V four-day/N matched/N sales/N means/V they/P are/V not/R in/I a/D mood/N to/T ease/N aggressively/N ./.
They/P are/V telling/N us/P that/I -LCB-/N 8/C %/N -RCB-/N is/V as/I low/N as/I they/P want/V to/T see/V the/D fed/N funds/N rate/N ,/, ''/' said/V Robert/N _OOV_/N at/I _OOV_/N Bank/N PLC/N ./.
The/D benchmark/N 30-year/N bond/N was/V quoted/V late/J at/I a/D price/N of/I 101/N to/T yield/V _OOV_/N %/N ,/, compared/V with/I 100/C to/T yield/V _OOV_/N %/N Wednesday/N ./.
The/D latest/J 10-year/N notes/N were/V quoted/V late/J at/I 100/C to/T yield/V _OOV_/N %/N ,/, compared/V with/I 99/N to/T yield/V _OOV_/N %/N ./.
Short-term/N rates/N rose/V yesterday/N ./.
The/D discount/N rate/N on/I three-month/N Treasury/N bills/N rose/V to/T _OOV_/N %/N from/I _OOV_/N %/N Wednesday/N ,/, while/I the/D rate/N on/I six-month/N bills/N rose/V to/T _OOV_/N %/N from/I _OOV_/N %/N ./.
Meanwhile/N ,/, the/D Treasury/N sold/V $/$ _OOV_/N billion/C of/I _OOV_/N bills/N yesterday/N ./.
The/D average/N yield/V on/I the/D bills/N was/V _OOV_/N %/N ,/, down/R from/I _OOV_/N %/N at/I the/D previous/J _OOV_/N bill/N auction/N Sept./N 21/N ./.
Yesterday/N 's/P yield/V was/V the/D lowest/N since/I _OOV_/N %/N on/I July/N 27/N ./.
Here/N are/V details/N of/I the/D auction/N :/:
Rates/N are/V determined/V by/I the/D difference/N between/I the/D purchase/N price/N and/C face/N value/N ./.
Thus/N ,/, higher/J bidding/N narrows/N the/D investor/N 's/P return/N while/I lower/J bidding/N widens/N it/P ./.
The/D percentage/N rates/N are/V calculated/N on/I a/D 360-day/N year/N ,/, while/I the/D coupon-equivalent/N yield/V is/V based/V on/I a/D 365-day/N year/N ./.
_OOV_/N bond/N price/N climbed/V yesterday/N despite/N skittishness/N in/I the/D _OOV_/N market/N for/I high-yield/N securities/N ./.
Dealers/N said/V junk/N bond/N issues/N on/I average/N were/V up/R by/I to/T point/N with/I so-called/N quality/N issues/N from/I RJR/N Capital/N Holdings/N Corp./N and/C _OOV_/N Gas/N Service/N Limited/N _OOV_/N _OOV_/N _OOV_/N gains/N ./.
_OOV_/N Gas/N Service/N 's/P 13/C %/N debentures/N traded/V at/I 102/N ,/, after/I trading/N around/I par/N earlier/R this/D week/N ,/, and/C RJR/N 's/P 13/C %/N subordinated/N debentures/N of/I 2001/N were/V at/I 101/N after/I trading/N at/I below/N par/N earlier/R this/D week/N ./.
Investment-grade/N bonds/N were/V unchanged/N ./.
Activity/N was/V brisk/N in/I the/D _OOV_/N general/J _OOV_/N market/N ,/, as/I a/D series/N of/I sell/V lists/N hit/N the/D Street/N and/C capped/N upward/N price/N movement/N in/I the/D sector/N ./.
Traders/N estimated/V that/I more/J than/I $/$ 140/N million/C of/I _OOV_/N bonds/N was/V put/V up/R for/I sale/N via/I _OOV_/N lists/N _OOV_/N by/I a/D handful/N of/I major/J brokers/N ./.
There/E was/V speculation/N that/I the/D supply/N was/V coming/V from/I a/D commercial/N bank/N 's/P portfolios/N ./.
According/V to/T market/N participants/N ,/, the/D bonds/N were/V met/V with/I decent/N bids/N ,/, but/C the/D volume/N of/I paper/N left/V high/J _OOV_/N in/I the/D 10-year/N and/C under/I maturity/N range/N unchanged/N to/T _OOV_/N percentage/N point/N higher/J in/I yield/V ./.
_OOV_/N from/I the/D general/J _OOV_/N sector/N ,/, activity/N was/V modest/N ./.
Long/N dollar/N bonds/N were/V flat/N to/T up/R point/N ./.
New/N Jersey/N _OOV_/N Authority/N 's/P 7.20/N %/N issue/N of/I _OOV_/N was/V up/R at/I 98/N bid/N to/T yield/V about/I 7.32/N %/N ,/, down/R _OOV_/N percentage/N point/N ./.
The/D debt/N of/I some/D California/N issuers/N pulled/N off/R lows/N reached/V after/I Tuesday/N 's/P massive/N earthquake/N ,/, although/N traders/N said/V market/N participants/N remained/N cautious/N ./.
California/N expects/V to/T _OOV_/N on/I federal/J emergency/N funds/N and/C its/P $/$ _OOV_/N billion/C in/I general/J fund/N reserves/N to/T meet/V the/D estimated/V $/$ 500/N million/C to/T $/$ 1/C billion/C in/I damages/N resulting/N from/I the/D quake/N ,/, according/V to/T a/D state/N official/N ./.
It/P 's/P also/R unclear/N _OOV_/N how/W the/D state/N will/M _OOV_/N its/P reserve/N ,/, said/V _OOV_/N Katz/N ,/, assistant/N director/N of/I California/N 's/P department/N of/I finance/N ,/, although/N she/P noted/V that/I a/D bond/N offering/N for/I that/I purpose/N is/V n't/R anticipated/N ./.
Meanwhile/N ,/, new/J issuance/N was/V slow/N ./.
The/D largest/J sale/N in/I the/D competitive/N _OOV_/N was/V a/D $/$ _OOV_/N million/C issue/N of/I school/N financing/N bonds/N from/I the/D _OOV_/N Public/N School/N Authority/N ./.
A/D balance/N of/I $/$ _OOV_/N million/C remained/N in/I late/J _OOV_/N ,/, according/V to/T the/D lead/N manager/N ./.
Mortgage/N securities/N generally/N ended/V to/T point/N higher/J ,/, but/C _OOV_/N gains/N in/I the/D Treasury/N market/N because/I of/I a/D shift/N in/I the/D shape/N of/I the/D Treasury/N yield/V curve/N and/C rumored/N mortgage/N sales/N by/I thrifts/N ./.
_OOV_/N Government/N National/N Mortgage/N Association/N securities/N with/I coupon/N rates/N of/I 13/C %/N and/C higher/J actually/N declined/V amid/N concerns/N about/I increased/V prepayments/N because/I of/I a/D plan/N being/V considered/V by/I Congress/N to/T speed/N the/D _OOV_/N of/I _OOV_/N mortgages/N ./.
Ginnie/N Mae/N 13/C %/N securities/N were/V down/R about/I at/I _OOV_/N ./.
If/I the/D _OOV_/N plan/N _OOV_/N Congress/N ,/, there/E could/M be/V fairly/N heavy/J prepayments/N on/I the/D premium/N securities/N ,/, hurting/N any/D investor/N paying/V much/J above/N par/N for/I them/P ./.
In/I the/D _OOV_/N sector/N ,/, a/D shift/N in/I the/D Treasury/N yield/V curve/N resulting/N from/I the/D better/J performance/N of/I _OOV_/N issues/N over/I _OOV_/N securities/N hurt/V major/J _OOV_/N because/I it/P will/M become/V more/J difficult/N to/T structure/N new/J derivative/N securities/N offerings/N ./.
Ginnie/N Mae/N 9/C %/N securities/N ended/V at/I 98/N ,/, up/R 9/C ,/, 9/C %/N
%/N to/T a/D 12-year/N average/N life/N assumption/N ,/, as/I the/D spread/N above/N the/D Treasury/N 10-year/N note/N widened/N _OOV_/N percentage/N point/N to/T _OOV_/N ./.
While/I Remic/N issuance/N may/M slow/N in/I the/D coming/V days/N because/I of/I the/D shift/N in/I the/D Treasury/N yield/V curve/N ,/, underwriters/N continued/V to/T _OOV_/N out/I new/J real/J estate/N mortgage/N investment/N conduits/N structured/N when/W the/D yield/V curve/N was/V more/J favorable/N ./.
Two/N new/J _OOV_/N _OOV_/N $/$ 900/N million/C were/V announced/V by/I Freddie/N Mac/N yesterday/N ./.
British/J government/N bonds/N ended/V little/J changed/V as/I investors/N awaited/N an/D economic/J policy/N address/N last/J night/N by/I Chancellor/N of/I the/D _OOV_/N Nigel/N _OOV_/N ./.
The/D Treasury/N 11/C %/N bond/N due/J was/V down/R at/I 111/N to/T yield/V _OOV_/N %/N ,/, while/I the/D 11/C %/N notes/N due/J 1991/N were/V unchanged/N at/I 98/N to/T yield/V _OOV_/N %/N ./.
In/I Japan/N ,/, the/D bellwether/N No./N 111/N 4.6/N %/N bond/N of/I 1998/N ended/V off/R _OOV_/N at/I _OOV_/N ,/, to/T yield/V _OOV_/N %/N ,/, and/C in/I West/N Germany/N ,/, the/D 7/C %/N benchmark/N issue/N due/J October/N 1999/N ended/V _OOV_/N point/N lower/J at/I _OOV_/N to/T yield/V _OOV_/N %/N ./.
